timestamp_unix,timestamp_iso,participant_full_id,activity_class,missing_value_reason
1712707200000,2024-04-10T00:00:00Z,288-1-1-116,walking,
1712707260000,2024-04-10T00:01:00Z,288-1-1-116,walking,
1712707320000,2024-04-10T00:02:00Z,288-1-1-116,walking,
1712707380000,2024-04-10T00:03:00Z,288-1-1-116,walking,
1712707440000,2024-04-10T00:04:00Z,288-1-1-116,walking,
1712707500000,2024-04-10T00:05:00Z,288-1-1-116,walking,
1712707560000,2024-04-10T00:06:00Z,288-1-1-116,walking,
1712707620000,2024-04-10T00:07:00Z,288-1-1-116,,device_not_recording
1712707680000,2024-04-10T00:08:00Z,288-1-1-116,,device_not_recording
1712707740000,2024-04-10T00:09:00Z,288-1-1-116,walking,
1712707800000,2024-04-10T00:10:00Z,288-1-1-116,walking,
1712707860000,2024-04-10T00:11:00Z,288-1-1-116,walking,
1712707920000,2024-04-10T00:12:00Z,288-1-1-116,walking,
1712707980000,2024-04-10T00:13:00Z,288-1-1-116,generic,
1712708040000,2024-04-10T00:14:00Z,288-1-1-116,generic,
1712708100000,2024-04-10T00:15:00Z,288-1-1-116,generic,
1712708160000,2024-04-10T00:16:00Z,288-1-1-116,generic,
1712708220000,2024-04-10T00:17:00Z,288-1-1-116,generic,
1712708280000,2024-04-10T00:18:00Z,288-1-1-116,,device_not_recording
1712708340000,2024-04-10T00:19:00Z,288-1-1-116,generic,
1712708400000,2024-04-10T00:20:00Z,288-1-1-116,generic,
1712708460000,2024-04-10T00:21:00Z,288-1-1-116,generic,
1712708520000,2024-04-10T00:22:00Z,288-1-1-116,generic,
1712708580000,2024-04-10T00:23:00Z,288-1-1-116,generic,
1712708640000,2024-04-10T00:24:00Z,288-1-1-116,,device_not_recording
1712708700000,2024-04-10T00:25:00Z,288-1-1-116,generic,
1712708760000,2024-04-10T00:26:00Z,288-1-1-116,generic,
1712708820000,2024-04-10T00:27:00Z,288-1-1-116,generic,
1712708880000,2024-04-10T00:28:00Z,288-1-1-116,generic,
1712708940000,2024-04-10T00:29:00Z,288-1-1-116,generic,
1712709000000,2024-04-10T00:30:00Z,288-1-1-116,generic,
1712709060000,2024-04-10T00:31:00Z,288-1-1-116,generic,
1712709120000,2024-04-10T00:32:00Z,288-1-1-116,generic,
1712709180000,2024-04-10T00:33:00Z,288-1-1-116,generic,
1712709240000,2024-04-10T00:34:00Z,288-1-1-116,generic,
1712709300000,2024-04-10T00:35:00Z,288-1-1-116,generic,
1712709360000,2024-04-10T00:36:00Z,288-1-1-116,generic,
1712709420000,2024-04-10T00:37:00Z,288-1-1-116,,device_not_recording
1712709480000,2024-04-10T00:38:00Z,288-1-1-116,generic,
1712709540000,2024-04-10T00:39:00Z,288-1-1-116,generic,
1712709600000,2024-04-10T00:40:00Z,288-1-1-116,generic,
1712709660000,2024-04-10T00:41:00Z,288-1-1-116,generic,
1712709720000,2024-04-10T00:42:00Z,288-1-1-116,,device_not_recording
1712709780000,2024-04-10T00:43:00Z,288-1-1-116,generic,
1712709840000,2024-04-10T00:44:00Z,288-1-1-116,generic,
1712709900000,2024-04-10T00:45:00Z,288-1-1-116,generic,
1712709960000,2024-04-10T00:46:00Z,288-1-1-116,generic,
1712710020000,2024-04-10T00:47:00Z,288-1-1-116,generic,
1712710080000,2024-04-10T00:48:00Z,288-1-1-116,generic,
1712710140000,2024-04-10T00:49:00Z,288-1-1-116,generic,
1712710200000,2024-04-10T00:50:00Z,288-1-1-116,generic,
1712710260000,2024-04-10T00:51:00Z,288-1-1-116,generic,
1712710320000,2024-04-10T00:52:00Z,288-1-1-116,generic,
1712710380000,2024-04-10T00:53:00Z,288-1-1-116,generic,
1712710440000,2024-04-10T00:54:00Z,288-1-1-116,generic,
1712710500000,2024-04-10T00:55:00Z,288-1-1-116,generic,
1712710560000,2024-04-10T00:56:00Z,288-1-1-116,generic,
1712710620000,2024-04-10T00:57:00Z,288-1-1-116,generic,
1712710680000,2024-04-10T00:58:00Z,288-1-1-116,generic,
1712710740000,2024-04-10T00:59:00Z,288-1-1-116,generic,
1712710800000,2024-04-10T01:00:00Z,288-1-1-116,,device_not_recording
1712710860000,2024-04-10T01:01:00Z,288-1-1-116,generic,
1712710920000,2024-04-10T01:02:00Z,288-1-1-116,generic,
1712710980000,2024-04-10T01:03:00Z,288-1-1-116,generic,
1712711040000,2024-04-10T01:04:00Z,288-1-1-116,generic,
1712711100000,2024-04-10T01:05:00Z,288-1-1-116,generic,
1712711160000,2024-04-10T01:06:00Z,288-1-1-116,generic,
1712711220000,2024-04-10T01:07:00Z,288-1-1-116,generic,
1712711280000,2024-04-10T01:08:00Z,288-1-1-116,generic,
1712711340000,2024-04-10T01:09:00Z,288-1-1-116,generic,
1712711400000,2024-04-10T01:10:00Z,288-1-1-116,generic,
1712711460000,2024-04-10T01:11:00Z,288-1-1-116,generic,
1712711520000,2024-04-10T01:12:00Z,288-1-1-116,generic,
1712711580000,2024-04-10T01:13:00Z,288-1-1-116,generic,
1712711640000,2024-04-10T01:14:00Z,288-1-1-116,generic,
1712711700000,2024-04-10T01:15:00Z,288-1-1-116,generic,
1712711760000,2024-04-10T01:16:00Z,288-1-1-116,generic,
1712711820000,2024-04-10T01:17:00Z,288-1-1-116,generic,
1712711880000,2024-04-10T01:18:00Z,288-1-1-116,generic,
1712711940000,2024-04-10T01:19:00Z,288-1-1-116,generic,
1712712000000,2024-04-10T01:20:00Z,288-1-1-116,generic,
1712712060000,2024-04-10T01:21:00Z,288-1-1-116,generic,
1712712120000,2024-04-10T01:22:00Z,288-1-1-116,generic,
1712712180000,2024-04-10T01:23:00Z,288-1-1-116,generic,
1712712240000,2024-04-10T01:24:00Z,288-1-1-116,generic,
1712712300000,2024-04-10T01:25:00Z,288-1-1-116,still,
1712712360000,2024-04-10T01:26:00Z,288-1-1-116,generic,
1712712420000,2024-04-10T01:27:00Z,288-1-1-116,still,
1712712480000,2024-04-10T01:28:00Z,288-1-1-116,still,
1712712540000,2024-04-10T01:29:00Z,288-1-1-116,generic,
1712712600000,2024-04-10T01:30:00Z,288-1-1-116,still,
1712712660000,2024-04-10T01:31:00Z,288-1-1-116,still,
1712712720000,2024-04-10T01:32:00Z,288-1-1-116,still,
1712712780000,2024-04-10T01:33:00Z,288-1-1-116,generic,
1712712840000,2024-04-10T01:34:00Z,288-1-1-116,still,
1712712900000,2024-04-10T01:35:00Z,288-1-1-116,still,
1712712960000,2024-04-10T01:36:00Z,288-1-1-116,still,
1712713020000,2024-04-10T01:37:00Z,288-1-1-116,generic,
1712713080000,2024-04-10T01:38:00Z,288-1-1-116,still,
1712713140000,2024-04-10T01:39:00Z,288-1-1-116,still,
1712713200000,2024-04-10T01:40:00Z,288-1-1-116,still,
1712713260000,2024-04-10T01:41:00Z,288-1-1-116,,device_not_recording
1712713320000,2024-04-10T01:42:00Z,288-1-1-116,still,
1712713380000,2024-04-10T01:43:00Z,288-1-1-116,still,
1712713440000,2024-04-10T01:44:00Z,288-1-1-116,still,
1712713500000,2024-04-10T01:45:00Z,288-1-1-116,generic,
1712713560000,2024-04-10T01:46:00Z,288-1-1-116,still,
1712713620000,2024-04-10T01:47:00Z,288-1-1-116,still,
1712713680000,2024-04-10T01:48:00Z,288-1-1-116,still,
1712713740000,2024-04-10T01:49:00Z,288-1-1-116,still,
1712713800000,2024-04-10T01:50:00Z,288-1-1-116,generic,
1712713860000,2024-04-10T01:51:00Z,288-1-1-116,generic,
1712713920000,2024-04-10T01:52:00Z,288-1-1-116,generic,
1712713980000,2024-04-10T01:53:00Z,288-1-1-116,still,
1712714040000,2024-04-10T01:54:00Z,288-1-1-116,still,
1712714100000,2024-04-10T01:55:00Z,288-1-1-116,generic,
1712714160000,2024-04-10T01:56:00Z,288-1-1-116,generic,
1712714220000,2024-04-10T01:57:00Z,288-1-1-116,generic,
1712714280000,2024-04-10T01:58:00Z,288-1-1-116,still,
1712714340000,2024-04-10T01:59:00Z,288-1-1-116,,device_not_recording
1712714400000,2024-04-10T02:00:00Z,288-1-1-116,walking,
1712714460000,2024-04-10T02:01:00Z,288-1-1-116,generic,
1712714520000,2024-04-10T02:02:00Z,288-1-1-116,still,
1712714580000,2024-04-10T02:03:00Z,288-1-1-116,still,
1712714640000,2024-04-10T02:04:00Z,288-1-1-116,still,
1712714700000,2024-04-10T02:05:00Z,288-1-1-116,still,
1712714760000,2024-04-10T02:06:00Z,288-1-1-116,still,
1712714820000,2024-04-10T02:07:00Z,288-1-1-116,still,
1712714880000,2024-04-10T02:08:00Z,288-1-1-116,still,
1712714940000,2024-04-10T02:09:00Z,288-1-1-116,still,
1712715000000,2024-04-10T02:10:00Z,288-1-1-116,still,
1712715060000,2024-04-10T02:11:00Z,288-1-1-116,generic,
1712715120000,2024-04-10T02:12:00Z,288-1-1-116,,device_not_recording
1712715180000,2024-04-10T02:13:00Z,288-1-1-116,still,
1712715240000,2024-04-10T02:14:00Z,288-1-1-116,still,
1712715300000,2024-04-10T02:15:00Z,288-1-1-116,still,
1712715360000,2024-04-10T02:16:00Z,288-1-1-116,generic,
1712715420000,2024-04-10T02:17:00Z,288-1-1-116,still,
1712715480000,2024-04-10T02:18:00Z,288-1-1-116,generic,
1712715540000,2024-04-10T02:19:00Z,288-1-1-116,,device_not_recording
1712715600000,2024-04-10T02:20:00Z,288-1-1-116,still,
1712715660000,2024-04-10T02:21:00Z,288-1-1-116,still,
1712715720000,2024-04-10T02:22:00Z,288-1-1-116,still,
1712715780000,2024-04-10T02:23:00Z,288-1-1-116,still,
1712715840000,2024-04-10T02:24:00Z,288-1-1-116,still,
1712715900000,2024-04-10T02:25:00Z,288-1-1-116,still,
1712715960000,2024-04-10T02:26:00Z,288-1-1-116,still,
1712716020000,2024-04-10T02:27:00Z,288-1-1-116,still,
1712716080000,2024-04-10T02:28:00Z,288-1-1-116,generic,
1712716140000,2024-04-10T02:29:00Z,288-1-1-116,still,
1712716200000,2024-04-10T02:30:00Z,288-1-1-116,generic,
1712716260000,2024-04-10T02:31:00Z,288-1-1-116,,device_not_recording
1712716320000,2024-04-10T02:32:00Z,288-1-1-116,generic,
1712716380000,2024-04-10T02:33:00Z,288-1-1-116,still,
1712716440000,2024-04-10T02:34:00Z,288-1-1-116,still,
1712716500000,2024-04-10T02:35:00Z,288-1-1-116,generic,
1712716560000,2024-04-10T02:36:00Z,288-1-1-116,generic,
1712716620000,2024-04-10T02:37:00Z,288-1-1-116,still,
1712716680000,2024-04-10T02:38:00Z,288-1-1-116,generic,
1712716740000,2024-04-10T02:39:00Z,288-1-1-116,generic,
1712716800000,2024-04-10T02:40:00Z,288-1-1-116,generic,
1712716860000,2024-04-10T02:41:00Z,288-1-1-116,still,
1712716920000,2024-04-10T02:42:00Z,288-1-1-116,still,
1712716980000,2024-04-10T02:43:00Z,288-1-1-116,still,
1712717040000,2024-04-10T02:44:00Z,288-1-1-116,still,
1712717100000,2024-04-10T02:45:00Z,288-1-1-116,still,
1712717160000,2024-04-10T02:46:00Z,288-1-1-116,generic,
1712717220000,2024-04-10T02:47:00Z,288-1-1-116,still,
1712717280000,2024-04-10T02:48:00Z,288-1-1-116,still,
1712717340000,2024-04-10T02:49:00Z,288-1-1-116,still,
1712717400000,2024-04-10T02:50:00Z,288-1-1-116,generic,
1712717460000,2024-04-10T02:51:00Z,288-1-1-116,generic,
1712717520000,2024-04-10T02:52:00Z,288-1-1-116,still,
1712717580000,2024-04-10T02:53:00Z,288-1-1-116,still,
1712717640000,2024-04-10T02:54:00Z,288-1-1-116,generic,
1712717700000,2024-04-10T02:55:00Z,288-1-1-116,,device_not_recording
1712717760000,2024-04-10T02:56:00Z,288-1-1-116,still,
1712717820000,2024-04-10T02:57:00Z,288-1-1-116,generic,
1712717880000,2024-04-10T02:58:00Z,288-1-1-116,still,
1712717940000,2024-04-10T02:59:00Z,288-1-1-116,generic,
1712718000000,2024-04-10T03:00:00Z,288-1-1-116,still,
1712718060000,2024-04-10T03:01:00Z,288-1-1-116,,device_not_recording
1712718120000,2024-04-10T03:02:00Z,288-1-1-116,still,
1712718180000,2024-04-10T03:03:00Z,288-1-1-116,generic,
1712718240000,2024-04-10T03:04:00Z,288-1-1-116,still,
1712718300000,2024-04-10T03:05:00Z,288-1-1-116,still,
1712718360000,2024-04-10T03:06:00Z,288-1-1-116,still,
1712718420000,2024-04-10T03:07:00Z,288-1-1-116,still,
1712718480000,2024-04-10T03:08:00Z,288-1-1-116,still,
1712718540000,2024-04-10T03:09:00Z,288-1-1-116,,device_not_recording
1712718600000,2024-04-10T03:10:00Z,288-1-1-116,still,
1712718660000,2024-04-10T03:11:00Z,288-1-1-116,generic,
1712718720000,2024-04-10T03:12:00Z,288-1-1-116,still,
1712718780000,2024-04-10T03:13:00Z,288-1-1-116,still,
1712718840000,2024-04-10T03:14:00Z,288-1-1-116,generic,
1712718900000,2024-04-10T03:15:00Z,288-1-1-116,generic,
1712718960000,2024-04-10T03:16:00Z,288-1-1-116,walking,
1712719020000,2024-04-10T03:17:00Z,288-1-1-116,generic,
1712719080000,2024-04-10T03:18:00Z,288-1-1-116,generic,
1712719140000,2024-04-10T03:19:00Z,288-1-1-116,generic,
1712719200000,2024-04-10T03:20:00Z,288-1-1-116,,device_not_recording
1712719260000,2024-04-10T03:21:00Z,288-1-1-116,generic,
1712719320000,2024-04-10T03:22:00Z,288-1-1-116,generic,
1712719380000,2024-04-10T03:23:00Z,288-1-1-116,generic,
1712719440000,2024-04-10T03:24:00Z,288-1-1-116,generic,
1712719500000,2024-04-10T03:25:00Z,288-1-1-116,generic,
1712719560000,2024-04-10T03:26:00Z,288-1-1-116,still,
1712719620000,2024-04-10T03:27:00Z,288-1-1-116,still,
1712719680000,2024-04-10T03:28:00Z,288-1-1-116,still,
1712719740000,2024-04-10T03:29:00Z,288-1-1-116,still,
1712719800000,2024-04-10T03:30:00Z,288-1-1-116,still,
1712719860000,2024-04-10T03:31:00Z,288-1-1-116,still,
1712719920000,2024-04-10T03:32:00Z,288-1-1-116,still,
1712719980000,2024-04-10T03:33:00Z,288-1-1-116,still,
1712720040000,2024-04-10T03:34:00Z,288-1-1-116,still,
1712720100000,2024-04-10T03:35:00Z,288-1-1-116,still,
1712720160000,2024-04-10T03:36:00Z,288-1-1-116,still,
1712720220000,2024-04-10T03:37:00Z,288-1-1-116,still,
1712720280000,2024-04-10T03:38:00Z,288-1-1-116,still,
1712720340000,2024-04-10T03:39:00Z,288-1-1-116,still,
1712720400000,2024-04-10T03:40:00Z,288-1-1-116,still,
1712720460000,2024-04-10T03:41:00Z,288-1-1-116,still,
1712720520000,2024-04-10T03:42:00Z,288-1-1-116,still,
1712720580000,2024-04-10T03:43:00Z,288-1-1-116,still,
1712720640000,2024-04-10T03:44:00Z,288-1-1-116,still,
1712720700000,2024-04-10T03:45:00Z,288-1-1-116,still,
1712720760000,2024-04-10T03:46:00Z,288-1-1-116,still,
1712720820000,2024-04-10T03:47:00Z,288-1-1-116,still,
1712720880000,2024-04-10T03:48:00Z,288-1-1-116,still,
1712720940000,2024-04-10T03:49:00Z,288-1-1-116,still,
1712721000000,2024-04-10T03:50:00Z,288-1-1-116,still,
1712721060000,2024-04-10T03:51:00Z,288-1-1-116,still,
1712721120000,2024-04-10T03:52:00Z,288-1-1-116,still,
1712721180000,2024-04-10T03:53:00Z,288-1-1-116,still,
1712721240000,2024-04-10T03:54:00Z,288-1-1-116,still,
1712721300000,2024-04-10T03:55:00Z,288-1-1-116,,device_not_recording
1712721360000,2024-04-10T03:56:00Z,288-1-1-116,still,
1712721420000,2024-04-10T03:57:00Z,288-1-1-116,still,
1712721480000,2024-04-10T03:58:00Z,288-1-1-116,still,
1712721540000,2024-04-10T03:59:00Z,288-1-1-116,still,
1712721600000,2024-04-10T04:00:00Z,288-1-1-116,still,
1712721660000,2024-04-10T04:01:00Z,288-1-1-116,still,
1712721720000,2024-04-10T04:02:00Z,288-1-1-116,still,
1712721780000,2024-04-10T04:03:00Z,288-1-1-116,still,
1712721840000,2024-04-10T04:04:00Z,288-1-1-116,still,
1712721900000,2024-04-10T04:05:00Z,288-1-1-116,still,
1712721960000,2024-04-10T04:06:00Z,288-1-1-116,still,
1712722020000,2024-04-10T04:07:00Z,288-1-1-116,still,
1712722080000,2024-04-10T04:08:00Z,288-1-1-116,,device_not_recording
1712722140000,2024-04-10T04:09:00Z,288-1-1-116,still,
1712722200000,2024-04-10T04:10:00Z,288-1-1-116,still,
1712722260000,2024-04-10T04:11:00Z,288-1-1-116,still,
1712722320000,2024-04-10T04:12:00Z,288-1-1-116,still,
1712722380000,2024-04-10T04:13:00Z,288-1-1-116,,device_not_recording
1712722440000,2024-04-10T04:14:00Z,288-1-1-116,still,
1712722500000,2024-04-10T04:15:00Z,288-1-1-116,still,
1712722560000,2024-04-10T04:16:00Z,288-1-1-116,still,
1712722620000,2024-04-10T04:17:00Z,288-1-1-116,still,
1712722680000,2024-04-10T04:18:00Z,288-1-1-116,still,
1712722740000,2024-04-10T04:19:00Z,288-1-1-116,,device_not_recording
1712722800000,2024-04-10T04:20:00Z,288-1-1-116,still,
1712722860000,2024-04-10T04:21:00Z,288-1-1-116,still,
1712722920000,2024-04-10T04:22:00Z,288-1-1-116,still,
1712722980000,2024-04-10T04:23:00Z,288-1-1-116,still,
1712723040000,2024-04-10T04:24:00Z,288-1-1-116,still,
1712723100000,2024-04-10T04:25:00Z,288-1-1-116,still,
1712723160000,2024-04-10T04:26:00Z,288-1-1-116,still,
1712723220000,2024-04-10T04:27:00Z,288-1-1-116,still,
1712723280000,2024-04-10T04:28:00Z,288-1-1-116,still,
1712723340000,2024-04-10T04:29:00Z,288-1-1-116,still,
1712723400000,2024-04-10T04:30:00Z,288-1-1-116,still,
1712723460000,2024-04-10T04:31:00Z,288-1-1-116,still,
1712723520000,2024-04-10T04:32:00Z,288-1-1-116,,device_not_recording
1712723580000,2024-04-10T04:33:00Z,288-1-1-116,still,
1712723640000,2024-04-10T04:34:00Z,288-1-1-116,still,
1712723700000,2024-04-10T04:35:00Z,288-1-1-116,still,
1712723760000,2024-04-10T04:36:00Z,288-1-1-116,still,
1712723820000,2024-04-10T04:37:00Z,288-1-1-116,still,
1712723880000,2024-04-10T04:38:00Z,288-1-1-116,still,
1712723940000,2024-04-10T04:39:00Z,288-1-1-116,still,
1712724000000,2024-04-10T04:40:00Z,288-1-1-116,still,
1712724060000,2024-04-10T04:41:00Z,288-1-1-116,still,
1712724120000,2024-04-10T04:42:00Z,288-1-1-116,,device_not_recording
1712724180000,2024-04-10T04:43:00Z,288-1-1-116,still,
1712724240000,2024-04-10T04:44:00Z,288-1-1-116,still,
1712724300000,2024-04-10T04:45:00Z,288-1-1-116,still,
1712724360000,2024-04-10T04:46:00Z,288-1-1-116,still,
1712724420000,2024-04-10T04:47:00Z,288-1-1-116,still,
1712724480000,2024-04-10T04:48:00Z,288-1-1-116,still,
1712724540000,2024-04-10T04:49:00Z,288-1-1-116,still,
1712724600000,2024-04-10T04:50:00Z,288-1-1-116,still,
1712724660000,2024-04-10T04:51:00Z,288-1-1-116,still,
1712724720000,2024-04-10T04:52:00Z,288-1-1-116,still,
1712724780000,2024-04-10T04:53:00Z,288-1-1-116,still,
1712724840000,2024-04-10T04:54:00Z,288-1-1-116,,device_not_recording
1712724900000,2024-04-10T04:55:00Z,288-1-1-116,still,
1712724960000,2024-04-10T04:56:00Z,288-1-1-116,still,
1712725020000,2024-04-10T04:57:00Z,288-1-1-116,still,
1712725080000,2024-04-10T04:58:00Z,288-1-1-116,still,
1712725140000,2024-04-10T04:59:00Z,288-1-1-116,still,
1712725200000,2024-04-10T05:00:00Z,288-1-1-116,still,
1712725260000,2024-04-10T05:01:00Z,288-1-1-116,still,
1712725320000,2024-04-10T05:02:00Z,288-1-1-116,still,
1712725380000,2024-04-10T05:03:00Z,288-1-1-116,still,
1712725440000,2024-04-10T05:04:00Z,288-1-1-116,still,
1712725500000,2024-04-10T05:05:00Z,288-1-1-116,still,
1712725560000,2024-04-10T05:06:00Z,288-1-1-116,,device_not_recording
1712725620000,2024-04-10T05:07:00Z,288-1-1-116,still,
1712725680000,2024-04-10T05:08:00Z,288-1-1-116,still,
1712725740000,2024-04-10T05:09:00Z,288-1-1-116,still,
1712725800000,2024-04-10T05:10:00Z,288-1-1-116,still,
1712725860000,2024-04-10T05:11:00Z,288-1-1-116,,device_not_recording
1712725920000,2024-04-10T05:12:00Z,288-1-1-116,still,
1712725980000,2024-04-10T05:13:00Z,288-1-1-116,still,
1712726040000,2024-04-10T05:14:00Z,288-1-1-116,still,
1712726100000,2024-04-10T05:15:00Z,288-1-1-116,still,
1712726160000,2024-04-10T05:16:00Z,288-1-1-116,still,
1712726220000,2024-04-10T05:17:00Z,288-1-1-116,still,
1712726280000,2024-04-10T05:18:00Z,288-1-1-116,still,
1712726340000,2024-04-10T05:19:00Z,288-1-1-116,still,
1712726400000,2024-04-10T05:20:00Z,288-1-1-116,still,
1712726460000,2024-04-10T05:21:00Z,288-1-1-116,still,
1712726520000,2024-04-10T05:22:00Z,288-1-1-116,still,
1712726580000,2024-04-10T05:23:00Z,288-1-1-116,still,
1712726640000,2024-04-10T05:24:00Z,288-1-1-116,still,
1712726700000,2024-04-10T05:25:00Z,288-1-1-116,still,
1712726760000,2024-04-10T05:26:00Z,288-1-1-116,still,
1712726820000,2024-04-10T05:27:00Z,288-1-1-116,still,
1712726880000,2024-04-10T05:28:00Z,288-1-1-116,still,
1712726940000,2024-04-10T05:29:00Z,288-1-1-116,still,
1712727000000,2024-04-10T05:30:00Z,288-1-1-116,still,
1712727060000,2024-04-10T05:31:00Z,288-1-1-116,still,
1712727120000,2024-04-10T05:32:00Z,288-1-1-116,still,
1712727180000,2024-04-10T05:33:00Z,288-1-1-116,,device_not_recording
1712727240000,2024-04-10T05:34:00Z,288-1-1-116,still,
1712727300000,2024-04-10T05:35:00Z,288-1-1-116,still,
1712727360000,2024-04-10T05:36:00Z,288-1-1-116,still,
1712727420000,2024-04-10T05:37:00Z,288-1-1-116,still,
1712727480000,2024-04-10T05:38:00Z,288-1-1-116,still,
1712727540000,2024-04-10T05:39:00Z,288-1-1-116,still,
1712727600000,2024-04-10T05:40:00Z,288-1-1-116,still,
1712727660000,2024-04-10T05:41:00Z,288-1-1-116,still,
1712727720000,2024-04-10T05:42:00Z,288-1-1-116,still,
1712727780000,2024-04-10T05:43:00Z,288-1-1-116,still,
1712727840000,2024-04-10T05:44:00Z,288-1-1-116,,device_not_recording
1712727900000,2024-04-10T05:45:00Z,288-1-1-116,still,
1712727960000,2024-04-10T05:46:00Z,288-1-1-116,still,
1712728020000,2024-04-10T05:47:00Z,288-1-1-116,still,
1712728080000,2024-04-10T05:48:00Z,288-1-1-116,still,
1712728140000,2024-04-10T05:49:00Z,288-1-1-116,still,
1712728200000,2024-04-10T05:50:00Z,288-1-1-116,still,
1712728260000,2024-04-10T05:51:00Z,288-1-1-116,still,
1712728320000,2024-04-10T05:52:00Z,288-1-1-116,still,
1712728380000,2024-04-10T05:53:00Z,288-1-1-116,still,
1712728440000,2024-04-10T05:54:00Z,288-1-1-116,still,
1712728500000,2024-04-10T05:55:00Z,288-1-1-116,still,
1712728560000,2024-04-10T05:56:00Z,288-1-1-116,,device_not_recording
1712728620000,2024-04-10T05:57:00Z,288-1-1-116,still,
1712728680000,2024-04-10T05:58:00Z,288-1-1-116,still,
1712728740000,2024-04-10T05:59:00Z,288-1-1-116,still,
1712728800000,2024-04-10T06:00:00Z,288-1-1-116,still,
1712728860000,2024-04-10T06:01:00Z,288-1-1-116,still,
1712728920000,2024-04-10T06:02:00Z,288-1-1-116,still,
1712728980000,2024-04-10T06:03:00Z,288-1-1-116,,device_not_recording
1712729040000,2024-04-10T06:04:00Z,288-1-1-116,still,
1712729100000,2024-04-10T06:05:00Z,288-1-1-116,still,
1712729160000,2024-04-10T06:06:00Z,288-1-1-116,still,
1712729220000,2024-04-10T06:07:00Z,288-1-1-116,still,
1712729280000,2024-04-10T06:08:00Z,288-1-1-116,,device_not_recording
1712729340000,2024-04-10T06:09:00Z,288-1-1-116,still,
1712729400000,2024-04-10T06:10:00Z,288-1-1-116,still,
1712729460000,2024-04-10T06:11:00Z,288-1-1-116,still,
1712729520000,2024-04-10T06:12:00Z,288-1-1-116,still,
1712729580000,2024-04-10T06:13:00Z,288-1-1-116,still,
1712729640000,2024-04-10T06:14:00Z,288-1-1-116,still,
1712729700000,2024-04-10T06:15:00Z,288-1-1-116,still,
1712729760000,2024-04-10T06:16:00Z,288-1-1-116,still,
1712729820000,2024-04-10T06:17:00Z,288-1-1-116,still,
1712729880000,2024-04-10T06:18:00Z,288-1-1-116,still,
1712729940000,2024-04-10T06:19:00Z,288-1-1-116,still,
1712730000000,2024-04-10T06:20:00Z,288-1-1-116,still,
1712730060000,2024-04-10T06:21:00Z,288-1-1-116,still,
1712730120000,2024-04-10T06:22:00Z,288-1-1-116,still,
1712730180000,2024-04-10T06:23:00Z,288-1-1-116,still,
1712730240000,2024-04-10T06:24:00Z,288-1-1-116,still,
1712730300000,2024-04-10T06:25:00Z,288-1-1-116,still,
1712730360000,2024-04-10T06:26:00Z,288-1-1-116,,device_not_recording
1712730420000,2024-04-10T06:27:00Z,288-1-1-116,still,
1712730480000,2024-04-10T06:28:00Z,288-1-1-116,still,
1712730540000,2024-04-10T06:29:00Z,288-1-1-116,still,
1712730600000,2024-04-10T06:30:00Z,288-1-1-116,still,
1712730660000,2024-04-10T06:31:00Z,288-1-1-116,still,
1712730720000,2024-04-10T06:32:00Z,288-1-1-116,still,
1712730780000,2024-04-10T06:33:00Z,288-1-1-116,still,
1712730840000,2024-04-10T06:34:00Z,288-1-1-116,still,
1712730900000,2024-04-10T06:35:00Z,288-1-1-116,still,
1712730960000,2024-04-10T06:36:00Z,288-1-1-116,still,
1712731020000,2024-04-10T06:37:00Z,288-1-1-116,still,
1712731080000,2024-04-10T06:38:00Z,288-1-1-116,,device_not_recording
1712731140000,2024-04-10T06:39:00Z,288-1-1-116,still,
1712731200000,2024-04-10T06:40:00Z,288-1-1-116,still,
1712731260000,2024-04-10T06:41:00Z,288-1-1-116,still,
1712731320000,2024-04-10T06:42:00Z,288-1-1-116,still,
1712731380000,2024-04-10T06:43:00Z,288-1-1-116,,device_not_recording
1712731440000,2024-04-10T06:44:00Z,288-1-1-116,still,
1712731500000,2024-04-10T06:45:00Z,288-1-1-116,still,
1712731560000,2024-04-10T06:46:00Z,288-1-1-116,still,
1712731620000,2024-04-10T06:47:00Z,288-1-1-116,still,
1712731680000,2024-04-10T06:48:00Z,288-1-1-116,still,
1712731740000,2024-04-10T06:49:00Z,288-1-1-116,still,
1712731800000,2024-04-10T06:50:00Z,288-1-1-116,still,
1712731860000,2024-04-10T06:51:00Z,288-1-1-116,still,
1712731920000,2024-04-10T06:52:00Z,288-1-1-116,still,
1712731980000,2024-04-10T06:53:00Z,288-1-1-116,still,
1712732040000,2024-04-10T06:54:00Z,288-1-1-116,still,
1712732100000,2024-04-10T06:55:00Z,288-1-1-116,still,
1712732160000,2024-04-10T06:56:00Z,288-1-1-116,still,
1712732220000,2024-04-10T06:57:00Z,288-1-1-116,still,
1712732280000,2024-04-10T06:58:00Z,288-1-1-116,still,
1712732340000,2024-04-10T06:59:00Z,288-1-1-116,,device_not_recording
1712732400000,2024-04-10T07:00:00Z,288-1-1-116,still,
1712732460000,2024-04-10T07:01:00Z,288-1-1-116,still,
1712732520000,2024-04-10T07:02:00Z,288-1-1-116,still,
1712732580000,2024-04-10T07:03:00Z,288-1-1-116,still,
1712732640000,2024-04-10T07:04:00Z,288-1-1-116,still,
1712732700000,2024-04-10T07:05:00Z,288-1-1-116,,device_not_recording
1712732760000,2024-04-10T07:06:00Z,288-1-1-116,still,
1712732820000,2024-04-10T07:07:00Z,288-1-1-116,still,
1712732880000,2024-04-10T07:08:00Z,288-1-1-116,still,
1712732940000,2024-04-10T07:09:00Z,288-1-1-116,still,
1712733000000,2024-04-10T07:10:00Z,288-1-1-116,still,
1712733060000,2024-04-10T07:11:00Z,288-1-1-116,still,
1712733120000,2024-04-10T07:12:00Z,288-1-1-116,still,
1712733180000,2024-04-10T07:13:00Z,288-1-1-116,still,
1712733240000,2024-04-10T07:14:00Z,288-1-1-116,still,
1712733300000,2024-04-10T07:15:00Z,288-1-1-116,still,
1712733360000,2024-04-10T07:16:00Z,288-1-1-116,still,
1712733420000,2024-04-10T07:17:00Z,288-1-1-116,,device_not_recording
1712733480000,2024-04-10T07:18:00Z,288-1-1-116,still,
1712733540000,2024-04-10T07:19:00Z,288-1-1-116,still,
1712733600000,2024-04-10T07:20:00Z,288-1-1-116,still,
1712733660000,2024-04-10T07:21:00Z,288-1-1-116,still,
1712733720000,2024-04-10T07:22:00Z,288-1-1-116,still,
1712733780000,2024-04-10T07:23:00Z,288-1-1-116,still,
1712733840000,2024-04-10T07:24:00Z,288-1-1-116,still,
1712733900000,2024-04-10T07:25:00Z,288-1-1-116,still,
1712733960000,2024-04-10T07:26:00Z,288-1-1-116,still,
1712734020000,2024-04-10T07:27:00Z,288-1-1-116,still,
1712734080000,2024-04-10T07:28:00Z,288-1-1-116,still,
1712734140000,2024-04-10T07:29:00Z,288-1-1-116,still,
1712734200000,2024-04-10T07:30:00Z,288-1-1-116,still,
1712734260000,2024-04-10T07:31:00Z,288-1-1-116,still,
1712734320000,2024-04-10T07:32:00Z,288-1-1-116,still,
1712734380000,2024-04-10T07:33:00Z,288-1-1-116,still,
1712734440000,2024-04-10T07:34:00Z,288-1-1-116,still,
1712734500000,2024-04-10T07:35:00Z,288-1-1-116,still,
1712734560000,2024-04-10T07:36:00Z,288-1-1-116,still,
1712734620000,2024-04-10T07:37:00Z,288-1-1-116,still,
1712734680000,2024-04-10T07:38:00Z,288-1-1-116,still,
1712734740000,2024-04-10T07:39:00Z,288-1-1-116,still,
1712734800000,2024-04-10T07:40:00Z,288-1-1-116,still,
1712734860000,2024-04-10T07:41:00Z,288-1-1-116,still,
1712734920000,2024-04-10T07:42:00Z,288-1-1-116,still,
1712734980000,2024-04-10T07:43:00Z,288-1-1-116,still,
1712735040000,2024-04-10T07:44:00Z,288-1-1-116,still,
1712735100000,2024-04-10T07:45:00Z,288-1-1-116,still,
1712735160000,2024-04-10T07:46:00Z,288-1-1-116,still,
1712735220000,2024-04-10T07:47:00Z,288-1-1-116,still,
1712735280000,2024-04-10T07:48:00Z,288-1-1-116,still,
1712735340000,2024-04-10T07:49:00Z,288-1-1-116,still,
1712735400000,2024-04-10T07:50:00Z,288-1-1-116,still,
1712735460000,2024-04-10T07:51:00Z,288-1-1-116,still,
1712735520000,2024-04-10T07:52:00Z,288-1-1-116,,device_not_recording
1712735580000,2024-04-10T07:53:00Z,288-1-1-116,still,
1712735640000,2024-04-10T07:54:00Z,288-1-1-116,still,
1712735700000,2024-04-10T07:55:00Z,288-1-1-116,still,
1712735760000,2024-04-10T07:56:00Z,288-1-1-116,still,
1712735820000,2024-04-10T07:57:00Z,288-1-1-116,,device_not_recording
1712735880000,2024-04-10T07:58:00Z,288-1-1-116,still,
1712735940000,2024-04-10T07:59:00Z,288-1-1-116,still,
1712736000000,2024-04-10T08:00:00Z,288-1-1-116,still,
1712736060000,2024-04-10T08:01:00Z,288-1-1-116,still,
1712736120000,2024-04-10T08:02:00Z,288-1-1-116,still,
1712736180000,2024-04-10T08:03:00Z,288-1-1-116,still,
1712736240000,2024-04-10T08:04:00Z,288-1-1-116,still,
1712736300000,2024-04-10T08:05:00Z,288-1-1-116,still,
1712736360000,2024-04-10T08:06:00Z,288-1-1-116,still,
1712736420000,2024-04-10T08:07:00Z,288-1-1-116,still,
1712736480000,2024-04-10T08:08:00Z,288-1-1-116,still,
1712736540000,2024-04-10T08:09:00Z,288-1-1-116,still,
1712736600000,2024-04-10T08:10:00Z,288-1-1-116,still,
1712736660000,2024-04-10T08:11:00Z,288-1-1-116,still,
1712736720000,2024-04-10T08:12:00Z,288-1-1-116,still,
1712736780000,2024-04-10T08:13:00Z,288-1-1-116,still,
1712736840000,2024-04-10T08:14:00Z,288-1-1-116,still,
1712736900000,2024-04-10T08:15:00Z,288-1-1-116,still,
1712736960000,2024-04-10T08:16:00Z,288-1-1-116,still,
1712737020000,2024-04-10T08:17:00Z,288-1-1-116,still,
1712737080000,2024-04-10T08:18:00Z,288-1-1-116,still,
1712737140000,2024-04-10T08:19:00Z,288-1-1-116,still,
1712737200000,2024-04-10T08:20:00Z,288-1-1-116,still,
1712737260000,2024-04-10T08:21:00Z,288-1-1-116,still,
1712737320000,2024-04-10T08:22:00Z,288-1-1-116,still,
1712737380000,2024-04-10T08:23:00Z,288-1-1-116,still,
1712737440000,2024-04-10T08:24:00Z,288-1-1-116,still,
1712737500000,2024-04-10T08:25:00Z,288-1-1-116,still,
1712737560000,2024-04-10T08:26:00Z,288-1-1-116,still,
1712737620000,2024-04-10T08:27:00Z,288-1-1-116,still,
1712737680000,2024-04-10T08:28:00Z,288-1-1-116,still,
1712737740000,2024-04-10T08:29:00Z,288-1-1-116,still,
1712737800000,2024-04-10T08:30:00Z,288-1-1-116,still,
1712737860000,2024-04-10T08:31:00Z,288-1-1-116,still,
1712737920000,2024-04-10T08:32:00Z,288-1-1-116,still,
1712737980000,2024-04-10T08:33:00Z,288-1-1-116,still,
1712738040000,2024-04-10T08:34:00Z,288-1-1-116,still,
1712738100000,2024-04-10T08:35:00Z,288-1-1-116,still,
1712738160000,2024-04-10T08:36:00Z,288-1-1-116,still,
1712738220000,2024-04-10T08:37:00Z,288-1-1-116,still,
1712738280000,2024-04-10T08:38:00Z,288-1-1-116,still,
1712738340000,2024-04-10T08:39:00Z,288-1-1-116,still,
1712738400000,2024-04-10T08:40:00Z,288-1-1-116,still,
1712738460000,2024-04-10T08:41:00Z,288-1-1-116,still,
1712738520000,2024-04-10T08:42:00Z,288-1-1-116,still,
1712738580000,2024-04-10T08:43:00Z,288-1-1-116,still,
1712738640000,2024-04-10T08:44:00Z,288-1-1-116,still,
1712738700000,2024-04-10T08:45:00Z,288-1-1-116,still,
1712738760000,2024-04-10T08:46:00Z,288-1-1-116,still,
1712738820000,2024-04-10T08:47:00Z,288-1-1-116,still,
1712738880000,2024-04-10T08:48:00Z,288-1-1-116,still,
1712738940000,2024-04-10T08:49:00Z,288-1-1-116,still,
1712739000000,2024-04-10T08:50:00Z,288-1-1-116,still,
1712739060000,2024-04-10T08:51:00Z,288-1-1-116,still,
1712739120000,2024-04-10T08:52:00Z,288-1-1-116,still,
1712739180000,2024-04-10T08:53:00Z,288-1-1-116,still,
1712739240000,2024-04-10T08:54:00Z,288-1-1-116,still,
1712739300000,2024-04-10T08:55:00Z,288-1-1-116,still,
1712739360000,2024-04-10T08:56:00Z,288-1-1-116,still,
1712739420000,2024-04-10T08:57:00Z,288-1-1-116,still,
1712739480000,2024-04-10T08:58:00Z,288-1-1-116,still,
1712739540000,2024-04-10T08:59:00Z,288-1-1-116,still,
1712739600000,2024-04-10T09:00:00Z,288-1-1-116,still,
1712739660000,2024-04-10T09:01:00Z,288-1-1-116,still,
1712739720000,2024-04-10T09:02:00Z,288-1-1-116,still,
1712739780000,2024-04-10T09:03:00Z,288-1-1-116,still,
1712739840000,2024-04-10T09:04:00Z,288-1-1-116,still,
1712739900000,2024-04-10T09:05:00Z,288-1-1-116,still,
1712739960000,2024-04-10T09:06:00Z,288-1-1-116,still,
1712740020000,2024-04-10T09:07:00Z,288-1-1-116,still,
1712740080000,2024-04-10T09:08:00Z,288-1-1-116,still,
1712740140000,2024-04-10T09:09:00Z,288-1-1-116,still,
1712740200000,2024-04-10T09:10:00Z,288-1-1-116,still,
1712740260000,2024-04-10T09:11:00Z,288-1-1-116,still,
1712740320000,2024-04-10T09:12:00Z,288-1-1-116,still,
1712740380000,2024-04-10T09:13:00Z,288-1-1-116,still,
1712740440000,2024-04-10T09:14:00Z,288-1-1-116,still,
1712740500000,2024-04-10T09:15:00Z,288-1-1-116,still,
1712740560000,2024-04-10T09:16:00Z,288-1-1-116,still,
1712740620000,2024-04-10T09:17:00Z,288-1-1-116,still,
1712740680000,2024-04-10T09:18:00Z,288-1-1-116,still,
1712740740000,2024-04-10T09:19:00Z,288-1-1-116,still,
1712740800000,2024-04-10T09:20:00Z,288-1-1-116,still,
1712740860000,2024-04-10T09:21:00Z,288-1-1-116,still,
1712740920000,2024-04-10T09:22:00Z,288-1-1-116,still,
1712740980000,2024-04-10T09:23:00Z,288-1-1-116,still,
1712741040000,2024-04-10T09:24:00Z,288-1-1-116,still,
1712741100000,2024-04-10T09:25:00Z,288-1-1-116,still,
1712741160000,2024-04-10T09:26:00Z,288-1-1-116,still,
1712741220000,2024-04-10T09:27:00Z,288-1-1-116,still,
1712741280000,2024-04-10T09:28:00Z,288-1-1-116,still,
1712741340000,2024-04-10T09:29:00Z,288-1-1-116,still,
1712741400000,2024-04-10T09:30:00Z,288-1-1-116,still,
1712741460000,2024-04-10T09:31:00Z,288-1-1-116,,device_not_recording
1712741520000,2024-04-10T09:32:00Z,288-1-1-116,still,
1712741580000,2024-04-10T09:33:00Z,288-1-1-116,still,
1712741640000,2024-04-10T09:34:00Z,288-1-1-116,still,
1712741700000,2024-04-10T09:35:00Z,288-1-1-116,still,
1712741760000,2024-04-10T09:36:00Z,288-1-1-116,still,
1712741820000,2024-04-10T09:37:00Z,288-1-1-116,still,
1712741880000,2024-04-10T09:38:00Z,288-1-1-116,still,
1712741940000,2024-04-10T09:39:00Z,288-1-1-116,still,
1712742000000,2024-04-10T09:40:00Z,288-1-1-116,still,
1712742060000,2024-04-10T09:41:00Z,288-1-1-116,still,
1712742120000,2024-04-10T09:42:00Z,288-1-1-116,still,
1712742180000,2024-04-10T09:43:00Z,288-1-1-116,still,
1712742240000,2024-04-10T09:44:00Z,288-1-1-116,still,
1712742300000,2024-04-10T09:45:00Z,288-1-1-116,still,
1712742360000,2024-04-10T09:46:00Z,288-1-1-116,still,
1712742420000,2024-04-10T09:47:00Z,288-1-1-116,still,
1712742480000,2024-04-10T09:48:00Z,288-1-1-116,still,
1712742540000,2024-04-10T09:49:00Z,288-1-1-116,still,
1712742600000,2024-04-10T09:50:00Z,288-1-1-116,still,
1712742660000,2024-04-10T09:51:00Z,288-1-1-116,still,
1712742720000,2024-04-10T09:52:00Z,288-1-1-116,generic,
1712742780000,2024-04-10T09:53:00Z,288-1-1-116,,device_not_recording
1712742840000,2024-04-10T09:54:00Z,288-1-1-116,still,
1712742900000,2024-04-10T09:55:00Z,288-1-1-116,generic,
1712742960000,2024-04-10T09:56:00Z,288-1-1-116,still,
1712743020000,2024-04-10T09:57:00Z,288-1-1-116,still,
1712743080000,2024-04-10T09:58:00Z,288-1-1-116,generic,
1712743140000,2024-04-10T09:59:00Z,288-1-1-116,still,
1712743200000,2024-04-10T10:00:00Z,288-1-1-116,generic,
1712743260000,2024-04-10T10:01:00Z,288-1-1-116,walking,
1712743320000,2024-04-10T10:02:00Z,288-1-1-116,generic,
1712743380000,2024-04-10T10:03:00Z,288-1-1-116,generic,
1712743440000,2024-04-10T10:04:00Z,288-1-1-116,walking,
1712743500000,2024-04-10T10:05:00Z,288-1-1-116,generic,
1712743560000,2024-04-10T10:06:00Z,288-1-1-116,generic,
1712743620000,2024-04-10T10:07:00Z,288-1-1-116,generic,
1712743680000,2024-04-10T10:08:00Z,288-1-1-116,generic,
1712743740000,2024-04-10T10:09:00Z,288-1-1-116,generic,
1712743800000,2024-04-10T10:10:00Z,288-1-1-116,generic,
1712743860000,2024-04-10T10:11:00Z,288-1-1-116,,device_not_recording
1712743920000,2024-04-10T10:12:00Z,288-1-1-116,generic,
1712743980000,2024-04-10T10:13:00Z,288-1-1-116,generic,
1712744040000,2024-04-10T10:14:00Z,288-1-1-116,generic,
1712744100000,2024-04-10T10:15:00Z,288-1-1-116,generic,
1712744160000,2024-04-10T10:16:00Z,288-1-1-116,,device_not_recording
1712744220000,2024-04-10T10:17:00Z,288-1-1-116,generic,
1712744280000,2024-04-10T10:18:00Z,288-1-1-116,generic,
1712744340000,2024-04-10T10:19:00Z,288-1-1-116,still,
1712744400000,2024-04-10T10:20:00Z,288-1-1-116,walking,
1712744460000,2024-04-10T10:21:00Z,288-1-1-116,generic,
1712744520000,2024-04-10T10:22:00Z,288-1-1-116,generic,
1712744580000,2024-04-10T10:23:00Z,288-1-1-116,generic,
1712744640000,2024-04-10T10:24:00Z,288-1-1-116,still,
1712744700000,2024-04-10T10:25:00Z,288-1-1-116,generic,
1712744760000,2024-04-10T10:26:00Z,288-1-1-116,still,
1712744820000,2024-04-10T10:27:00Z,288-1-1-116,still,
1712744880000,2024-04-10T10:28:00Z,288-1-1-116,generic,
1712744940000,2024-04-10T10:29:00Z,288-1-1-116,generic,
1712745000000,2024-04-10T10:30:00Z,288-1-1-116,generic,
1712745060000,2024-04-10T10:31:00Z,288-1-1-116,generic,
1712745120000,2024-04-10T10:32:00Z,288-1-1-116,generic,
1712745180000,2024-04-10T10:33:00Z,288-1-1-116,generic,
1712745240000,2024-04-10T10:34:00Z,288-1-1-116,,device_not_recording
1712745300000,2024-04-10T10:35:00Z,288-1-1-116,generic,
1712745360000,2024-04-10T10:36:00Z,288-1-1-116,walking,
1712745420000,2024-04-10T10:37:00Z,288-1-1-116,generic,
1712745480000,2024-04-10T10:38:00Z,288-1-1-116,generic,
1712745540000,2024-04-10T10:39:00Z,288-1-1-116,generic,
1712745600000,2024-04-10T10:40:00Z,288-1-1-116,generic,
1712745660000,2024-04-10T10:41:00Z,288-1-1-116,generic,
1712745720000,2024-04-10T10:42:00Z,288-1-1-116,generic,
1712745780000,2024-04-10T10:43:00Z,288-1-1-116,still,
1712745840000,2024-04-10T10:44:00Z,288-1-1-116,still,
1712745900000,2024-04-10T10:45:00Z,288-1-1-116,still,
1712745960000,2024-04-10T10:46:00Z,288-1-1-116,,device_not_recording
1712746020000,2024-04-10T10:47:00Z,288-1-1-116,generic,
1712746080000,2024-04-10T10:48:00Z,288-1-1-116,walking,
1712746140000,2024-04-10T10:49:00Z,288-1-1-116,walking,
1712746200000,2024-04-10T10:50:00Z,288-1-1-116,walking,
1712746260000,2024-04-10T10:51:00Z,288-1-1-116,walking,
1712746320000,2024-04-10T10:52:00Z,288-1-1-116,walking,
1712746380000,2024-04-10T10:53:00Z,288-1-1-116,walking,
1712746440000,2024-04-10T10:54:00Z,288-1-1-116,walking,
1712746500000,2024-04-10T10:55:00Z,288-1-1-116,running,
1712746560000,2024-04-10T10:56:00Z,288-1-1-116,running,
1712746620000,2024-04-10T10:57:00Z,288-1-1-116,walking,
1712746680000,2024-04-10T10:58:00Z,288-1-1-116,walking,
1712746740000,2024-04-10T10:59:00Z,288-1-1-116,walking,
1712746800000,2024-04-10T11:00:00Z,288-1-1-116,generic,
1712746860000,2024-04-10T11:01:00Z,288-1-1-116,generic,
1712746920000,2024-04-10T11:02:00Z,288-1-1-116,still,
1712746980000,2024-04-10T11:03:00Z,288-1-1-116,still,
1712747040000,2024-04-10T11:04:00Z,288-1-1-116,still,
1712747100000,2024-04-10T11:05:00Z,288-1-1-116,still,
1712747160000,2024-04-10T11:06:00Z,288-1-1-116,still,
1712747220000,2024-04-10T11:07:00Z,288-1-1-116,still,
1712747280000,2024-04-10T11:08:00Z,288-1-1-116,still,
1712747340000,2024-04-10T11:09:00Z,288-1-1-116,still,
1712747400000,2024-04-10T11:10:00Z,288-1-1-116,still,
1712747460000,2024-04-10T11:11:00Z,288-1-1-116,,device_not_recording
1712747520000,2024-04-10T11:12:00Z,288-1-1-116,still,
1712747580000,2024-04-10T11:13:00Z,288-1-1-116,still,
1712747640000,2024-04-10T11:14:00Z,288-1-1-116,still,
1712747700000,2024-04-10T11:15:00Z,288-1-1-116,still,
1712747760000,2024-04-10T11:16:00Z,288-1-1-116,generic,
1712747820000,2024-04-10T11:17:00Z,288-1-1-116,still,
1712747880000,2024-04-10T11:18:00Z,288-1-1-116,generic,
1712747940000,2024-04-10T11:19:00Z,288-1-1-116,still,
1712748000000,2024-04-10T11:20:00Z,288-1-1-116,still,
1712748060000,2024-04-10T11:21:00Z,288-1-1-116,still,
1712748120000,2024-04-10T11:22:00Z,288-1-1-116,still,
1712748180000,2024-04-10T11:23:00Z,288-1-1-116,,device_not_recording
1712748240000,2024-04-10T11:24:00Z,288-1-1-116,still,
1712748300000,2024-04-10T11:25:00Z,288-1-1-116,still,
1712748360000,2024-04-10T11:26:00Z,288-1-1-116,still,
1712748420000,2024-04-10T11:27:00Z,288-1-1-116,still,
1712748480000,2024-04-10T11:28:00Z,288-1-1-116,generic,
1712748540000,2024-04-10T11:29:00Z,288-1-1-116,,device_not_recording
1712748600000,2024-04-10T11:30:00Z,288-1-1-116,generic,
1712748660000,2024-04-10T11:31:00Z,288-1-1-116,generic,
1712748720000,2024-04-10T11:32:00Z,288-1-1-116,generic,
1712748780000,2024-04-10T11:33:00Z,288-1-1-116,walking,
1712748840000,2024-04-10T11:34:00Z,288-1-1-116,walking,
1712748900000,2024-04-10T11:35:00Z,288-1-1-116,generic,
1712748960000,2024-04-10T11:36:00Z,288-1-1-116,still,
1712749020000,2024-04-10T11:37:00Z,288-1-1-116,generic,
1712749080000,2024-04-10T11:38:00Z,288-1-1-116,generic,
1712749140000,2024-04-10T11:39:00Z,288-1-1-116,generic,
1712749200000,2024-04-10T11:40:00Z,288-1-1-116,generic,
1712749260000,2024-04-10T11:41:00Z,288-1-1-116,still,
1712749320000,2024-04-10T11:42:00Z,288-1-1-116,,device_not_recording
1712749380000,2024-04-10T11:43:00Z,288-1-1-116,generic,
1712749440000,2024-04-10T11:44:00Z,288-1-1-116,generic,
1712749500000,2024-04-10T11:45:00Z,288-1-1-116,walking,
1712749560000,2024-04-10T11:46:00Z,288-1-1-116,still,
1712749620000,2024-04-10T11:47:00Z,288-1-1-116,generic,
1712749680000,2024-04-10T11:48:00Z,288-1-1-116,,device_not_recording
1712749740000,2024-04-10T11:49:00Z,288-1-1-116,walking,
1712749800000,2024-04-10T11:50:00Z,288-1-1-116,walking,
1712749860000,2024-04-10T11:51:00Z,288-1-1-116,walking,
1712749920000,2024-04-10T11:52:00Z,288-1-1-116,walking,
1712749980000,2024-04-10T11:53:00Z,288-1-1-116,walking,
1712750040000,2024-04-10T11:54:00Z,288-1-1-116,still,
1712750100000,2024-04-10T11:55:00Z,288-1-1-116,generic,
1712750160000,2024-04-10T11:56:00Z,288-1-1-116,generic,
1712750220000,2024-04-10T11:57:00Z,288-1-1-116,generic,
1712750280000,2024-04-10T11:58:00Z,288-1-1-116,generic,
1712750340000,2024-04-10T11:59:00Z,288-1-1-116,generic,
1712750400000,2024-04-10T12:00:00Z,288-1-1-116,generic,
1712750460000,2024-04-10T12:01:00Z,288-1-1-116,walking,
1712750520000,2024-04-10T12:02:00Z,288-1-1-116,,device_not_recording
1712750580000,2024-04-10T12:03:00Z,288-1-1-116,walking,
1712750640000,2024-04-10T12:04:00Z,288-1-1-116,generic,
1712750700000,2024-04-10T12:05:00Z,288-1-1-116,generic,
1712750760000,2024-04-10T12:06:00Z,288-1-1-116,generic,
1712750820000,2024-04-10T12:07:00Z,288-1-1-116,still,
1712750880000,2024-04-10T12:08:00Z,288-1-1-116,,device_not_recording
1712750940000,2024-04-10T12:09:00Z,288-1-1-116,still,
1712751000000,2024-04-10T12:10:00Z,288-1-1-116,still,
1712751060000,2024-04-10T12:11:00Z,288-1-1-116,still,
1712751120000,2024-04-10T12:12:00Z,288-1-1-116,generic,
1712751180000,2024-04-10T12:13:00Z,288-1-1-116,generic,
1712751240000,2024-04-10T12:14:00Z,288-1-1-116,generic,
1712751300000,2024-04-10T12:15:00Z,288-1-1-116,still,
1712751360000,2024-04-10T12:16:00Z,288-1-1-116,still,
1712751420000,2024-04-10T12:17:00Z,288-1-1-116,still,
1712751480000,2024-04-10T12:18:00Z,288-1-1-116,generic,
1712751540000,2024-04-10T12:19:00Z,288-1-1-116,generic,
1712751600000,2024-04-10T12:20:00Z,288-1-1-116,,device_not_recording
1712751660000,2024-04-10T12:21:00Z,288-1-1-116,generic,
1712751720000,2024-04-10T12:22:00Z,288-1-1-116,generic,
1712751780000,2024-04-10T12:23:00Z,288-1-1-116,generic,
1712751840000,2024-04-10T12:24:00Z,288-1-1-116,generic,
1712751900000,2024-04-10T12:25:00Z,288-1-1-116,generic,
1712751960000,2024-04-10T12:26:00Z,288-1-1-116,,device_not_recording
1712752020000,2024-04-10T12:27:00Z,288-1-1-116,generic,
1712752080000,2024-04-10T12:28:00Z,288-1-1-116,generic,
1712752140000,2024-04-10T12:29:00Z,288-1-1-116,generic,
1712752200000,2024-04-10T12:30:00Z,288-1-1-116,generic,
1712752260000,2024-04-10T12:31:00Z,288-1-1-116,generic,
1712752320000,2024-04-10T12:32:00Z,288-1-1-116,generic,
1712752380000,2024-04-10T12:33:00Z,288-1-1-116,generic,
1712752440000,2024-04-10T12:34:00Z,288-1-1-116,generic,
1712752500000,2024-04-10T12:35:00Z,288-1-1-116,generic,
1712752560000,2024-04-10T12:36:00Z,288-1-1-116,generic,
1712752620000,2024-04-10T12:37:00Z,288-1-1-116,walking,
1712752680000,2024-04-10T12:38:00Z,288-1-1-116,generic,
1712752740000,2024-04-10T12:39:00Z,288-1-1-116,generic,
1712752800000,2024-04-10T12:40:00Z,288-1-1-116,,device_not_recording
1712752860000,2024-04-10T12:41:00Z,288-1-1-116,generic,
1712752920000,2024-04-10T12:42:00Z,288-1-1-116,generic,
1712752980000,2024-04-10T12:43:00Z,288-1-1-116,generic,
1712753040000,2024-04-10T12:44:00Z,288-1-1-116,generic,
1712753100000,2024-04-10T12:45:00Z,288-1-1-116,generic,
1712753160000,2024-04-10T12:46:00Z,288-1-1-116,generic,
1712753220000,2024-04-10T12:47:00Z,288-1-1-116,,device_not_recording
1712753280000,2024-04-10T12:48:00Z,288-1-1-116,generic,
1712753340000,2024-04-10T12:49:00Z,288-1-1-116,generic,
1712753400000,2024-04-10T12:50:00Z,288-1-1-116,generic,
1712753460000,2024-04-10T12:51:00Z,288-1-1-116,generic,
1712753520000,2024-04-10T12:52:00Z,288-1-1-116,generic,
1712753580000,2024-04-10T12:53:00Z,288-1-1-116,generic,
1712753640000,2024-04-10T12:54:00Z,288-1-1-116,generic,
1712753700000,2024-04-10T12:55:00Z,288-1-1-116,generic,
1712753760000,2024-04-10T12:56:00Z,288-1-1-116,generic,
1712753820000,2024-04-10T12:57:00Z,288-1-1-116,generic,
1712753880000,2024-04-10T12:58:00Z,288-1-1-116,generic,
1712753940000,2024-04-10T12:59:00Z,288-1-1-116,,device_not_recording
1712754000000,2024-04-10T13:00:00Z,288-1-1-116,generic,
1712754060000,2024-04-10T13:01:00Z,288-1-1-116,still,
1712754120000,2024-04-10T13:02:00Z,288-1-1-116,generic,
1712754180000,2024-04-10T13:03:00Z,288-1-1-116,generic,
1712754240000,2024-04-10T13:04:00Z,288-1-1-116,walking,
1712754300000,2024-04-10T13:05:00Z,288-1-1-116,generic,
1712754360000,2024-04-10T13:06:00Z,288-1-1-116,walking,
1712754420000,2024-04-10T13:07:00Z,288-1-1-116,generic,
1712754480000,2024-04-10T13:08:00Z,288-1-1-116,generic,
1712754540000,2024-04-10T13:09:00Z,288-1-1-116,generic,
1712754600000,2024-04-10T13:10:00Z,288-1-1-116,generic,
1712754660000,2024-04-10T13:11:00Z,288-1-1-116,generic,
1712754720000,2024-04-10T13:12:00Z,288-1-1-116,generic,
1712754780000,2024-04-10T13:13:00Z,288-1-1-116,generic,
1712754840000,2024-04-10T13:14:00Z,288-1-1-116,generic,
1712754900000,2024-04-10T13:15:00Z,288-1-1-116,generic,
1712754960000,2024-04-10T13:16:00Z,288-1-1-116,generic,
1712755020000,2024-04-10T13:17:00Z,288-1-1-116,generic,
1712755080000,2024-04-10T13:18:00Z,288-1-1-116,generic,
1712755140000,2024-04-10T13:19:00Z,288-1-1-116,generic,
1712755200000,2024-04-10T13:20:00Z,288-1-1-116,,device_not_recording
1712755260000,2024-04-10T13:21:00Z,288-1-1-116,generic,
1712755320000,2024-04-10T13:22:00Z,288-1-1-116,generic,
1712755380000,2024-04-10T13:23:00Z,288-1-1-116,walking,
1712755440000,2024-04-10T13:24:00Z,288-1-1-116,generic,
1712755500000,2024-04-10T13:25:00Z,288-1-1-116,,device_not_recording
1712755560000,2024-04-10T13:26:00Z,288-1-1-116,generic,
1712755620000,2024-04-10T13:27:00Z,288-1-1-116,generic,
1712755680000,2024-04-10T13:28:00Z,288-1-1-116,generic,
1712755740000,2024-04-10T13:29:00Z,288-1-1-116,generic,
1712755800000,2024-04-10T13:30:00Z,288-1-1-116,generic,
1712755860000,2024-04-10T13:31:00Z,288-1-1-116,generic,
1712755920000,2024-04-10T13:32:00Z,288-1-1-116,generic,
1712755980000,2024-04-10T13:33:00Z,288-1-1-116,generic,
1712756040000,2024-04-10T13:34:00Z,288-1-1-116,generic,
1712756100000,2024-04-10T13:35:00Z,288-1-1-116,generic,
1712756160000,2024-04-10T13:36:00Z,288-1-1-116,generic,
1712756220000,2024-04-10T13:37:00Z,288-1-1-116,,device_not_recording
1712756280000,2024-04-10T13:38:00Z,288-1-1-116,generic,
1712756340000,2024-04-10T13:39:00Z,288-1-1-116,generic,
1712756400000,2024-04-10T13:40:00Z,288-1-1-116,generic,
1712756460000,2024-04-10T13:41:00Z,288-1-1-116,generic,
1712756520000,2024-04-10T13:42:00Z,288-1-1-116,generic,
1712756580000,2024-04-10T13:43:00Z,288-1-1-116,generic,
1712756640000,2024-04-10T13:44:00Z,288-1-1-116,,device_not_recording
1712756700000,2024-04-10T13:45:00Z,288-1-1-116,generic,
1712756760000,2024-04-10T13:46:00Z,288-1-1-116,generic,
1712756820000,2024-04-10T13:47:00Z,288-1-1-116,generic,
1712756880000,2024-04-10T13:48:00Z,288-1-1-116,generic,
1712756940000,2024-04-10T13:49:00Z,288-1-1-116,walking,
1712757000000,2024-04-10T13:50:00Z,288-1-1-116,walking,
1712757060000,2024-04-10T13:51:00Z,288-1-1-116,walking,
1712757120000,2024-04-10T13:52:00Z,288-1-1-116,walking,
1712757180000,2024-04-10T13:53:00Z,288-1-1-116,generic,
1712757240000,2024-04-10T13:54:00Z,288-1-1-116,generic,
1712757300000,2024-04-10T13:55:00Z,288-1-1-116,generic,
1712757360000,2024-04-10T13:56:00Z,288-1-1-116,generic,
1712757420000,2024-04-10T13:57:00Z,288-1-1-116,generic,
1712757480000,2024-04-10T13:58:00Z,288-1-1-116,still,
1712757540000,2024-04-10T13:59:00Z,288-1-1-116,generic,
1712757600000,2024-04-10T14:00:00Z,288-1-1-116,generic,
1712757660000,2024-04-10T14:01:00Z,288-1-1-116,generic,
1712757720000,2024-04-10T14:02:00Z,288-1-1-116,,device_not_recording
1712757780000,2024-04-10T14:03:00Z,288-1-1-116,generic,
1712757840000,2024-04-10T14:04:00Z,288-1-1-116,generic,
1712757900000,2024-04-10T14:05:00Z,288-1-1-116,generic,
1712757960000,2024-04-10T14:06:00Z,288-1-1-116,generic,
1712758020000,2024-04-10T14:07:00Z,288-1-1-116,generic,
1712758080000,2024-04-10T14:08:00Z,288-1-1-116,generic,
1712758140000,2024-04-10T14:09:00Z,288-1-1-116,walking,
1712758200000,2024-04-10T14:10:00Z,288-1-1-116,walking,
1712758260000,2024-04-10T14:11:00Z,288-1-1-116,walking,
1712758320000,2024-04-10T14:12:00Z,288-1-1-116,generic,
1712758380000,2024-04-10T14:13:00Z,288-1-1-116,generic,
1712758440000,2024-04-10T14:14:00Z,288-1-1-116,generic,
1712758500000,2024-04-10T14:15:00Z,288-1-1-116,,device_not_recording
1712758560000,2024-04-10T14:16:00Z,288-1-1-116,generic,
1712758620000,2024-04-10T14:17:00Z,288-1-1-116,walking,
1712758680000,2024-04-10T14:18:00Z,288-1-1-116,generic,
1712758740000,2024-04-10T14:19:00Z,288-1-1-116,generic,
1712758800000,2024-04-10T14:20:00Z,288-1-1-116,,device_not_recording
1712758860000,2024-04-10T14:21:00Z,288-1-1-116,generic,
1712758920000,2024-04-10T14:22:00Z,288-1-1-116,walking,
1712758980000,2024-04-10T14:23:00Z,288-1-1-116,generic,
1712759040000,2024-04-10T14:24:00Z,288-1-1-116,generic,
1712759100000,2024-04-10T14:25:00Z,288-1-1-116,walking,
1712759160000,2024-04-10T14:26:00Z,288-1-1-116,walking,
1712759220000,2024-04-10T14:27:00Z,288-1-1-116,generic,
1712759280000,2024-04-10T14:28:00Z,288-1-1-116,walking,
1712759340000,2024-04-10T14:29:00Z,288-1-1-116,generic,
1712759400000,2024-04-10T14:30:00Z,288-1-1-116,generic,
1712759460000,2024-04-10T14:31:00Z,288-1-1-116,generic,
1712759520000,2024-04-10T14:32:00Z,288-1-1-116,generic,
1712759580000,2024-04-10T14:33:00Z,288-1-1-116,,device_not_recording
1712759640000,2024-04-10T14:34:00Z,288-1-1-116,generic,
1712759700000,2024-04-10T14:35:00Z,288-1-1-116,generic,
1712759760000,2024-04-10T14:36:00Z,288-1-1-116,generic,
1712759820000,2024-04-10T14:37:00Z,288-1-1-116,generic,
1712759880000,2024-04-10T14:38:00Z,288-1-1-116,walking,
1712759940000,2024-04-10T14:39:00Z,288-1-1-116,generic,
1712760000000,2024-04-10T14:40:00Z,288-1-1-116,,device_not_recording
1712760060000,2024-04-10T14:41:00Z,288-1-1-116,generic,
1712760120000,2024-04-10T14:42:00Z,288-1-1-116,generic,
1712760180000,2024-04-10T14:43:00Z,288-1-1-116,generic,
1712760240000,2024-04-10T14:44:00Z,288-1-1-116,generic,
1712760300000,2024-04-10T14:45:00Z,288-1-1-116,generic,
1712760360000,2024-04-10T14:46:00Z,288-1-1-116,generic,
1712760420000,2024-04-10T14:47:00Z,288-1-1-116,generic,
1712760480000,2024-04-10T14:48:00Z,288-1-1-116,walking,
1712760540000,2024-04-10T14:49:00Z,288-1-1-116,walking,
1712760600000,2024-04-10T14:50:00Z,288-1-1-116,generic,
1712760660000,2024-04-10T14:51:00Z,288-1-1-116,walking,
1712760720000,2024-04-10T14:52:00Z,288-1-1-116,still,
1712760780000,2024-04-10T14:53:00Z,288-1-1-116,generic,
1712760840000,2024-04-10T14:54:00Z,288-1-1-116,generic,
1712760900000,2024-04-10T14:55:00Z,288-1-1-116,generic,
1712760960000,2024-04-10T14:56:00Z,288-1-1-116,generic,
1712761020000,2024-04-10T14:57:00Z,288-1-1-116,generic,
1712761080000,2024-04-10T14:58:00Z,288-1-1-116,generic,
1712761140000,2024-04-10T14:59:00Z,288-1-1-116,walking,
1712761200000,2024-04-10T15:00:00Z,288-1-1-116,generic,
1712761260000,2024-04-10T15:01:00Z,288-1-1-116,generic,
1712761320000,2024-04-10T15:02:00Z,288-1-1-116,generic,
1712761380000,2024-04-10T15:03:00Z,288-1-1-116,still,
1712761440000,2024-04-10T15:04:00Z,288-1-1-116,generic,
1712761500000,2024-04-10T15:05:00Z,288-1-1-116,generic,
1712761560000,2024-04-10T15:06:00Z,288-1-1-116,generic,
1712761620000,2024-04-10T15:07:00Z,288-1-1-116,walking,
1712761680000,2024-04-10T15:08:00Z,288-1-1-116,walking,
1712761740000,2024-04-10T15:09:00Z,288-1-1-116,generic,
1712761800000,2024-04-10T15:10:00Z,288-1-1-116,still,
1712761860000,2024-04-10T15:11:00Z,288-1-1-116,generic,
1712761920000,2024-04-10T15:12:00Z,288-1-1-116,generic,
1712761980000,2024-04-10T15:13:00Z,288-1-1-116,generic,
1712762040000,2024-04-10T15:14:00Z,288-1-1-116,,device_not_recording
1712762100000,2024-04-10T15:15:00Z,288-1-1-116,still,
1712762160000,2024-04-10T15:16:00Z,288-1-1-116,generic,
1712762220000,2024-04-10T15:17:00Z,288-1-1-116,generic,
1712762280000,2024-04-10T15:18:00Z,288-1-1-116,generic,
1712762340000,2024-04-10T15:19:00Z,288-1-1-116,,device_not_recording
1712762400000,2024-04-10T15:20:00Z,288-1-1-116,walking,
1712762460000,2024-04-10T15:21:00Z,288-1-1-116,generic,
1712762520000,2024-04-10T15:22:00Z,288-1-1-116,generic,
1712762580000,2024-04-10T15:23:00Z,288-1-1-116,generic,
1712762640000,2024-04-10T15:24:00Z,288-1-1-116,generic,
1712762700000,2024-04-10T15:25:00Z,288-1-1-116,generic,
1712762760000,2024-04-10T15:26:00Z,288-1-1-116,generic,
1712762820000,2024-04-10T15:27:00Z,288-1-1-116,generic,
1712762880000,2024-04-10T15:28:00Z,288-1-1-116,generic,
1712762940000,2024-04-10T15:29:00Z,288-1-1-116,generic,
1712763000000,2024-04-10T15:30:00Z,288-1-1-116,generic,
1712763060000,2024-04-10T15:31:00Z,288-1-1-116,still,
1712763120000,2024-04-10T15:32:00Z,288-1-1-116,,device_not_recording
1712763180000,2024-04-10T15:33:00Z,288-1-1-116,still,
1712763240000,2024-04-10T15:34:00Z,288-1-1-116,generic,
1712763300000,2024-04-10T15:35:00Z,288-1-1-116,still,
1712763360000,2024-04-10T15:36:00Z,288-1-1-116,still,
1712763420000,2024-04-10T15:37:00Z,288-1-1-116,,device_not_recording
1712763480000,2024-04-10T15:38:00Z,288-1-1-116,walking,
1712763540000,2024-04-10T15:39:00Z,288-1-1-116,walking,
1712763600000,2024-04-10T15:40:00Z,288-1-1-116,walking,
1712763660000,2024-04-10T15:41:00Z,288-1-1-116,generic,
1712763720000,2024-04-10T15:42:00Z,288-1-1-116,walking,
1712763780000,2024-04-10T15:43:00Z,288-1-1-116,generic,
1712763840000,2024-04-10T15:44:00Z,288-1-1-116,generic,
1712763900000,2024-04-10T15:45:00Z,288-1-1-116,generic,
1712763960000,2024-04-10T15:46:00Z,288-1-1-116,walking,
1712764020000,2024-04-10T15:47:00Z,288-1-1-116,walking,
1712764080000,2024-04-10T15:48:00Z,288-1-1-116,,device_not_recording
1712764140000,2024-04-10T15:49:00Z,288-1-1-116,generic,
1712764200000,2024-04-10T15:50:00Z,288-1-1-116,generic,
1712764260000,2024-04-10T15:51:00Z,288-1-1-116,generic,
1712764320000,2024-04-10T15:52:00Z,288-1-1-116,generic,
1712764380000,2024-04-10T15:53:00Z,288-1-1-116,generic,
1712764440000,2024-04-10T15:54:00Z,288-1-1-116,still,
1712764500000,2024-04-10T15:55:00Z,288-1-1-116,generic,
1712764560000,2024-04-10T15:56:00Z,288-1-1-116,,device_not_recording
1712764620000,2024-04-10T15:57:00Z,288-1-1-116,still,
1712764680000,2024-04-10T15:58:00Z,288-1-1-116,generic,
1712764740000,2024-04-10T15:59:00Z,288-1-1-116,generic,
1712764800000,2024-04-10T16:00:00Z,288-1-1-116,generic,
1712764860000,2024-04-10T16:01:00Z,288-1-1-116,generic,
1712764920000,2024-04-10T16:02:00Z,288-1-1-116,still,
1712764980000,2024-04-10T16:03:00Z,288-1-1-116,still,
1712765040000,2024-04-10T16:04:00Z,288-1-1-116,still,
1712765100000,2024-04-10T16:05:00Z,288-1-1-116,walking,
1712765160000,2024-04-10T16:06:00Z,288-1-1-116,generic,
1712765220000,2024-04-10T16:07:00Z,288-1-1-116,generic,
1712765280000,2024-04-10T16:08:00Z,288-1-1-116,generic,
1712765340000,2024-04-10T16:09:00Z,288-1-1-116,generic,
1712765400000,2024-04-10T16:10:00Z,288-1-1-116,walking,
1712765460000,2024-04-10T16:11:00Z,288-1-1-116,walking,
1712765520000,2024-04-10T16:12:00Z,288-1-1-116,walking,
1712765580000,2024-04-10T16:13:00Z,288-1-1-116,,device_not_recording
1712765640000,2024-04-10T16:14:00Z,288-1-1-116,walking,
1712765700000,2024-04-10T16:15:00Z,288-1-1-116,generic,
1712765760000,2024-04-10T16:16:00Z,288-1-1-116,generic,
1712765820000,2024-04-10T16:17:00Z,288-1-1-116,generic,
1712765880000,2024-04-10T16:18:00Z,288-1-1-116,generic,
1712765940000,2024-04-10T16:19:00Z,288-1-1-116,generic,
1712766000000,2024-04-10T16:20:00Z,288-1-1-116,generic,
1712766060000,2024-04-10T16:21:00Z,288-1-1-116,walking,
1712766120000,2024-04-10T16:22:00Z,288-1-1-116,generic,
1712766180000,2024-04-10T16:23:00Z,288-1-1-116,generic,
1712766240000,2024-04-10T16:24:00Z,288-1-1-116,generic,
1712766300000,2024-04-10T16:25:00Z,288-1-1-116,generic,
1712766360000,2024-04-10T16:26:00Z,288-1-1-116,generic,
1712766420000,2024-04-10T16:27:00Z,288-1-1-116,generic,
1712766480000,2024-04-10T16:28:00Z,288-1-1-116,generic,
1712766540000,2024-04-10T16:29:00Z,288-1-1-116,walking,
1712766600000,2024-04-10T16:30:00Z,288-1-1-116,generic,
1712766660000,2024-04-10T16:31:00Z,288-1-1-116,,device_not_recording
1712766720000,2024-04-10T16:32:00Z,288-1-1-116,generic,
1712766780000,2024-04-10T16:33:00Z,288-1-1-116,generic,
1712766840000,2024-04-10T16:34:00Z,288-1-1-116,walking,
1712766900000,2024-04-10T16:35:00Z,288-1-1-116,generic,
1712766960000,2024-04-10T16:36:00Z,288-1-1-116,generic,
1712767020000,2024-04-10T16:37:00Z,288-1-1-116,generic,
1712767080000,2024-04-10T16:38:00Z,288-1-1-116,generic,
1712767140000,2024-04-10T16:39:00Z,288-1-1-116,generic,
1712767200000,2024-04-10T16:40:00Z,288-1-1-116,generic,
1712767260000,2024-04-10T16:41:00Z,288-1-1-116,walking,
1712767320000,2024-04-10T16:42:00Z,288-1-1-116,generic,
1712767380000,2024-04-10T16:43:00Z,288-1-1-116,generic,
1712767440000,2024-04-10T16:44:00Z,288-1-1-116,generic,
1712767500000,2024-04-10T16:45:00Z,288-1-1-116,generic,
1712767560000,2024-04-10T16:46:00Z,288-1-1-116,generic,
1712767620000,2024-04-10T16:47:00Z,288-1-1-116,generic,
1712767680000,2024-04-10T16:48:00Z,288-1-1-116,generic,
1712767740000,2024-04-10T16:49:00Z,288-1-1-116,generic,
1712767800000,2024-04-10T16:50:00Z,288-1-1-116,,device_not_recording
1712767860000,2024-04-10T16:51:00Z,288-1-1-116,generic,
1712767920000,2024-04-10T16:52:00Z,288-1-1-116,generic,
1712767980000,2024-04-10T16:53:00Z,288-1-1-116,generic,
1712768040000,2024-04-10T16:54:00Z,288-1-1-116,generic,
1712768100000,2024-04-10T16:55:00Z,288-1-1-116,generic,
1712768160000,2024-04-10T16:56:00Z,288-1-1-116,,device_not_recording
1712768220000,2024-04-10T16:57:00Z,288-1-1-116,generic,
1712768280000,2024-04-10T16:58:00Z,288-1-1-116,generic,
1712768340000,2024-04-10T16:59:00Z,288-1-1-116,generic,
1712768400000,2024-04-10T17:00:00Z,288-1-1-116,generic,
1712768460000,2024-04-10T17:01:00Z,288-1-1-116,generic,
1712768520000,2024-04-10T17:02:00Z,288-1-1-116,generic,
1712768580000,2024-04-10T17:03:00Z,288-1-1-116,generic,
1712768640000,2024-04-10T17:04:00Z,288-1-1-116,generic,
1712768700000,2024-04-10T17:05:00Z,288-1-1-116,generic,
1712768760000,2024-04-10T17:06:00Z,288-1-1-116,generic,
1712768820000,2024-04-10T17:07:00Z,288-1-1-116,,device_not_recording
1712768880000,2024-04-10T17:08:00Z,288-1-1-116,generic,
1712768940000,2024-04-10T17:09:00Z,288-1-1-116,walking,
1712769000000,2024-04-10T17:10:00Z,288-1-1-116,walking,
1712769060000,2024-04-10T17:11:00Z,288-1-1-116,generic,
1712769120000,2024-04-10T17:12:00Z,288-1-1-116,generic,
1712769180000,2024-04-10T17:13:00Z,288-1-1-116,generic,
1712769240000,2024-04-10T17:14:00Z,288-1-1-116,walking,
1712769300000,2024-04-10T17:15:00Z,288-1-1-116,walking,
1712769360000,2024-04-10T17:16:00Z,288-1-1-116,generic,
1712769420000,2024-04-10T17:17:00Z,288-1-1-116,generic,
1712769480000,2024-04-10T17:18:00Z,288-1-1-116,generic,
1712769540000,2024-04-10T17:19:00Z,288-1-1-116,walking,
1712769600000,2024-04-10T17:20:00Z,288-1-1-116,walking,
1712769660000,2024-04-10T17:21:00Z,288-1-1-116,generic,
1712769720000,2024-04-10T17:22:00Z,288-1-1-116,generic,
1712769780000,2024-04-10T17:23:00Z,288-1-1-116,generic,
1712769840000,2024-04-10T17:24:00Z,288-1-1-116,generic,
1712769900000,2024-04-10T17:25:00Z,288-1-1-116,generic,
1712769960000,2024-04-10T17:26:00Z,288-1-1-116,,device_not_recording
1712770020000,2024-04-10T17:27:00Z,288-1-1-116,generic,
1712770080000,2024-04-10T17:28:00Z,288-1-1-116,generic,
1712770140000,2024-04-10T17:29:00Z,288-1-1-116,generic,
1712770200000,2024-04-10T17:30:00Z,288-1-1-116,,device_not_recording
1712770260000,2024-04-10T17:31:00Z,288-1-1-116,generic,
1712770320000,2024-04-10T17:32:00Z,288-1-1-116,generic,
1712770380000,2024-04-10T17:33:00Z,288-1-1-116,generic,
1712770440000,2024-04-10T17:34:00Z,288-1-1-116,generic,
1712770500000,2024-04-10T17:35:00Z,288-1-1-116,generic,
1712770560000,2024-04-10T17:36:00Z,288-1-1-116,walking,
1712770620000,2024-04-10T17:37:00Z,288-1-1-116,,device_not_recording
1712770680000,2024-04-10T17:38:00Z,288-1-1-116,generic,
1712770740000,2024-04-10T17:39:00Z,288-1-1-116,generic,
1712770800000,2024-04-10T17:40:00Z,288-1-1-116,generic,
1712770860000,2024-04-10T17:41:00Z,288-1-1-116,generic,
1712770920000,2024-04-10T17:42:00Z,288-1-1-116,generic,
1712770980000,2024-04-10T17:43:00Z,288-1-1-116,generic,
1712771040000,2024-04-10T17:44:00Z,288-1-1-116,,device_not_recording
1712771100000,2024-04-10T17:45:00Z,288-1-1-116,walking,
1712771160000,2024-04-10T17:46:00Z,288-1-1-116,generic,
1712771220000,2024-04-10T17:47:00Z,288-1-1-116,,device_not_recording
1712771280000,2024-04-10T17:48:00Z,288-1-1-116,generic,
1712771340000,2024-04-10T17:49:00Z,288-1-1-116,generic,
1712771400000,2024-04-10T17:50:00Z,288-1-1-116,generic,
1712771460000,2024-04-10T17:51:00Z,288-1-1-116,generic,
1712771520000,2024-04-10T17:52:00Z,288-1-1-116,generic,
1712771580000,2024-04-10T17:53:00Z,288-1-1-116,generic,
1712771640000,2024-04-10T17:54:00Z,288-1-1-116,generic,
1712771700000,2024-04-10T17:55:00Z,288-1-1-116,generic,
1712771760000,2024-04-10T17:56:00Z,288-1-1-116,generic,
1712771820000,2024-04-10T17:57:00Z,288-1-1-116,generic,
1712771880000,2024-04-10T17:58:00Z,288-1-1-116,generic,
1712771940000,2024-04-10T17:59:00Z,288-1-1-116,generic,
1712772000000,2024-04-10T18:00:00Z,288-1-1-116,generic,
1712772060000,2024-04-10T18:01:00Z,288-1-1-116,generic,
1712772120000,2024-04-10T18:02:00Z,288-1-1-116,generic,
1712772180000,2024-04-10T18:03:00Z,288-1-1-116,still,
1712772240000,2024-04-10T18:04:00Z,288-1-1-116,generic,
1712772300000,2024-04-10T18:05:00Z,288-1-1-116,generic,
1712772360000,2024-04-10T18:06:00Z,288-1-1-116,generic,
1712772420000,2024-04-10T18:07:00Z,288-1-1-116,generic,
1712772480000,2024-04-10T18:08:00Z,288-1-1-116,generic,
1712772540000,2024-04-10T18:09:00Z,288-1-1-116,generic,
1712772600000,2024-04-10T18:10:00Z,288-1-1-116,generic,
1712772660000,2024-04-10T18:11:00Z,288-1-1-116,generic,
1712772720000,2024-04-10T18:12:00Z,288-1-1-116,generic,
1712772780000,2024-04-10T18:13:00Z,288-1-1-116,generic,
1712772840000,2024-04-10T18:14:00Z,288-1-1-116,generic,
1712772900000,2024-04-10T18:15:00Z,288-1-1-116,walking,
1712772960000,2024-04-10T18:16:00Z,288-1-1-116,generic,
1712773020000,2024-04-10T18:17:00Z,288-1-1-116,generic,
1712773080000,2024-04-10T18:18:00Z,288-1-1-116,generic,
1712773140000,2024-04-10T18:19:00Z,288-1-1-116,generic,
1712773200000,2024-04-10T18:20:00Z,288-1-1-116,generic,
1712773260000,2024-04-10T18:21:00Z,288-1-1-116,generic,
1712773320000,2024-04-10T18:22:00Z,288-1-1-116,generic,
1712773380000,2024-04-10T18:23:00Z,288-1-1-116,walking,
1712773440000,2024-04-10T18:24:00Z,288-1-1-116,walking,
1712773500000,2024-04-10T18:25:00Z,288-1-1-116,generic,
1712773560000,2024-04-10T18:26:00Z,288-1-1-116,generic,
1712773620000,2024-04-10T18:27:00Z,288-1-1-116,walking,
1712773680000,2024-04-10T18:28:00Z,288-1-1-116,,device_not_recording
1712773740000,2024-04-10T18:29:00Z,288-1-1-116,generic,
1712773800000,2024-04-10T18:30:00Z,288-1-1-116,generic,
1712773860000,2024-04-10T18:31:00Z,288-1-1-116,generic,
1712773920000,2024-04-10T18:32:00Z,288-1-1-116,generic,
1712773980000,2024-04-10T18:33:00Z,288-1-1-116,generic,
1712774040000,2024-04-10T18:34:00Z,288-1-1-116,generic,
1712774100000,2024-04-10T18:35:00Z,288-1-1-116,generic,
1712774160000,2024-04-10T18:36:00Z,288-1-1-116,generic,
1712774220000,2024-04-10T18:37:00Z,288-1-1-116,still,
1712774280000,2024-04-10T18:38:00Z,288-1-1-116,generic,
1712774340000,2024-04-10T18:39:00Z,288-1-1-116,generic,
1712774400000,2024-04-10T18:40:00Z,288-1-1-116,,device_not_recording
1712774460000,2024-04-10T18:41:00Z,288-1-1-116,generic,
1712774520000,2024-04-10T18:42:00Z,288-1-1-116,generic,
1712774580000,2024-04-10T18:43:00Z,288-1-1-116,generic,
1712774640000,2024-04-10T18:44:00Z,288-1-1-116,generic,
1712774700000,2024-04-10T18:45:00Z,288-1-1-116,,device_not_recording
1712774760000,2024-04-10T18:46:00Z,288-1-1-116,generic,
1712774820000,2024-04-10T18:47:00Z,288-1-1-116,walking,
1712774880000,2024-04-10T18:48:00Z,288-1-1-116,walking,
1712774940000,2024-04-10T18:49:00Z,288-1-1-116,generic,
1712775000000,2024-04-10T18:50:00Z,288-1-1-116,generic,
1712775060000,2024-04-10T18:51:00Z,288-1-1-116,generic,
1712775120000,2024-04-10T18:52:00Z,288-1-1-116,generic,
1712775180000,2024-04-10T18:53:00Z,288-1-1-116,still,
1712775240000,2024-04-10T18:54:00Z,288-1-1-116,still,
1712775300000,2024-04-10T18:55:00Z,288-1-1-116,generic,
1712775360000,2024-04-10T18:56:00Z,288-1-1-116,,device_not_recording
1712775420000,2024-04-10T18:57:00Z,288-1-1-116,walking,
1712775480000,2024-04-10T18:58:00Z,288-1-1-116,walking,
1712775540000,2024-04-10T18:59:00Z,288-1-1-116,generic,
1712775600000,2024-04-10T19:00:00Z,288-1-1-116,generic,
1712775660000,2024-04-10T19:01:00Z,288-1-1-116,generic,
1712775720000,2024-04-10T19:02:00Z,288-1-1-116,generic,
1712775780000,2024-04-10T19:03:00Z,288-1-1-116,generic,
1712775840000,2024-04-10T19:04:00Z,288-1-1-116,generic,
1712775900000,2024-04-10T19:05:00Z,288-1-1-116,generic,
1712775960000,2024-04-10T19:06:00Z,288-1-1-116,generic,
1712776020000,2024-04-10T19:07:00Z,288-1-1-116,,device_not_recording
1712776080000,2024-04-10T19:08:00Z,288-1-1-116,generic,
1712776140000,2024-04-10T19:09:00Z,288-1-1-116,walking,
1712776200000,2024-04-10T19:10:00Z,288-1-1-116,walking,
1712776260000,2024-04-10T19:11:00Z,288-1-1-116,walking,
1712776320000,2024-04-10T19:12:00Z,288-1-1-116,walking,
1712776380000,2024-04-10T19:13:00Z,288-1-1-116,walking,
1712776440000,2024-04-10T19:14:00Z,288-1-1-116,walking,
1712776500000,2024-04-10T19:15:00Z,288-1-1-116,walking,
1712776560000,2024-04-10T19:16:00Z,288-1-1-116,walking,
1712776620000,2024-04-10T19:17:00Z,288-1-1-116,walking,
1712776680000,2024-04-10T19:18:00Z,288-1-1-116,,device_not_recording
1712776740000,2024-04-10T19:19:00Z,288-1-1-116,walking,
1712776800000,2024-04-10T19:20:00Z,288-1-1-116,walking,
1712776860000,2024-04-10T19:21:00Z,288-1-1-116,walking,
1712776920000,2024-04-10T19:22:00Z,288-1-1-116,walking,
1712776980000,2024-04-10T19:23:00Z,288-1-1-116,generic,
1712777040000,2024-04-10T19:24:00Z,288-1-1-116,walking,
1712777100000,2024-04-10T19:25:00Z,288-1-1-116,generic,
1712777160000,2024-04-10T19:26:00Z,288-1-1-116,generic,
1712777220000,2024-04-10T19:27:00Z,288-1-1-116,generic,
1712777280000,2024-04-10T19:28:00Z,288-1-1-116,generic,
1712777340000,2024-04-10T19:29:00Z,288-1-1-116,generic,
1712777400000,2024-04-10T19:30:00Z,288-1-1-116,generic,
1712777460000,2024-04-10T19:31:00Z,288-1-1-116,generic,
1712777520000,2024-04-10T19:32:00Z,288-1-1-116,generic,
1712777580000,2024-04-10T19:33:00Z,288-1-1-116,generic,
1712777640000,2024-04-10T19:34:00Z,288-1-1-116,generic,
1712777700000,2024-04-10T19:35:00Z,288-1-1-116,still,
1712777760000,2024-04-10T19:36:00Z,288-1-1-116,still,
1712777820000,2024-04-10T19:37:00Z,288-1-1-116,generic,
1712777880000,2024-04-10T19:38:00Z,288-1-1-116,still,
1712777940000,2024-04-10T19:39:00Z,288-1-1-116,still,
1712778000000,2024-04-10T19:40:00Z,288-1-1-116,still,
1712778060000,2024-04-10T19:41:00Z,288-1-1-116,still,
1712778120000,2024-04-10T19:42:00Z,288-1-1-116,still,
1712778180000,2024-04-10T19:43:00Z,288-1-1-116,still,
1712778240000,2024-04-10T19:44:00Z,288-1-1-116,still,
1712778300000,2024-04-10T19:45:00Z,288-1-1-116,still,
1712778360000,2024-04-10T19:46:00Z,288-1-1-116,still,
1712778420000,2024-04-10T19:47:00Z,288-1-1-116,still,
1712778480000,2024-04-10T19:48:00Z,288-1-1-116,still,
1712778540000,2024-04-10T19:49:00Z,288-1-1-116,still,
1712778600000,2024-04-10T19:50:00Z,288-1-1-116,still,
1712778660000,2024-04-10T19:51:00Z,288-1-1-116,still,
1712778720000,2024-04-10T19:52:00Z,288-1-1-116,still,
1712778780000,2024-04-10T19:53:00Z,288-1-1-116,still,
1712778840000,2024-04-10T19:54:00Z,288-1-1-116,still,
1712778900000,2024-04-10T19:55:00Z,288-1-1-116,still,
1712778960000,2024-04-10T19:56:00Z,288-1-1-116,still,
1712779020000,2024-04-10T19:57:00Z,288-1-1-116,still,
1712779080000,2024-04-10T19:58:00Z,288-1-1-116,still,
1712779140000,2024-04-10T19:59:00Z,288-1-1-116,still,
1712779200000,2024-04-10T20:00:00Z,288-1-1-116,still,
1712779260000,2024-04-10T20:01:00Z,288-1-1-116,still,
1712779320000,2024-04-10T20:02:00Z,288-1-1-116,still,
1712779380000,2024-04-10T20:03:00Z,288-1-1-116,still,
1712779440000,2024-04-10T20:04:00Z,288-1-1-116,still,
1712779500000,2024-04-10T20:05:00Z,288-1-1-116,still,
1712779560000,2024-04-10T20:06:00Z,288-1-1-116,still,
1712779620000,2024-04-10T20:07:00Z,288-1-1-116,still,
1712779680000,2024-04-10T20:08:00Z,288-1-1-116,still,
1712779740000,2024-04-10T20:09:00Z,288-1-1-116,still,
1712779800000,2024-04-10T20:10:00Z,288-1-1-116,still,
1712779860000,2024-04-10T20:11:00Z,288-1-1-116,still,
1712779920000,2024-04-10T20:12:00Z,288-1-1-116,still,
1712779980000,2024-04-10T20:13:00Z,288-1-1-116,still,
1712780040000,2024-04-10T20:14:00Z,288-1-1-116,still,
1712780100000,2024-04-10T20:15:00Z,288-1-1-116,still,
1712780160000,2024-04-10T20:16:00Z,288-1-1-116,still,
1712780220000,2024-04-10T20:17:00Z,288-1-1-116,still,
1712780280000,2024-04-10T20:18:00Z,288-1-1-116,still,
1712780340000,2024-04-10T20:19:00Z,288-1-1-116,still,
1712780400000,2024-04-10T20:20:00Z,288-1-1-116,still,
1712780460000,2024-04-10T20:21:00Z,288-1-1-116,still,
1712780520000,2024-04-10T20:22:00Z,288-1-1-116,still,
1712780580000,2024-04-10T20:23:00Z,288-1-1-116,still,
1712780640000,2024-04-10T20:24:00Z,288-1-1-116,still,
1712780700000,2024-04-10T20:25:00Z,288-1-1-116,still,
1712780760000,2024-04-10T20:26:00Z,288-1-1-116,still,
1712780820000,2024-04-10T20:27:00Z,288-1-1-116,still,
1712780880000,2024-04-10T20:28:00Z,288-1-1-116,still,
1712780940000,2024-04-10T20:29:00Z,288-1-1-116,still,
1712781000000,2024-04-10T20:30:00Z,288-1-1-116,still,
1712781060000,2024-04-10T20:31:00Z,288-1-1-116,still,
1712781120000,2024-04-10T20:32:00Z,288-1-1-116,still,
1712781180000,2024-04-10T20:33:00Z,288-1-1-116,still,
1712781240000,2024-04-10T20:34:00Z,288-1-1-116,still,
1712781300000,2024-04-10T20:35:00Z,288-1-1-116,still,
1712781360000,2024-04-10T20:36:00Z,288-1-1-116,still,
1712781420000,2024-04-10T20:37:00Z,288-1-1-116,still,
1712781480000,2024-04-10T20:38:00Z,288-1-1-116,still,
1712781540000,2024-04-10T20:39:00Z,288-1-1-116,still,
1712781600000,2024-04-10T20:40:00Z,288-1-1-116,still,
1712781660000,2024-04-10T20:41:00Z,288-1-1-116,still,
1712781720000,2024-04-10T20:42:00Z,288-1-1-116,still,
1712781780000,2024-04-10T20:43:00Z,288-1-1-116,,device_not_recording
1712781840000,2024-04-10T20:44:00Z,288-1-1-116,,device_not_recording
1712781900000,2024-04-10T20:45:00Z,288-1-1-116,,device_not_recording
1712781960000,2024-04-10T20:46:00Z,288-1-1-116,,device_not_recording
1712782020000,2024-04-10T20:47:00Z,288-1-1-116,,device_not_recording
1712782080000,2024-04-10T20:48:00Z,288-1-1-116,,device_not_recording
1712782140000,2024-04-10T20:49:00Z,288-1-1-116,,device_not_recording
1712782200000,2024-04-10T20:50:00Z,288-1-1-116,,device_not_recording
1712782260000,2024-04-10T20:51:00Z,288-1-1-116,,device_not_recording
1712782320000,2024-04-10T20:52:00Z,288-1-1-116,,device_not_recording
1712782380000,2024-04-10T20:53:00Z,288-1-1-116,,device_not_recording
1712782440000,2024-04-10T20:54:00Z,288-1-1-116,,device_not_recording
1712782500000,2024-04-10T20:55:00Z,288-1-1-116,,device_not_recording
1712782560000,2024-04-10T20:56:00Z,288-1-1-116,,device_not_recording
1712782620000,2024-04-10T20:57:00Z,288-1-1-116,,device_not_recording
1712782680000,2024-04-10T20:58:00Z,288-1-1-116,,device_not_recording
1712782740000,2024-04-10T20:59:00Z,288-1-1-116,,device_not_recording
1712782800000,2024-04-10T21:00:00Z,288-1-1-116,,device_not_recording
1712782860000,2024-04-10T21:01:00Z,288-1-1-116,,device_not_recording
1712782920000,2024-04-10T21:02:00Z,288-1-1-116,,device_not_recording
1712782980000,2024-04-10T21:03:00Z,288-1-1-116,,device_not_recording
1712783040000,2024-04-10T21:04:00Z,288-1-1-116,,device_not_recording
1712783100000,2024-04-10T21:05:00Z,288-1-1-116,,device_not_recording
1712783160000,2024-04-10T21:06:00Z,288-1-1-116,,device_not_recording
1712783220000,2024-04-10T21:07:00Z,288-1-1-116,,device_not_recording
1712783280000,2024-04-10T21:08:00Z,288-1-1-116,,device_not_recording
1712783340000,2024-04-10T21:09:00Z,288-1-1-116,,device_not_recording
1712783400000,2024-04-10T21:10:00Z,288-1-1-116,,device_not_recording
1712783460000,2024-04-10T21:11:00Z,288-1-1-116,,device_not_recording
1712783520000,2024-04-10T21:12:00Z,288-1-1-116,,device_not_recording
1712783580000,2024-04-10T21:13:00Z,288-1-1-116,,device_not_recording
1712783640000,2024-04-10T21:14:00Z,288-1-1-116,,device_not_recording
1712783700000,2024-04-10T21:15:00Z,288-1-1-116,,device_not_recording
1712783760000,2024-04-10T21:16:00Z,288-1-1-116,,device_not_recording
1712783820000,2024-04-10T21:17:00Z,288-1-1-116,,device_not_recording
1712783880000,2024-04-10T21:18:00Z,288-1-1-116,,device_not_recording
1712783940000,2024-04-10T21:19:00Z,288-1-1-116,,device_not_recording
1712784000000,2024-04-10T21:20:00Z,288-1-1-116,,device_not_recording
1712784060000,2024-04-10T21:21:00Z,288-1-1-116,,device_not_recording
1712784120000,2024-04-10T21:22:00Z,288-1-1-116,,device_not_recording
1712784180000,2024-04-10T21:23:00Z,288-1-1-116,,device_not_recording
1712784240000,2024-04-10T21:24:00Z,288-1-1-116,,device_not_recording
1712784300000,2024-04-10T21:25:00Z,288-1-1-116,,device_not_recording
1712784360000,2024-04-10T21:26:00Z,288-1-1-116,,device_not_recording
1712784420000,2024-04-10T21:27:00Z,288-1-1-116,,device_not_recording
1712784480000,2024-04-10T21:28:00Z,288-1-1-116,,device_not_recording
1712784540000,2024-04-10T21:29:00Z,288-1-1-116,,device_not_recording
1712784600000,2024-04-10T21:30:00Z,288-1-1-116,,device_not_recording
1712784660000,2024-04-10T21:31:00Z,288-1-1-116,,device_not_recording
1712784720000,2024-04-10T21:32:00Z,288-1-1-116,,device_not_recording
1712784780000,2024-04-10T21:33:00Z,288-1-1-116,,device_not_recording
1712784840000,2024-04-10T21:34:00Z,288-1-1-116,,device_not_recording
1712784900000,2024-04-10T21:35:00Z,288-1-1-116,,device_not_recording
1712784960000,2024-04-10T21:36:00Z,288-1-1-116,,device_not_recording
1712785020000,2024-04-10T21:37:00Z,288-1-1-116,,device_not_recording
1712785080000,2024-04-10T21:38:00Z,288-1-1-116,,device_not_recording
1712785140000,2024-04-10T21:39:00Z,288-1-1-116,,device_not_recording
1712785200000,2024-04-10T21:40:00Z,288-1-1-116,,device_not_recording
1712785260000,2024-04-10T21:41:00Z,288-1-1-116,,device_not_recording
1712785320000,2024-04-10T21:42:00Z,288-1-1-116,,device_not_recording
1712785380000,2024-04-10T21:43:00Z,288-1-1-116,,device_not_recording
1712785440000,2024-04-10T21:44:00Z,288-1-1-116,,device_not_recording
1712785500000,2024-04-10T21:45:00Z,288-1-1-116,,device_not_recording
1712785560000,2024-04-10T21:46:00Z,288-1-1-116,,device_not_recording
1712785620000,2024-04-10T21:47:00Z,288-1-1-116,,device_not_recording
1712785680000,2024-04-10T21:48:00Z,288-1-1-116,,device_not_recording
1712785740000,2024-04-10T21:49:00Z,288-1-1-116,,device_not_recording
1712785800000,2024-04-10T21:50:00Z,288-1-1-116,,device_not_recording
1712785860000,2024-04-10T21:51:00Z,288-1-1-116,,device_not_recording
1712785920000,2024-04-10T21:52:00Z,288-1-1-116,,device_not_recording
1712785980000,2024-04-10T21:53:00Z,288-1-1-116,,device_not_recording
1712786040000,2024-04-10T21:54:00Z,288-1-1-116,,device_not_recording
1712786100000,2024-04-10T21:55:00Z,288-1-1-116,,device_not_recording
1712786160000,2024-04-10T21:56:00Z,288-1-1-116,,device_not_recording
1712786220000,2024-04-10T21:57:00Z,288-1-1-116,,device_not_recording
1712786280000,2024-04-10T21:58:00Z,288-1-1-116,,device_not_recording
1712786340000,2024-04-10T21:59:00Z,288-1-1-116,,device_not_recording
1712786400000,2024-04-10T22:00:00Z,288-1-1-116,,device_not_recording
1712786460000,2024-04-10T22:01:00Z,288-1-1-116,,device_not_recording
1712786520000,2024-04-10T22:02:00Z,288-1-1-116,,device_not_recording
1712786580000,2024-04-10T22:03:00Z,288-1-1-116,,device_not_recording
1712786640000,2024-04-10T22:04:00Z,288-1-1-116,,device_not_recording
1712786700000,2024-04-10T22:05:00Z,288-1-1-116,,device_not_recording
1712786760000,2024-04-10T22:06:00Z,288-1-1-116,,device_not_recording
1712786820000,2024-04-10T22:07:00Z,288-1-1-116,,device_not_recording
1712786880000,2024-04-10T22:08:00Z,288-1-1-116,,device_not_recording
1712786940000,2024-04-10T22:09:00Z,288-1-1-116,,device_not_recording
1712787000000,2024-04-10T22:10:00Z,288-1-1-116,,device_not_recording
1712787060000,2024-04-10T22:11:00Z,288-1-1-116,,device_not_recording
1712787120000,2024-04-10T22:12:00Z,288-1-1-116,,device_not_recording
1712787180000,2024-04-10T22:13:00Z,288-1-1-116,,device_not_recording
1712787240000,2024-04-10T22:14:00Z,288-1-1-116,,device_not_recording
1712787300000,2024-04-10T22:15:00Z,288-1-1-116,,device_not_recording
1712787360000,2024-04-10T22:16:00Z,288-1-1-116,,device_not_recording
1712787420000,2024-04-10T22:17:00Z,288-1-1-116,,device_not_recording
1712787480000,2024-04-10T22:18:00Z,288-1-1-116,,device_not_recording
1712787540000,2024-04-10T22:19:00Z,288-1-1-116,,device_not_recording
1712787600000,2024-04-10T22:20:00Z,288-1-1-116,,device_not_recording
1712787660000,2024-04-10T22:21:00Z,288-1-1-116,,device_not_recording
1712787720000,2024-04-10T22:22:00Z,288-1-1-116,,device_not_recording
1712787780000,2024-04-10T22:23:00Z,288-1-1-116,,device_not_recording
1712787840000,2024-04-10T22:24:00Z,288-1-1-116,,device_not_recording
1712787900000,2024-04-10T22:25:00Z,288-1-1-116,,device_not_recording
1712787960000,2024-04-10T22:26:00Z,288-1-1-116,,device_not_recording
1712788020000,2024-04-10T22:27:00Z,288-1-1-116,,device_not_recording
1712788080000,2024-04-10T22:28:00Z,288-1-1-116,,device_not_recording
1712788140000,2024-04-10T22:29:00Z,288-1-1-116,,device_not_recording
1712788200000,2024-04-10T22:30:00Z,288-1-1-116,,device_not_recording
1712788260000,2024-04-10T22:31:00Z,288-1-1-116,,device_not_recording
1712788320000,2024-04-10T22:32:00Z,288-1-1-116,,device_not_recording
1712788380000,2024-04-10T22:33:00Z,288-1-1-116,,device_not_recording
1712788440000,2024-04-10T22:34:00Z,288-1-1-116,,device_not_recording
1712788500000,2024-04-10T22:35:00Z,288-1-1-116,,device_not_recording
1712788560000,2024-04-10T22:36:00Z,288-1-1-116,,device_not_recording
1712788620000,2024-04-10T22:37:00Z,288-1-1-116,,device_not_recording
1712788680000,2024-04-10T22:38:00Z,288-1-1-116,,device_not_recording
1712788740000,2024-04-10T22:39:00Z,288-1-1-116,,device_not_recording
1712788800000,2024-04-10T22:40:00Z,288-1-1-116,,device_not_recording
1712788860000,2024-04-10T22:41:00Z,288-1-1-116,,device_not_recording
1712788920000,2024-04-10T22:42:00Z,288-1-1-116,,device_not_recording
1712788980000,2024-04-10T22:43:00Z,288-1-1-116,generic,
1712789040000,2024-04-10T22:44:00Z,288-1-1-116,generic,
1712789100000,2024-04-10T22:45:00Z,288-1-1-116,generic,
1712789160000,2024-04-10T22:46:00Z,288-1-1-116,generic,
1712789220000,2024-04-10T22:47:00Z,288-1-1-116,still,
1712789280000,2024-04-10T22:48:00Z,288-1-1-116,still,
1712789340000,2024-04-10T22:49:00Z,288-1-1-116,generic,
1712789400000,2024-04-10T22:50:00Z,288-1-1-116,generic,
1712789460000,2024-04-10T22:51:00Z,288-1-1-116,generic,
1712789520000,2024-04-10T22:52:00Z,288-1-1-116,generic,
1712789580000,2024-04-10T22:53:00Z,288-1-1-116,generic,
1712789640000,2024-04-10T22:54:00Z,288-1-1-116,generic,
1712789700000,2024-04-10T22:55:00Z,288-1-1-116,walking,
1712789760000,2024-04-10T22:56:00Z,288-1-1-116,generic,
1712789820000,2024-04-10T22:57:00Z,288-1-1-116,generic,
1712789880000,2024-04-10T22:58:00Z,288-1-1-116,generic,
1712789940000,2024-04-10T22:59:00Z,288-1-1-116,generic,
1712790000000,2024-04-10T23:00:00Z,288-1-1-116,generic,
1712790060000,2024-04-10T23:01:00Z,288-1-1-116,generic,
1712790120000,2024-04-10T23:02:00Z,288-1-1-116,still,
1712790180000,2024-04-10T23:03:00Z,288-1-1-116,generic,
1712790240000,2024-04-10T23:04:00Z,288-1-1-116,generic,
1712790300000,2024-04-10T23:05:00Z,288-1-1-116,generic,
1712790360000,2024-04-10T23:06:00Z,288-1-1-116,generic,
1712790420000,2024-04-10T23:07:00Z,288-1-1-116,generic,
1712790480000,2024-04-10T23:08:00Z,288-1-1-116,generic,
1712790540000,2024-04-10T23:09:00Z,288-1-1-116,generic,
1712790600000,2024-04-10T23:10:00Z,288-1-1-116,generic,
1712790660000,2024-04-10T23:11:00Z,288-1-1-116,generic,
1712790720000,2024-04-10T23:12:00Z,288-1-1-116,generic,
1712790780000,2024-04-10T23:13:00Z,288-1-1-116,generic,
1712790840000,2024-04-10T23:14:00Z,288-1-1-116,generic,
1712790900000,2024-04-10T23:15:00Z,288-1-1-116,generic,
1712790960000,2024-04-10T23:16:00Z,288-1-1-116,generic,
1712791020000,2024-04-10T23:17:00Z,288-1-1-116,generic,
1712791080000,2024-04-10T23:18:00Z,288-1-1-116,generic,
1712791140000,2024-04-10T23:19:00Z,288-1-1-116,generic,
1712791200000,2024-04-10T23:20:00Z,288-1-1-116,generic,
1712791260000,2024-04-10T23:21:00Z,288-1-1-116,generic,
1712791320000,2024-04-10T23:22:00Z,288-1-1-116,generic,
1712791380000,2024-04-10T23:23:00Z,288-1-1-116,generic,
1712791440000,2024-04-10T23:24:00Z,288-1-1-116,generic,
1712791500000,2024-04-10T23:25:00Z,288-1-1-116,generic,
1712791560000,2024-04-10T23:26:00Z,288-1-1-116,generic,
1712791620000,2024-04-10T23:27:00Z,288-1-1-116,generic,
1712791680000,2024-04-10T23:28:00Z,288-1-1-116,generic,
1712791740000,2024-04-10T23:29:00Z,288-1-1-116,still,
1712791800000,2024-04-10T23:30:00Z,288-1-1-116,generic,
1712791860000,2024-04-10T23:31:00Z,288-1-1-116,generic,
1712791920000,2024-04-10T23:32:00Z,288-1-1-116,generic,
1712791980000,2024-04-10T23:33:00Z,288-1-1-116,generic,
1712792040000,2024-04-10T23:34:00Z,288-1-1-116,generic,
1712792100000,2024-04-10T23:35:00Z,288-1-1-116,generic,
1712792160000,2024-04-10T23:36:00Z,288-1-1-116,generic,
1712792220000,2024-04-10T23:37:00Z,288-1-1-116,walking,
1712792280000,2024-04-10T23:38:00Z,288-1-1-116,walking,
1712792340000,2024-04-10T23:39:00Z,288-1-1-116,generic,
1712792400000,2024-04-10T23:40:00Z,288-1-1-116,still,
1712792460000,2024-04-10T23:41:00Z,288-1-1-116,generic,
1712792520000,2024-04-10T23:42:00Z,288-1-1-116,generic,
1712792580000,2024-04-10T23:43:00Z,288-1-1-116,walking,
1712792640000,2024-04-10T23:44:00Z,288-1-1-116,generic,
1712792700000,2024-04-10T23:45:00Z,288-1-1-116,generic,
1712792760000,2024-04-10T23:46:00Z,288-1-1-116,generic,
1712792820000,2024-04-10T23:47:00Z,288-1-1-116,generic,
1712792880000,2024-04-10T23:48:00Z,288-1-1-116,generic,
1712792940000,2024-04-10T23:49:00Z,288-1-1-116,generic,
1712793000000,2024-04-10T23:50:00Z,288-1-1-116,generic,
1712793060000,2024-04-10T23:51:00Z,288-1-1-116,still,
1712793120000,2024-04-10T23:52:00Z,288-1-1-116,generic,
1712793180000,2024-04-10T23:53:00Z,288-1-1-116,generic,
1712793240000,2024-04-10T23:54:00Z,288-1-1-116,still,
1712793300000,2024-04-10T23:55:00Z,288-1-1-116,generic,
1712793360000,2024-04-10T23:56:00Z,288-1-1-116,generic,
1712793420000,2024-04-10T23:57:00Z,288-1-1-116,generic,
1712793480000,2024-04-10T23:58:00Z,288-1-1-116,generic,
1712793540000,2024-04-10T23:59:00Z,288-1-1-116,generic,
