timestamp_unix,timestamp_iso,participant_full_id,activity_counts,missing_value_reason
1703548800000,2023-12-26T00:00:00Z,288-1-1-111,112.0,
1703548860000,2023-12-26T00:01:00Z,288-1-1-111,122.0,
1703548920000,2023-12-26T00:02:00Z,288-1-1-111,126.0,
1703548980000,2023-12-26T00:03:00Z,288-1-1-111,121.0,
1703549040000,2023-12-26T00:04:00Z,288-1-1-111,136.0,
1703549100000,2023-12-26T00:05:00Z,288-1-1-111,75.0,
1703549160000,2023-12-26T00:06:00Z,288-1-1-111,41.0,
1703549220000,2023-12-26T00:07:00Z,288-1-1-111,35.0,
1703549280000,2023-12-26T00:08:00Z,288-1-1-111,10.0,
1703549340000,2023-12-26T00:09:00Z,288-1-1-111,32.0,
1703549400000,2023-12-26T00:10:00Z,288-1-1-111,1.0,
1703549460000,2023-12-26T00:11:00Z,288-1-1-111,22.0,
1703549520000,2023-12-26T00:12:00Z,288-1-1-111,17.0,
1703549580000,2023-12-26T00:13:00Z,288-1-1-111,21.0,
1703549640000,2023-12-26T00:14:00Z,288-1-1-111,55.0,
1703549700000,2023-12-26T00:15:00Z,288-1-1-111,57.0,
1703549760000,2023-12-26T00:16:00Z,288-1-1-111,61.0,
1703549820000,2023-12-26T00:17:00Z,288-1-1-111,62.0,
1703549880000,2023-12-26T00:18:00Z,288-1-1-111,66.0,
1703549940000,2023-12-26T00:19:00Z,288-1-1-111,36.0,
1703550000000,2023-12-26T00:20:00Z,288-1-1-111,91.0,
1703550060000,2023-12-26T00:21:00Z,288-1-1-111,136.0,
1703550120000,2023-12-26T00:22:00Z,288-1-1-111,116.0,
1703550180000,2023-12-26T00:23:00Z,288-1-1-111,133.0,
1703550240000,2023-12-26T00:24:00Z,288-1-1-111,134.0,
1703550300000,2023-12-26T00:25:00Z,288-1-1-111,145.0,
1703550360000,2023-12-26T00:26:00Z,288-1-1-111,124.0,
1703550420000,2023-12-26T00:27:00Z,288-1-1-111,120.0,
1703550480000,2023-12-26T00:28:00Z,288-1-1-111,109.0,
1703550540000,2023-12-26T00:29:00Z,288-1-1-111,49.0,
1703550600000,2023-12-26T00:30:00Z,288-1-1-111,94.0,
1703550660000,2023-12-26T00:31:00Z,288-1-1-111,137.0,
1703550720000,2023-12-26T00:32:00Z,288-1-1-111,61.0,
1703550780000,2023-12-26T00:33:00Z,288-1-1-111,57.0,
1703550840000,2023-12-26T00:34:00Z,288-1-1-111,78.0,
1703550900000,2023-12-26T00:35:00Z,288-1-1-111,78.0,
1703550960000,2023-12-26T00:36:00Z,288-1-1-111,49.0,
1703551020000,2023-12-26T00:37:00Z,288-1-1-111,55.0,
1703551080000,2023-12-26T00:38:00Z,288-1-1-111,83.0,
1703551140000,2023-12-26T00:39:00Z,288-1-1-111,72.0,
1703551200000,2023-12-26T00:40:00Z,288-1-1-111,76.0,
1703551260000,2023-12-26T00:41:00Z,288-1-1-111,54.0,
1703551320000,2023-12-26T00:42:00Z,288-1-1-111,84.0,
1703551380000,2023-12-26T00:43:00Z,288-1-1-111,94.0,
1703551440000,2023-12-26T00:44:00Z,288-1-1-111,16.0,
1703551500000,2023-12-26T00:45:00Z,288-1-1-111,40.0,
1703551560000,2023-12-26T00:46:00Z,288-1-1-111,64.0,
1703551620000,2023-12-26T00:47:00Z,288-1-1-111,81.0,
1703551680000,2023-12-26T00:48:00Z,288-1-1-111,95.0,
1703551740000,2023-12-26T00:49:00Z,288-1-1-111,125.0,
1703551800000,2023-12-26T00:50:00Z,288-1-1-111,119.0,
1703551860000,2023-12-26T00:51:00Z,288-1-1-111,131.0,
1703551920000,2023-12-26T00:52:00Z,288-1-1-111,137.0,
1703551980000,2023-12-26T00:53:00Z,288-1-1-111,133.0,
1703552040000,2023-12-26T00:54:00Z,288-1-1-111,124.0,
1703552100000,2023-12-26T00:55:00Z,288-1-1-111,60.0,
1703552160000,2023-12-26T00:56:00Z,288-1-1-111,38.0,
1703552220000,2023-12-26T00:57:00Z,288-1-1-111,63.0,
1703552280000,2023-12-26T00:58:00Z,288-1-1-111,56.0,
1703552340000,2023-12-26T00:59:00Z,288-1-1-111,38.0,
1703552400000,2023-12-26T01:00:00Z,288-1-1-111,119.0,
1703552460000,2023-12-26T01:01:00Z,288-1-1-111,78.0,
1703552520000,2023-12-26T01:02:00Z,288-1-1-111,32.0,
1703552580000,2023-12-26T01:03:00Z,288-1-1-111,37.0,
1703552640000,2023-12-26T01:04:00Z,288-1-1-111,16.0,
1703552700000,2023-12-26T01:05:00Z,288-1-1-111,13.0,
1703552760000,2023-12-26T01:06:00Z,288-1-1-111,40.0,
1703552820000,2023-12-26T01:07:00Z,288-1-1-111,31.0,
1703552880000,2023-12-26T01:08:00Z,288-1-1-111,42.0,
1703552940000,2023-12-26T01:09:00Z,288-1-1-111,14.0,
1703553000000,2023-12-26T01:10:00Z,288-1-1-111,30.0,
1703553060000,2023-12-26T01:11:00Z,288-1-1-111,124.0,
1703553120000,2023-12-26T01:12:00Z,288-1-1-111,131.0,
1703553180000,2023-12-26T01:13:00Z,288-1-1-111,113.0,
1703553240000,2023-12-26T01:14:00Z,288-1-1-111,104.0,
1703553300000,2023-12-26T01:15:00Z,288-1-1-111,129.0,
1703553360000,2023-12-26T01:16:00Z,288-1-1-111,58.0,
1703553420000,2023-12-26T01:17:00Z,288-1-1-111,65.0,
1703553480000,2023-12-26T01:18:00Z,288-1-1-111,102.0,
1703553540000,2023-12-26T01:19:00Z,288-1-1-111,89.0,
1703553600000,2023-12-26T01:20:00Z,288-1-1-111,40.0,
1703553660000,2023-12-26T01:21:00Z,288-1-1-111,13.0,
1703553720000,2023-12-26T01:22:00Z,288-1-1-111,34.0,
1703553780000,2023-12-26T01:23:00Z,288-1-1-111,15.0,
1703553840000,2023-12-26T01:24:00Z,288-1-1-111,42.0,
1703553900000,2023-12-26T01:25:00Z,288-1-1-111,22.0,
1703553960000,2023-12-26T01:26:00Z,288-1-1-111,38.0,
1703554020000,2023-12-26T01:27:00Z,288-1-1-111,9.0,
1703554080000,2023-12-26T01:28:00Z,288-1-1-111,47.0,
1703554140000,2023-12-26T01:29:00Z,288-1-1-111,5.0,
1703554200000,2023-12-26T01:30:00Z,288-1-1-111,36.0,
1703554260000,2023-12-26T01:31:00Z,288-1-1-111,19.0,
1703554320000,2023-12-26T01:32:00Z,288-1-1-111,43.0,
1703554380000,2023-12-26T01:33:00Z,288-1-1-111,11.0,
1703554440000,2023-12-26T01:34:00Z,288-1-1-111,10.0,
1703554500000,2023-12-26T01:35:00Z,288-1-1-111,22.0,
1703554560000,2023-12-26T01:36:00Z,288-1-1-111,69.0,
1703554620000,2023-12-26T01:37:00Z,288-1-1-111,49.0,
1703554680000,2023-12-26T01:38:00Z,288-1-1-111,70.0,
1703554740000,2023-12-26T01:39:00Z,288-1-1-111,101.0,
1703554800000,2023-12-26T01:40:00Z,288-1-1-111,24.0,
1703554860000,2023-12-26T01:41:00Z,288-1-1-111,123.0,
1703554920000,2023-12-26T01:42:00Z,288-1-1-111,69.0,
1703554980000,2023-12-26T01:43:00Z,288-1-1-111,89.0,
1703555040000,2023-12-26T01:44:00Z,288-1-1-111,136.0,
1703555100000,2023-12-26T01:45:00Z,288-1-1-111,137.0,
1703555160000,2023-12-26T01:46:00Z,288-1-1-111,117.0,
1703555220000,2023-12-26T01:47:00Z,288-1-1-111,95.0,
1703555280000,2023-12-26T01:48:00Z,288-1-1-111,98.0,
1703555340000,2023-12-26T01:49:00Z,288-1-1-111,112.0,
1703555400000,2023-12-26T01:50:00Z,288-1-1-111,74.0,
1703555460000,2023-12-26T01:51:00Z,288-1-1-111,85.0,
1703555520000,2023-12-26T01:52:00Z,288-1-1-111,40.0,
1703555580000,2023-12-26T01:53:00Z,288-1-1-111,58.0,
1703555640000,2023-12-26T01:54:00Z,288-1-1-111,120.0,
1703555700000,2023-12-26T01:55:00Z,288-1-1-111,79.0,
1703555760000,2023-12-26T01:56:00Z,288-1-1-111,111.0,
1703555820000,2023-12-26T01:57:00Z,288-1-1-111,122.0,
1703555880000,2023-12-26T01:58:00Z,288-1-1-111,110.0,
1703555940000,2023-12-26T01:59:00Z,288-1-1-111,125.0,
1703556000000,2023-12-26T02:00:00Z,288-1-1-111,46.0,
1703556060000,2023-12-26T02:01:00Z,288-1-1-111,78.0,
1703556120000,2023-12-26T02:02:00Z,288-1-1-111,46.0,
1703556180000,2023-12-26T02:03:00Z,288-1-1-111,60.0,
1703556240000,2023-12-26T02:04:00Z,288-1-1-111,97.0,
1703556300000,2023-12-26T02:05:00Z,288-1-1-111,118.0,
1703556360000,2023-12-26T02:06:00Z,288-1-1-111,124.0,
1703556420000,2023-12-26T02:07:00Z,288-1-1-111,145.0,
1703556480000,2023-12-26T02:08:00Z,288-1-1-111,115.0,
1703556540000,2023-12-26T02:09:00Z,288-1-1-111,132.0,
1703556600000,2023-12-26T02:10:00Z,288-1-1-111,103.0,
1703556660000,2023-12-26T02:11:00Z,288-1-1-111,115.0,
1703556720000,2023-12-26T02:12:00Z,288-1-1-111,133.0,
1703556780000,2023-12-26T02:13:00Z,288-1-1-111,127.0,
1703556840000,2023-12-26T02:14:00Z,288-1-1-111,105.0,
1703556900000,2023-12-26T02:15:00Z,288-1-1-111,109.0,
1703556960000,2023-12-26T02:16:00Z,288-1-1-111,113.0,
1703557020000,2023-12-26T02:17:00Z,288-1-1-111,125.0,
1703557080000,2023-12-26T02:18:00Z,288-1-1-111,112.0,
1703557140000,2023-12-26T02:19:00Z,288-1-1-111,75.0,
1703557200000,2023-12-26T02:20:00Z,288-1-1-111,87.0,
1703557260000,2023-12-26T02:21:00Z,288-1-1-111,109.0,
1703557320000,2023-12-26T02:22:00Z,288-1-1-111,70.0,
1703557380000,2023-12-26T02:23:00Z,288-1-1-111,93.0,
1703557440000,2023-12-26T02:24:00Z,288-1-1-111,80.0,
1703557500000,2023-12-26T02:25:00Z,288-1-1-111,123.0,
1703557560000,2023-12-26T02:26:00Z,288-1-1-111,139.0,
1703557620000,2023-12-26T02:27:00Z,288-1-1-111,110.0,
1703557680000,2023-12-26T02:28:00Z,288-1-1-111,121.0,
1703557740000,2023-12-26T02:29:00Z,288-1-1-111,122.0,
1703557800000,2023-12-26T02:30:00Z,288-1-1-111,119.0,
1703557860000,2023-12-26T02:31:00Z,288-1-1-111,126.0,
1703557920000,2023-12-26T02:32:00Z,288-1-1-111,87.0,
1703557980000,2023-12-26T02:33:00Z,288-1-1-111,120.0,
1703558040000,2023-12-26T02:34:00Z,288-1-1-111,77.0,
1703558100000,2023-12-26T02:35:00Z,288-1-1-111,76.0,
1703558160000,2023-12-26T02:36:00Z,288-1-1-111,63.0,
1703558220000,2023-12-26T02:37:00Z,288-1-1-111,124.0,
1703558280000,2023-12-26T02:38:00Z,288-1-1-111,55.0,
1703558340000,2023-12-26T02:39:00Z,288-1-1-111,60.0,
1703558400000,2023-12-26T02:40:00Z,288-1-1-111,80.0,
1703558460000,2023-12-26T02:41:00Z,288-1-1-111,77.0,
1703558520000,2023-12-26T02:42:00Z,288-1-1-111,122.0,
1703558580000,2023-12-26T02:43:00Z,288-1-1-111,100.0,
1703558640000,2023-12-26T02:44:00Z,288-1-1-111,137.0,
1703558700000,2023-12-26T02:45:00Z,288-1-1-111,96.0,
1703558760000,2023-12-26T02:46:00Z,288-1-1-111,56.0,
1703558820000,2023-12-26T02:47:00Z,288-1-1-111,123.0,
1703558880000,2023-12-26T02:48:00Z,288-1-1-111,81.0,
1703558940000,2023-12-26T02:49:00Z,288-1-1-111,93.0,
1703559000000,2023-12-26T02:50:00Z,288-1-1-111,104.0,
1703559060000,2023-12-26T02:51:00Z,288-1-1-111,132.0,
1703559120000,2023-12-26T02:52:00Z,288-1-1-111,130.0,
1703559180000,2023-12-26T02:53:00Z,288-1-1-111,132.0,
1703559240000,2023-12-26T02:54:00Z,288-1-1-111,31.0,
1703559300000,2023-12-26T02:55:00Z,288-1-1-111,61.0,
1703559360000,2023-12-26T02:56:00Z,288-1-1-111,108.0,
1703559420000,2023-12-26T02:57:00Z,288-1-1-111,87.0,
1703559480000,2023-12-26T02:58:00Z,288-1-1-111,78.0,
1703559540000,2023-12-26T02:59:00Z,288-1-1-111,117.0,
1703559600000,2023-12-26T03:00:00Z,288-1-1-111,137.0,
1703559660000,2023-12-26T03:01:00Z,288-1-1-111,103.0,
1703559720000,2023-12-26T03:02:00Z,288-1-1-111,95.0,
1703559780000,2023-12-26T03:03:00Z,288-1-1-111,81.0,
1703559840000,2023-12-26T03:04:00Z,288-1-1-111,92.0,
1703559900000,2023-12-26T03:05:00Z,288-1-1-111,103.0,
1703559960000,2023-12-26T03:06:00Z,288-1-1-111,112.0,
1703560020000,2023-12-26T03:07:00Z,288-1-1-111,80.0,
1703560080000,2023-12-26T03:08:00Z,288-1-1-111,65.0,
1703560140000,2023-12-26T03:09:00Z,288-1-1-111,51.0,
1703560200000,2023-12-26T03:10:00Z,288-1-1-111,73.0,
1703560260000,2023-12-26T03:11:00Z,288-1-1-111,81.0,
1703560320000,2023-12-26T03:12:00Z,288-1-1-111,44.0,
1703560380000,2023-12-26T03:13:00Z,288-1-1-111,90.0,
1703560440000,2023-12-26T03:14:00Z,288-1-1-111,54.0,
1703560500000,2023-12-26T03:15:00Z,288-1-1-111,119.0,
1703560560000,2023-12-26T03:16:00Z,288-1-1-111,106.0,
1703560620000,2023-12-26T03:17:00Z,288-1-1-111,96.0,
1703560680000,2023-12-26T03:18:00Z,288-1-1-111,85.0,
1703560740000,2023-12-26T03:19:00Z,288-1-1-111,132.0,
1703560800000,2023-12-26T03:20:00Z,288-1-1-111,128.0,
1703560860000,2023-12-26T03:21:00Z,288-1-1-111,93.0,
1703560920000,2023-12-26T03:22:00Z,288-1-1-111,131.0,
1703560980000,2023-12-26T03:23:00Z,288-1-1-111,134.0,
1703561040000,2023-12-26T03:24:00Z,288-1-1-111,110.0,
1703561100000,2023-12-26T03:25:00Z,288-1-1-111,121.0,
1703561160000,2023-12-26T03:26:00Z,288-1-1-111,130.0,
1703561220000,2023-12-26T03:27:00Z,288-1-1-111,79.0,
1703561280000,2023-12-26T03:28:00Z,288-1-1-111,99.0,
1703561340000,2023-12-26T03:29:00Z,288-1-1-111,150.0,
1703561400000,2023-12-26T03:30:00Z,288-1-1-111,68.0,
1703561460000,2023-12-26T03:31:00Z,288-1-1-111,83.0,
1703561520000,2023-12-26T03:32:00Z,288-1-1-111,22.0,
1703561580000,2023-12-26T03:33:00Z,288-1-1-111,17.0,
1703561640000,2023-12-26T03:34:00Z,288-1-1-111,27.0,
1703561700000,2023-12-26T03:35:00Z,288-1-1-111,62.0,
1703561760000,2023-12-26T03:36:00Z,288-1-1-111,112.0,
1703561820000,2023-12-26T03:37:00Z,288-1-1-111,138.0,
1703561880000,2023-12-26T03:38:00Z,288-1-1-111,113.0,
1703561940000,2023-12-26T03:39:00Z,288-1-1-111,112.0,
1703562000000,2023-12-26T03:40:00Z,288-1-1-111,57.0,
1703562060000,2023-12-26T03:41:00Z,288-1-1-111,85.0,
1703562120000,2023-12-26T03:42:00Z,288-1-1-111,100.0,
1703562180000,2023-12-26T03:43:00Z,288-1-1-111,92.0,
1703562240000,2023-12-26T03:44:00Z,288-1-1-111,85.0,
1703562300000,2023-12-26T03:45:00Z,288-1-1-111,55.0,
1703562360000,2023-12-26T03:46:00Z,288-1-1-111,58.0,
1703562420000,2023-12-26T03:47:00Z,288-1-1-111,112.0,
1703562480000,2023-12-26T03:48:00Z,288-1-1-111,134.0,
1703562540000,2023-12-26T03:49:00Z,288-1-1-111,138.0,
1703562600000,2023-12-26T03:50:00Z,288-1-1-111,130.0,
1703562660000,2023-12-26T03:51:00Z,288-1-1-111,45.0,
1703562720000,2023-12-26T03:52:00Z,288-1-1-111,65.0,
1703562780000,2023-12-26T03:53:00Z,288-1-1-111,129.0,
1703562840000,2023-12-26T03:54:00Z,288-1-1-111,142.0,
1703562900000,2023-12-26T03:55:00Z,288-1-1-111,124.0,
1703562960000,2023-12-26T03:56:00Z,288-1-1-111,82.0,
1703563020000,2023-12-26T03:57:00Z,288-1-1-111,107.0,
1703563080000,2023-12-26T03:58:00Z,288-1-1-111,136.0,
1703563140000,2023-12-26T03:59:00Z,288-1-1-111,108.0,
1703563200000,2023-12-26T04:00:00Z,288-1-1-111,120.0,
1703563260000,2023-12-26T04:01:00Z,288-1-1-111,92.0,
1703563320000,2023-12-26T04:02:00Z,288-1-1-111,64.0,
1703563380000,2023-12-26T04:03:00Z,288-1-1-111,106.0,
1703563440000,2023-12-26T04:04:00Z,288-1-1-111,42.0,
1703563500000,2023-12-26T04:05:00Z,288-1-1-111,68.0,
1703563560000,2023-12-26T04:06:00Z,288-1-1-111,43.0,
1703563620000,2023-12-26T04:07:00Z,288-1-1-111,110.0,
1703563680000,2023-12-26T04:08:00Z,288-1-1-111,116.0,
1703563740000,2023-12-26T04:09:00Z,288-1-1-111,71.0,
1703563800000,2023-12-26T04:10:00Z,288-1-1-111,122.0,
1703563860000,2023-12-26T04:11:00Z,288-1-1-111,131.0,
1703563920000,2023-12-26T04:12:00Z,288-1-1-111,131.0,
1703563980000,2023-12-26T04:13:00Z,288-1-1-111,103.0,
1703564040000,2023-12-26T04:14:00Z,288-1-1-111,136.0,
1703564100000,2023-12-26T04:15:00Z,288-1-1-111,66.0,
1703564160000,2023-12-26T04:16:00Z,288-1-1-111,124.0,
1703564220000,2023-12-26T04:17:00Z,288-1-1-111,95.0,
1703564280000,2023-12-26T04:18:00Z,288-1-1-111,34.0,
1703564340000,2023-12-26T04:19:00Z,288-1-1-111,85.0,
1703564400000,2023-12-26T04:20:00Z,288-1-1-111,32.0,
1703564460000,2023-12-26T04:21:00Z,288-1-1-111,49.0,
1703564520000,2023-12-26T04:22:00Z,288-1-1-111,39.0,
1703564580000,2023-12-26T04:23:00Z,288-1-1-111,99.0,
1703564640000,2023-12-26T04:24:00Z,288-1-1-111,113.0,
1703564700000,2023-12-26T04:25:00Z,288-1-1-111,114.0,
1703564760000,2023-12-26T04:26:00Z,288-1-1-111,112.0,
1703564820000,2023-12-26T04:27:00Z,288-1-1-111,79.0,
1703564880000,2023-12-26T04:28:00Z,288-1-1-111,50.0,
1703564940000,2023-12-26T04:29:00Z,288-1-1-111,85.0,
1703565000000,2023-12-26T04:30:00Z,288-1-1-111,72.0,
1703565060000,2023-12-26T04:31:00Z,288-1-1-111,84.0,
1703565120000,2023-12-26T04:32:00Z,288-1-1-111,77.0,
1703565180000,2023-12-26T04:33:00Z,288-1-1-111,83.0,
1703565240000,2023-12-26T04:34:00Z,288-1-1-111,94.0,
1703565300000,2023-12-26T04:35:00Z,288-1-1-111,135.0,
1703565360000,2023-12-26T04:36:00Z,288-1-1-111,118.0,
1703565420000,2023-12-26T04:37:00Z,288-1-1-111,96.0,
1703565480000,2023-12-26T04:38:00Z,288-1-1-111,70.0,
1703565540000,2023-12-26T04:39:00Z,288-1-1-111,117.0,
1703565600000,2023-12-26T04:40:00Z,288-1-1-111,144.0,
1703565660000,2023-12-26T04:41:00Z,288-1-1-111,67.0,
1703565720000,2023-12-26T04:42:00Z,288-1-1-111,99.0,
1703565780000,2023-12-26T04:43:00Z,288-1-1-111,102.0,
1703565840000,2023-12-26T04:44:00Z,288-1-1-111,91.0,
1703565900000,2023-12-26T04:45:00Z,288-1-1-111,89.0,
1703565960000,2023-12-26T04:46:00Z,288-1-1-111,101.0,
1703566020000,2023-12-26T04:47:00Z,288-1-1-111,95.0,
1703566080000,2023-12-26T04:48:00Z,288-1-1-111,94.0,
1703566140000,2023-12-26T04:49:00Z,288-1-1-111,99.0,
1703566200000,2023-12-26T04:50:00Z,288-1-1-111,110.0,
1703566260000,2023-12-26T04:51:00Z,288-1-1-111,103.0,
1703566320000,2023-12-26T04:52:00Z,288-1-1-111,65.0,
1703566380000,2023-12-26T04:53:00Z,288-1-1-111,131.0,
1703566440000,2023-12-26T04:54:00Z,288-1-1-111,111.0,
1703566500000,2023-12-26T04:55:00Z,288-1-1-111,113.0,
1703566560000,2023-12-26T04:56:00Z,288-1-1-111,37.0,
1703566620000,2023-12-26T04:57:00Z,288-1-1-111,47.0,
1703566680000,2023-12-26T04:58:00Z,288-1-1-111,16.0,
1703566740000,2023-12-26T04:59:00Z,288-1-1-111,81.0,
1703566800000,2023-12-26T05:00:00Z,288-1-1-111,140.0,
1703566860000,2023-12-26T05:01:00Z,288-1-1-111,128.0,
1703566920000,2023-12-26T05:02:00Z,288-1-1-111,127.0,
1703566980000,2023-12-26T05:03:00Z,288-1-1-111,94.0,
1703567040000,2023-12-26T05:04:00Z,288-1-1-111,97.0,
1703567100000,2023-12-26T05:05:00Z,288-1-1-111,83.0,
1703567160000,2023-12-26T05:06:00Z,288-1-1-111,126.0,
1703567220000,2023-12-26T05:07:00Z,288-1-1-111,102.0,
1703567280000,2023-12-26T05:08:00Z,288-1-1-111,133.0,
1703567340000,2023-12-26T05:09:00Z,288-1-1-111,123.0,
1703567400000,2023-12-26T05:10:00Z,288-1-1-111,122.0,
1703567460000,2023-12-26T05:11:00Z,288-1-1-111,89.0,
1703567520000,2023-12-26T05:12:00Z,288-1-1-111,101.0,
1703567580000,2023-12-26T05:13:00Z,288-1-1-111,65.0,
1703567640000,2023-12-26T05:14:00Z,288-1-1-111,88.0,
1703567700000,2023-12-26T05:15:00Z,288-1-1-111,89.0,
1703567760000,2023-12-26T05:16:00Z,288-1-1-111,40.0,
1703567820000,2023-12-26T05:17:00Z,288-1-1-111,72.0,
1703567880000,2023-12-26T05:18:00Z,288-1-1-111,85.0,
1703567940000,2023-12-26T05:19:00Z,288-1-1-111,107.0,
1703568000000,2023-12-26T05:20:00Z,288-1-1-111,126.0,
1703568060000,2023-12-26T05:21:00Z,288-1-1-111,100.0,
1703568120000,2023-12-26T05:22:00Z,288-1-1-111,83.0,
1703568180000,2023-12-26T05:23:00Z,288-1-1-111,91.0,
1703568240000,2023-12-26T05:24:00Z,288-1-1-111,127.0,
1703568300000,2023-12-26T05:25:00Z,288-1-1-111,100.0,
1703568360000,2023-12-26T05:26:00Z,288-1-1-111,65.0,
1703568420000,2023-12-26T05:27:00Z,288-1-1-111,88.0,
1703568480000,2023-12-26T05:28:00Z,288-1-1-111,51.0,
1703568540000,2023-12-26T05:29:00Z,288-1-1-111,38.0,
1703568600000,2023-12-26T05:30:00Z,288-1-1-111,19.0,
1703568660000,2023-12-26T05:31:00Z,288-1-1-111,63.0,
1703568720000,2023-12-26T05:32:00Z,288-1-1-111,78.0,
1703568780000,2023-12-26T05:33:00Z,288-1-1-111,86.0,
1703568840000,2023-12-26T05:34:00Z,288-1-1-111,83.0,
1703568900000,2023-12-26T05:35:00Z,288-1-1-111,112.0,
1703568960000,2023-12-26T05:36:00Z,288-1-1-111,46.0,
1703569020000,2023-12-26T05:37:00Z,288-1-1-111,62.0,
1703569080000,2023-12-26T05:38:00Z,288-1-1-111,71.0,
1703569140000,2023-12-26T05:39:00Z,288-1-1-111,51.0,
1703569200000,2023-12-26T05:40:00Z,288-1-1-111,44.0,
1703569260000,2023-12-26T05:41:00Z,288-1-1-111,52.0,
1703569320000,2023-12-26T05:42:00Z,288-1-1-111,76.0,
1703569380000,2023-12-26T05:43:00Z,288-1-1-111,103.0,
1703569440000,2023-12-26T05:44:00Z,288-1-1-111,138.0,
1703569500000,2023-12-26T05:45:00Z,288-1-1-111,51.0,
1703569560000,2023-12-26T05:46:00Z,288-1-1-111,59.0,
1703569620000,2023-12-26T05:47:00Z,288-1-1-111,94.0,
1703569680000,2023-12-26T05:48:00Z,288-1-1-111,70.0,
1703569740000,2023-12-26T05:49:00Z,288-1-1-111,82.0,
1703569800000,2023-12-26T05:50:00Z,288-1-1-111,121.0,
1703569860000,2023-12-26T05:51:00Z,288-1-1-111,105.0,
1703569920000,2023-12-26T05:52:00Z,288-1-1-111,80.0,
1703569980000,2023-12-26T05:53:00Z,288-1-1-111,142.0,
1703570040000,2023-12-26T05:54:00Z,288-1-1-111,116.0,
1703570100000,2023-12-26T05:55:00Z,288-1-1-111,98.0,
1703570160000,2023-12-26T05:56:00Z,288-1-1-111,105.0,
1703570220000,2023-12-26T05:57:00Z,288-1-1-111,57.0,
1703570280000,2023-12-26T05:58:00Z,288-1-1-111,115.0,
1703570340000,2023-12-26T05:59:00Z,288-1-1-111,54.0,
1703570400000,2023-12-26T06:00:00Z,288-1-1-111,100.0,
1703570460000,2023-12-26T06:01:00Z,288-1-1-111,112.0,
1703570520000,2023-12-26T06:02:00Z,288-1-1-111,121.0,
1703570580000,2023-12-26T06:03:00Z,288-1-1-111,46.0,
1703570640000,2023-12-26T06:04:00Z,288-1-1-111,71.0,
1703570700000,2023-12-26T06:05:00Z,288-1-1-111,126.0,
1703570760000,2023-12-26T06:06:00Z,288-1-1-111,123.0,
1703570820000,2023-12-26T06:07:00Z,288-1-1-111,100.0,
1703570880000,2023-12-26T06:08:00Z,288-1-1-111,110.0,
1703570940000,2023-12-26T06:09:00Z,288-1-1-111,134.0,
1703571000000,2023-12-26T06:10:00Z,288-1-1-111,105.0,
1703571060000,2023-12-26T06:11:00Z,288-1-1-111,47.0,
1703571120000,2023-12-26T06:12:00Z,288-1-1-111,54.0,
1703571180000,2023-12-26T06:13:00Z,288-1-1-111,74.0,
1703571240000,2023-12-26T06:14:00Z,288-1-1-111,72.0,
1703571300000,2023-12-26T06:15:00Z,288-1-1-111,52.0,
1703571360000,2023-12-26T06:16:00Z,288-1-1-111,72.0,
1703571420000,2023-12-26T06:17:00Z,288-1-1-111,135.0,
1703571480000,2023-12-26T06:18:00Z,288-1-1-111,135.0,
1703571540000,2023-12-26T06:19:00Z,288-1-1-111,128.0,
1703571600000,2023-12-26T06:20:00Z,288-1-1-111,100.0,
1703571660000,2023-12-26T06:21:00Z,288-1-1-111,115.0,
1703571720000,2023-12-26T06:22:00Z,288-1-1-111,83.0,
1703571780000,2023-12-26T06:23:00Z,288-1-1-111,74.0,
1703571840000,2023-12-26T06:24:00Z,288-1-1-111,95.0,
1703571900000,2023-12-26T06:25:00Z,288-1-1-111,110.0,
1703571960000,2023-12-26T06:26:00Z,288-1-1-111,102.0,
1703572020000,2023-12-26T06:27:00Z,288-1-1-111,129.0,
1703572080000,2023-12-26T06:28:00Z,288-1-1-111,40.0,
1703572140000,2023-12-26T06:29:00Z,288-1-1-111,91.0,
1703572200000,2023-12-26T06:30:00Z,288-1-1-111,115.0,
1703572260000,2023-12-26T06:31:00Z,288-1-1-111,101.0,
1703572320000,2023-12-26T06:32:00Z,288-1-1-111,90.0,
1703572380000,2023-12-26T06:33:00Z,288-1-1-111,147.0,
1703572440000,2023-12-26T06:34:00Z,288-1-1-111,110.0,
1703572500000,2023-12-26T06:35:00Z,288-1-1-111,99.0,
1703572560000,2023-12-26T06:36:00Z,288-1-1-111,81.0,
1703572620000,2023-12-26T06:37:00Z,288-1-1-111,71.0,
1703572680000,2023-12-26T06:38:00Z,288-1-1-111,60.0,
1703572740000,2023-12-26T06:39:00Z,288-1-1-111,17.0,
1703572800000,2023-12-26T06:40:00Z,288-1-1-111,42.0,
1703572860000,2023-12-26T06:41:00Z,288-1-1-111,54.0,
1703572920000,2023-12-26T06:42:00Z,288-1-1-111,121.0,
1703572980000,2023-12-26T06:43:00Z,288-1-1-111,133.0,
1703573040000,2023-12-26T06:44:00Z,288-1-1-111,134.0,
1703573100000,2023-12-26T06:45:00Z,288-1-1-111,129.0,
1703573160000,2023-12-26T06:46:00Z,288-1-1-111,43.0,
1703573220000,2023-12-26T06:47:00Z,288-1-1-111,47.0,
1703573280000,2023-12-26T06:48:00Z,288-1-1-111,61.0,
1703573340000,2023-12-26T06:49:00Z,288-1-1-111,27.0,
1703573400000,2023-12-26T06:50:00Z,288-1-1-111,60.0,
1703573460000,2023-12-26T06:51:00Z,288-1-1-111,138.0,
1703573520000,2023-12-26T06:52:00Z,288-1-1-111,125.0,
1703573580000,2023-12-26T06:53:00Z,288-1-1-111,124.0,
1703573640000,2023-12-26T06:54:00Z,288-1-1-111,142.0,
1703573700000,2023-12-26T06:55:00Z,288-1-1-111,108.0,
1703573760000,2023-12-26T06:56:00Z,288-1-1-111,121.0,
1703573820000,2023-12-26T06:57:00Z,288-1-1-111,87.0,
1703573880000,2023-12-26T06:58:00Z,288-1-1-111,108.0,
1703573940000,2023-12-26T06:59:00Z,288-1-1-111,15.0,
1703574000000,2023-12-26T07:00:00Z,288-1-1-111,29.0,
1703574060000,2023-12-26T07:01:00Z,288-1-1-111,24.0,
1703574120000,2023-12-26T07:02:00Z,288-1-1-111,19.0,
1703574180000,2023-12-26T07:03:00Z,288-1-1-111,48.0,
1703574240000,2023-12-26T07:04:00Z,288-1-1-111,137.0,
1703574300000,2023-12-26T07:05:00Z,288-1-1-111,81.0,
1703574360000,2023-12-26T07:06:00Z,288-1-1-111,100.0,
1703574420000,2023-12-26T07:07:00Z,288-1-1-111,121.0,
1703574480000,2023-12-26T07:08:00Z,288-1-1-111,116.0,
1703574540000,2023-12-26T07:09:00Z,288-1-1-111,125.0,
1703574600000,2023-12-26T07:10:00Z,288-1-1-111,135.0,
1703574660000,2023-12-26T07:11:00Z,288-1-1-111,101.0,
1703574720000,2023-12-26T07:12:00Z,288-1-1-111,86.0,
1703574780000,2023-12-26T07:13:00Z,288-1-1-111,101.0,
1703574840000,2023-12-26T07:14:00Z,288-1-1-111,97.0,
1703574900000,2023-12-26T07:15:00Z,288-1-1-111,28.0,
1703574960000,2023-12-26T07:16:00Z,288-1-1-111,19.0,
1703575020000,2023-12-26T07:17:00Z,288-1-1-111,14.0,
1703575080000,2023-12-26T07:18:00Z,288-1-1-111,22.0,
1703575140000,2023-12-26T07:19:00Z,288-1-1-111,25.0,
1703575200000,2023-12-26T07:20:00Z,288-1-1-111,37.0,
1703575260000,2023-12-26T07:21:00Z,288-1-1-111,46.0,
1703575320000,2023-12-26T07:22:00Z,288-1-1-111,80.0,
1703575380000,2023-12-26T07:23:00Z,288-1-1-111,44.0,
1703575440000,2023-12-26T07:24:00Z,288-1-1-111,34.0,
1703575500000,2023-12-26T07:25:00Z,288-1-1-111,49.0,
1703575560000,2023-12-26T07:26:00Z,288-1-1-111,54.0,
1703575620000,2023-12-26T07:27:00Z,288-1-1-111,21.0,
1703575680000,2023-12-26T07:28:00Z,288-1-1-111,24.0,
1703575740000,2023-12-26T07:29:00Z,288-1-1-111,43.0,
1703575800000,2023-12-26T07:30:00Z,288-1-1-111,20.0,
1703575860000,2023-12-26T07:31:00Z,288-1-1-111,133.0,
1703575920000,2023-12-26T07:32:00Z,288-1-1-111,99.0,
1703575980000,2023-12-26T07:33:00Z,288-1-1-111,136.0,
1703576040000,2023-12-26T07:34:00Z,288-1-1-111,28.0,
1703576100000,2023-12-26T07:35:00Z,288-1-1-111,67.0,
1703576160000,2023-12-26T07:36:00Z,288-1-1-111,80.0,
1703576220000,2023-12-26T07:37:00Z,288-1-1-111,11.0,
1703576280000,2023-12-26T07:38:00Z,288-1-1-111,84.0,
1703576340000,2023-12-26T07:39:00Z,288-1-1-111,86.0,
1703576400000,2023-12-26T07:40:00Z,288-1-1-111,114.0,
1703576460000,2023-12-26T07:41:00Z,288-1-1-111,75.0,
1703576520000,2023-12-26T07:42:00Z,288-1-1-111,119.0,
1703576580000,2023-12-26T07:43:00Z,288-1-1-111,94.0,
1703576640000,2023-12-26T07:44:00Z,288-1-1-111,141.0,
1703576700000,2023-12-26T07:45:00Z,288-1-1-111,139.0,
1703576760000,2023-12-26T07:46:00Z,288-1-1-111,116.0,
1703576820000,2023-12-26T07:47:00Z,288-1-1-111,114.0,
1703576880000,2023-12-26T07:48:00Z,288-1-1-111,95.0,
1703576940000,2023-12-26T07:49:00Z,288-1-1-111,82.0,
1703577000000,2023-12-26T07:50:00Z,288-1-1-111,119.0,
1703577060000,2023-12-26T07:51:00Z,288-1-1-111,138.0,
1703577120000,2023-12-26T07:52:00Z,288-1-1-111,87.0,
1703577180000,2023-12-26T07:53:00Z,288-1-1-111,113.0,
1703577240000,2023-12-26T07:54:00Z,288-1-1-111,136.0,
1703577300000,2023-12-26T07:55:00Z,288-1-1-111,136.0,
1703577360000,2023-12-26T07:56:00Z,288-1-1-111,131.0,
1703577420000,2023-12-26T07:57:00Z,288-1-1-111,102.0,
1703577480000,2023-12-26T07:58:00Z,288-1-1-111,141.0,
1703577540000,2023-12-26T07:59:00Z,288-1-1-111,116.0,
1703577600000,2023-12-26T08:00:00Z,288-1-1-111,116.0,
1703577660000,2023-12-26T08:01:00Z,288-1-1-111,128.0,
1703577720000,2023-12-26T08:02:00Z,288-1-1-111,129.0,
1703577780000,2023-12-26T08:03:00Z,288-1-1-111,42.0,
1703577840000,2023-12-26T08:04:00Z,288-1-1-111,33.0,
1703577900000,2023-12-26T08:05:00Z,288-1-1-111,92.0,
1703577960000,2023-12-26T08:06:00Z,288-1-1-111,91.0,
1703578020000,2023-12-26T08:07:00Z,288-1-1-111,121.0,
1703578080000,2023-12-26T08:08:00Z,288-1-1-111,100.0,
1703578140000,2023-12-26T08:09:00Z,288-1-1-111,84.0,
1703578200000,2023-12-26T08:10:00Z,288-1-1-111,114.0,
1703578260000,2023-12-26T08:11:00Z,288-1-1-111,140.0,
1703578320000,2023-12-26T08:12:00Z,288-1-1-111,121.0,
1703578380000,2023-12-26T08:13:00Z,288-1-1-111,29.0,
1703578440000,2023-12-26T08:14:00Z,288-1-1-111,7.0,
1703578500000,2023-12-26T08:15:00Z,288-1-1-111,71.0,
1703578560000,2023-12-26T08:16:00Z,288-1-1-111,102.0,
1703578620000,2023-12-26T08:17:00Z,288-1-1-111,104.0,
1703578680000,2023-12-26T08:18:00Z,288-1-1-111,115.0,
1703578740000,2023-12-26T08:19:00Z,288-1-1-111,97.0,
1703578800000,2023-12-26T08:20:00Z,288-1-1-111,129.0,
1703578860000,2023-12-26T08:21:00Z,288-1-1-111,113.0,
1703578920000,2023-12-26T08:22:00Z,288-1-1-111,122.0,
1703578980000,2023-12-26T08:23:00Z,288-1-1-111,116.0,
1703579040000,2023-12-26T08:24:00Z,288-1-1-111,129.0,
1703579100000,2023-12-26T08:25:00Z,288-1-1-111,118.0,
1703579160000,2023-12-26T08:26:00Z,288-1-1-111,90.0,
1703579220000,2023-12-26T08:27:00Z,288-1-1-111,62.0,
1703579280000,2023-12-26T08:28:00Z,288-1-1-111,24.0,
1703579340000,2023-12-26T08:29:00Z,288-1-1-111,72.0,
1703579400000,2023-12-26T08:30:00Z,288-1-1-111,10.0,
1703579460000,2023-12-26T08:31:00Z,288-1-1-111,23.0,
1703579520000,2023-12-26T08:32:00Z,288-1-1-111,43.0,
1703579580000,2023-12-26T08:33:00Z,288-1-1-111,39.0,
1703579640000,2023-12-26T08:34:00Z,288-1-1-111,28.0,
1703579700000,2023-12-26T08:35:00Z,288-1-1-111,42.0,
1703579760000,2023-12-26T08:36:00Z,288-1-1-111,31.0,
1703579820000,2023-12-26T08:37:00Z,288-1-1-111,39.0,
1703579880000,2023-12-26T08:38:00Z,288-1-1-111,79.0,
1703579940000,2023-12-26T08:39:00Z,288-1-1-111,13.0,
1703580000000,2023-12-26T08:40:00Z,288-1-1-111,37.0,
1703580060000,2023-12-26T08:41:00Z,288-1-1-111,62.0,
1703580120000,2023-12-26T08:42:00Z,288-1-1-111,32.0,
1703580180000,2023-12-26T08:43:00Z,288-1-1-111,29.0,
1703580240000,2023-12-26T08:44:00Z,288-1-1-111,67.0,
1703580300000,2023-12-26T08:45:00Z,288-1-1-111,15.0,
1703580360000,2023-12-26T08:46:00Z,288-1-1-111,119.0,
1703580420000,2023-12-26T08:47:00Z,288-1-1-111,118.0,
1703580480000,2023-12-26T08:48:00Z,288-1-1-111,94.0,
1703580540000,2023-12-26T08:49:00Z,288-1-1-111,93.0,
1703580600000,2023-12-26T08:50:00Z,288-1-1-111,75.0,
1703580660000,2023-12-26T08:51:00Z,288-1-1-111,40.0,
1703580720000,2023-12-26T08:52:00Z,288-1-1-111,42.0,
1703580780000,2023-12-26T08:53:00Z,288-1-1-111,121.0,
1703580840000,2023-12-26T08:54:00Z,288-1-1-111,98.0,
1703580900000,2023-12-26T08:55:00Z,288-1-1-111,52.0,
1703580960000,2023-12-26T08:56:00Z,288-1-1-111,47.0,
1703581020000,2023-12-26T08:57:00Z,288-1-1-111,58.0,
1703581080000,2023-12-26T08:58:00Z,288-1-1-111,38.0,
1703581140000,2023-12-26T08:59:00Z,288-1-1-111,47.0,
1703581200000,2023-12-26T09:00:00Z,288-1-1-111,58.0,
1703581260000,2023-12-26T09:01:00Z,288-1-1-111,54.0,
1703581320000,2023-12-26T09:02:00Z,288-1-1-111,16.0,
1703581380000,2023-12-26T09:03:00Z,288-1-1-111,60.0,
1703581440000,2023-12-26T09:04:00Z,288-1-1-111,62.0,
1703581500000,2023-12-26T09:05:00Z,288-1-1-111,34.0,
1703581560000,2023-12-26T09:06:00Z,288-1-1-111,59.0,
1703581620000,2023-12-26T09:07:00Z,288-1-1-111,62.0,
1703581680000,2023-12-26T09:08:00Z,288-1-1-111,57.0,
1703581740000,2023-12-26T09:09:00Z,288-1-1-111,36.0,
1703581800000,2023-12-26T09:10:00Z,288-1-1-111,52.0,
1703581860000,2023-12-26T09:11:00Z,288-1-1-111,38.0,
1703581920000,2023-12-26T09:12:00Z,288-1-1-111,12.0,
1703581980000,2023-12-26T09:13:00Z,288-1-1-111,31.0,
1703582040000,2023-12-26T09:14:00Z,288-1-1-111,19.0,
1703582100000,2023-12-26T09:15:00Z,288-1-1-111,68.0,
1703582160000,2023-12-26T09:16:00Z,288-1-1-111,50.0,
1703582220000,2023-12-26T09:17:00Z,288-1-1-111,64.0,
1703582280000,2023-12-26T09:18:00Z,288-1-1-111,55.0,
1703582340000,2023-12-26T09:19:00Z,288-1-1-111,69.0,
1703582400000,2023-12-26T09:20:00Z,288-1-1-111,64.0,
1703582460000,2023-12-26T09:21:00Z,288-1-1-111,54.0,
1703582520000,2023-12-26T09:22:00Z,288-1-1-111,7.0,
1703582580000,2023-12-26T09:23:00Z,288-1-1-111,37.0,
1703582640000,2023-12-26T09:24:00Z,288-1-1-111,31.0,
1703582700000,2023-12-26T09:25:00Z,288-1-1-111,54.0,
1703582760000,2023-12-26T09:26:00Z,288-1-1-111,48.0,
1703582820000,2023-12-26T09:27:00Z,288-1-1-111,47.0,
1703582880000,2023-12-26T09:28:00Z,288-1-1-111,76.0,
1703582940000,2023-12-26T09:29:00Z,288-1-1-111,37.0,
1703583000000,2023-12-26T09:30:00Z,288-1-1-111,47.0,
1703583060000,2023-12-26T09:31:00Z,288-1-1-111,46.0,
1703583120000,2023-12-26T09:32:00Z,288-1-1-111,47.0,
1703583180000,2023-12-26T09:33:00Z,288-1-1-111,16.0,
1703583240000,2023-12-26T09:34:00Z,288-1-1-111,49.0,
1703583300000,2023-12-26T09:35:00Z,288-1-1-111,83.0,
1703583360000,2023-12-26T09:36:00Z,288-1-1-111,43.0,
1703583420000,2023-12-26T09:37:00Z,288-1-1-111,29.0,
1703583480000,2023-12-26T09:38:00Z,288-1-1-111,29.0,
1703583540000,2023-12-26T09:39:00Z,288-1-1-111,35.0,
1703583600000,2023-12-26T09:40:00Z,288-1-1-111,82.0,
1703583660000,2023-12-26T09:41:00Z,288-1-1-111,49.0,
1703583720000,2023-12-26T09:42:00Z,288-1-1-111,57.0,
1703583780000,2023-12-26T09:43:00Z,288-1-1-111,109.0,
1703583840000,2023-12-26T09:44:00Z,288-1-1-111,119.0,
1703583900000,2023-12-26T09:45:00Z,288-1-1-111,118.0,
1703583960000,2023-12-26T09:46:00Z,288-1-1-111,111.0,
1703584020000,2023-12-26T09:47:00Z,288-1-1-111,115.0,
1703584080000,2023-12-26T09:48:00Z,288-1-1-111,101.0,
1703584140000,2023-12-26T09:49:00Z,288-1-1-111,113.0,
1703584200000,2023-12-26T09:50:00Z,288-1-1-111,99.0,
1703584260000,2023-12-26T09:51:00Z,288-1-1-111,105.0,
1703584320000,2023-12-26T09:52:00Z,288-1-1-111,115.0,
1703584380000,2023-12-26T09:53:00Z,288-1-1-111,62.0,
1703584440000,2023-12-26T09:54:00Z,288-1-1-111,129.0,
1703584500000,2023-12-26T09:55:00Z,288-1-1-111,73.0,
1703584560000,2023-12-26T09:56:00Z,288-1-1-111,42.0,
1703584620000,2023-12-26T09:57:00Z,288-1-1-111,66.0,
1703584680000,2023-12-26T09:58:00Z,288-1-1-111,78.0,
1703584740000,2023-12-26T09:59:00Z,288-1-1-111,98.0,
1703584800000,2023-12-26T10:00:00Z,288-1-1-111,112.0,
1703584860000,2023-12-26T10:01:00Z,288-1-1-111,38.0,
1703584920000,2023-12-26T10:02:00Z,288-1-1-111,0.0,
1703584980000,2023-12-26T10:03:00Z,288-1-1-111,3.0,
1703585040000,2023-12-26T10:04:00Z,288-1-1-111,0.0,
1703585100000,2023-12-26T10:05:00Z,288-1-1-111,21.0,
1703585160000,2023-12-26T10:06:00Z,288-1-1-111,63.0,
1703585220000,2023-12-26T10:07:00Z,288-1-1-111,37.0,
1703585280000,2023-12-26T10:08:00Z,288-1-1-111,19.0,
1703585340000,2023-12-26T10:09:00Z,288-1-1-111,1.0,
1703585400000,2023-12-26T10:10:00Z,288-1-1-111,7.0,
1703585460000,2023-12-26T10:11:00Z,288-1-1-111,19.0,
1703585520000,2023-12-26T10:12:00Z,288-1-1-111,7.0,
1703585580000,2023-12-26T10:13:00Z,288-1-1-111,11.0,
1703585640000,2023-12-26T10:14:00Z,288-1-1-111,27.0,
1703585700000,2023-12-26T10:15:00Z,288-1-1-111,42.0,
1703585760000,2023-12-26T10:16:00Z,288-1-1-111,4.0,
1703585820000,2023-12-26T10:17:00Z,288-1-1-111,33.0,
1703585880000,2023-12-26T10:18:00Z,288-1-1-111,4.0,
1703585940000,2023-12-26T10:19:00Z,288-1-1-111,1.0,
1703586000000,2023-12-26T10:20:00Z,288-1-1-111,48.0,
1703586060000,2023-12-26T10:21:00Z,288-1-1-111,8.0,
1703586120000,2023-12-26T10:22:00Z,288-1-1-111,0.0,
1703586180000,2023-12-26T10:23:00Z,288-1-1-111,0.0,
1703586240000,2023-12-26T10:24:00Z,288-1-1-111,30.0,
1703586300000,2023-12-26T10:25:00Z,288-1-1-111,3.0,
1703586360000,2023-12-26T10:26:00Z,288-1-1-111,0.0,
1703586420000,2023-12-26T10:27:00Z,288-1-1-111,5.0,
1703586480000,2023-12-26T10:28:00Z,288-1-1-111,5.0,
1703586540000,2023-12-26T10:29:00Z,288-1-1-111,10.0,
1703586600000,2023-12-26T10:30:00Z,288-1-1-111,3.0,
1703586660000,2023-12-26T10:31:00Z,288-1-1-111,17.0,
1703586720000,2023-12-26T10:32:00Z,288-1-1-111,10.0,
1703586780000,2023-12-26T10:33:00Z,288-1-1-111,16.0,
1703586840000,2023-12-26T10:34:00Z,288-1-1-111,57.0,
1703586900000,2023-12-26T10:35:00Z,288-1-1-111,8.0,
1703586960000,2023-12-26T10:36:00Z,288-1-1-111,44.0,
1703587020000,2023-12-26T10:37:00Z,288-1-1-111,10.0,
1703587080000,2023-12-26T10:38:00Z,288-1-1-111,11.0,
1703587140000,2023-12-26T10:39:00Z,288-1-1-111,44.0,
1703587200000,2023-12-26T10:40:00Z,288-1-1-111,11.0,
1703587260000,2023-12-26T10:41:00Z,288-1-1-111,23.0,
1703587320000,2023-12-26T10:42:00Z,288-1-1-111,11.0,
1703587380000,2023-12-26T10:43:00Z,288-1-1-111,2.0,
1703587440000,2023-12-26T10:44:00Z,288-1-1-111,0.0,
1703587500000,2023-12-26T10:45:00Z,288-1-1-111,0.0,
1703587560000,2023-12-26T10:46:00Z,288-1-1-111,10.0,
1703587620000,2023-12-26T10:47:00Z,288-1-1-111,0.0,
1703587680000,2023-12-26T10:48:00Z,288-1-1-111,0.0,
1703587740000,2023-12-26T10:49:00Z,288-1-1-111,0.0,
1703587800000,2023-12-26T10:50:00Z,288-1-1-111,0.0,
1703587860000,2023-12-26T10:51:00Z,288-1-1-111,14.0,
1703587920000,2023-12-26T10:52:00Z,288-1-1-111,16.0,
1703587980000,2023-12-26T10:53:00Z,288-1-1-111,10.0,
1703588040000,2023-12-26T10:54:00Z,288-1-1-111,7.0,
1703588100000,2023-12-26T10:55:00Z,288-1-1-111,61.0,
1703588160000,2023-12-26T10:56:00Z,288-1-1-111,101.0,
1703588220000,2023-12-26T10:57:00Z,288-1-1-111,68.0,
1703588280000,2023-12-26T10:58:00Z,288-1-1-111,44.0,
1703588340000,2023-12-26T10:59:00Z,288-1-1-111,5.0,
1703588400000,2023-12-26T11:00:00Z,288-1-1-111,65.0,
1703588460000,2023-12-26T11:01:00Z,288-1-1-111,52.0,
1703588520000,2023-12-26T11:02:00Z,288-1-1-111,5.0,
1703588580000,2023-12-26T11:03:00Z,288-1-1-111,2.0,
1703588640000,2023-12-26T11:04:00Z,288-1-1-111,48.0,
1703588700000,2023-12-26T11:05:00Z,288-1-1-111,48.0,
1703588760000,2023-12-26T11:06:00Z,288-1-1-111,41.0,
1703588820000,2023-12-26T11:07:00Z,288-1-1-111,39.0,
1703588880000,2023-12-26T11:08:00Z,288-1-1-111,10.0,
1703588940000,2023-12-26T11:09:00Z,288-1-1-111,46.0,
1703589000000,2023-12-26T11:10:00Z,288-1-1-111,26.0,
1703589060000,2023-12-26T11:11:00Z,288-1-1-111,54.0,
1703589120000,2023-12-26T11:12:00Z,288-1-1-111,105.0,
1703589180000,2023-12-26T11:13:00Z,288-1-1-111,140.0,
1703589240000,2023-12-26T11:14:00Z,288-1-1-111,144.0,
1703589300000,2023-12-26T11:15:00Z,288-1-1-111,140.0,
1703589360000,2023-12-26T11:16:00Z,288-1-1-111,93.0,
1703589420000,2023-12-26T11:17:00Z,288-1-1-111,148.0,
1703589480000,2023-12-26T11:18:00Z,288-1-1-111,17.0,
1703589540000,2023-12-26T11:19:00Z,288-1-1-111,0.0,
1703589600000,2023-12-26T11:20:00Z,288-1-1-111,0.0,
1703589660000,2023-12-26T11:21:00Z,288-1-1-111,0.0,
1703589720000,2023-12-26T11:22:00Z,288-1-1-111,5.0,
1703589780000,2023-12-26T11:23:00Z,288-1-1-111,68.0,
1703589840000,2023-12-26T11:24:00Z,288-1-1-111,0.0,
1703589900000,2023-12-26T11:25:00Z,288-1-1-111,0.0,
1703589960000,2023-12-26T11:26:00Z,288-1-1-111,0.0,
1703590020000,2023-12-26T11:27:00Z,288-1-1-111,0.0,
1703590080000,2023-12-26T11:28:00Z,288-1-1-111,0.0,
1703590140000,2023-12-26T11:29:00Z,288-1-1-111,0.0,
1703590200000,2023-12-26T11:30:00Z,288-1-1-111,0.0,
1703590260000,2023-12-26T11:31:00Z,288-1-1-111,0.0,
1703590320000,2023-12-26T11:32:00Z,288-1-1-111,0.0,
1703590380000,2023-12-26T11:33:00Z,288-1-1-111,0.0,
1703590440000,2023-12-26T11:34:00Z,288-1-1-111,0.0,
1703590500000,2023-12-26T11:35:00Z,288-1-1-111,0.0,
1703590560000,2023-12-26T11:36:00Z,288-1-1-111,0.0,
1703590620000,2023-12-26T11:37:00Z,288-1-1-111,0.0,
1703590680000,2023-12-26T11:38:00Z,288-1-1-111,0.0,
1703590740000,2023-12-26T11:39:00Z,288-1-1-111,0.0,
1703590800000,2023-12-26T11:40:00Z,288-1-1-111,0.0,
1703590860000,2023-12-26T11:41:00Z,288-1-1-111,0.0,
1703590920000,2023-12-26T11:42:00Z,288-1-1-111,0.0,
1703590980000,2023-12-26T11:43:00Z,288-1-1-111,0.0,
1703591040000,2023-12-26T11:44:00Z,288-1-1-111,0.0,
1703591100000,2023-12-26T11:45:00Z,288-1-1-111,0.0,
1703591160000,2023-12-26T11:46:00Z,288-1-1-111,30.0,
1703591220000,2023-12-26T11:47:00Z,288-1-1-111,0.0,
1703591280000,2023-12-26T11:48:00Z,288-1-1-111,0.0,
1703591340000,2023-12-26T11:49:00Z,288-1-1-111,11.0,
1703591400000,2023-12-26T11:50:00Z,288-1-1-111,0.0,
1703591460000,2023-12-26T11:51:00Z,288-1-1-111,0.0,
1703591520000,2023-12-26T11:52:00Z,288-1-1-111,0.0,
1703591580000,2023-12-26T11:53:00Z,288-1-1-111,0.0,
1703591640000,2023-12-26T11:54:00Z,288-1-1-111,0.0,
1703591700000,2023-12-26T11:55:00Z,288-1-1-111,0.0,
1703591760000,2023-12-26T11:56:00Z,288-1-1-111,23.0,
1703591820000,2023-12-26T11:57:00Z,288-1-1-111,36.0,
1703591880000,2023-12-26T11:58:00Z,288-1-1-111,27.0,
1703591940000,2023-12-26T11:59:00Z,288-1-1-111,19.0,
1703592000000,2023-12-26T12:00:00Z,288-1-1-111,16.0,
1703592060000,2023-12-26T12:01:00Z,288-1-1-111,73.0,
1703592120000,2023-12-26T12:02:00Z,288-1-1-111,102.0,
1703592180000,2023-12-26T12:03:00Z,288-1-1-111,128.0,
1703592240000,2023-12-26T12:04:00Z,288-1-1-111,70.0,
1703592300000,2023-12-26T12:05:00Z,288-1-1-111,31.0,
1703592360000,2023-12-26T12:06:00Z,288-1-1-111,45.0,
1703592420000,2023-12-26T12:07:00Z,288-1-1-111,67.0,
1703592480000,2023-12-26T12:08:00Z,288-1-1-111,52.0,
1703592540000,2023-12-26T12:09:00Z,288-1-1-111,16.0,
1703592600000,2023-12-26T12:10:00Z,288-1-1-111,17.0,
1703592660000,2023-12-26T12:11:00Z,288-1-1-111,33.0,
1703592720000,2023-12-26T12:12:00Z,288-1-1-111,36.0,
1703592780000,2023-12-26T12:13:00Z,288-1-1-111,74.0,
1703592840000,2023-12-26T12:14:00Z,288-1-1-111,40.0,
1703592900000,2023-12-26T12:15:00Z,288-1-1-111,30.0,
1703592960000,2023-12-26T12:16:00Z,288-1-1-111,80.0,
1703593020000,2023-12-26T12:17:00Z,288-1-1-111,63.0,
1703593080000,2023-12-26T12:18:00Z,288-1-1-111,73.0,
1703593140000,2023-12-26T12:19:00Z,288-1-1-111,4.0,
1703593200000,2023-12-26T12:20:00Z,288-1-1-111,82.0,
1703593260000,2023-12-26T12:21:00Z,288-1-1-111,64.0,
1703593320000,2023-12-26T12:22:00Z,288-1-1-111,31.0,
1703593380000,2023-12-26T12:23:00Z,288-1-1-111,7.0,
1703593440000,2023-12-26T12:24:00Z,288-1-1-111,75.0,
1703593500000,2023-12-26T12:25:00Z,288-1-1-111,124.0,
1703593560000,2023-12-26T12:26:00Z,288-1-1-111,147.0,
1703593620000,2023-12-26T12:27:00Z,288-1-1-111,145.0,
1703593680000,2023-12-26T12:28:00Z,288-1-1-111,139.0,
1703593740000,2023-12-26T12:29:00Z,288-1-1-111,141.0,
1703593800000,2023-12-26T12:30:00Z,288-1-1-111,140.0,
1703593860000,2023-12-26T12:31:00Z,288-1-1-111,139.0,
1703593920000,2023-12-26T12:32:00Z,288-1-1-111,145.0,
1703593980000,2023-12-26T12:33:00Z,288-1-1-111,147.0,
1703594040000,2023-12-26T12:34:00Z,288-1-1-111,144.0,
1703594100000,2023-12-26T12:35:00Z,288-1-1-111,150.0,
1703594160000,2023-12-26T12:36:00Z,288-1-1-111,146.0,
1703594220000,2023-12-26T12:37:00Z,288-1-1-111,150.0,
1703594280000,2023-12-26T12:38:00Z,288-1-1-111,91.0,
1703594340000,2023-12-26T12:39:00Z,288-1-1-111,133.0,
1703594400000,2023-12-26T12:40:00Z,288-1-1-111,76.0,
1703594460000,2023-12-26T12:41:00Z,288-1-1-111,136.0,
1703594520000,2023-12-26T12:42:00Z,288-1-1-111,96.0,
1703594580000,2023-12-26T12:43:00Z,288-1-1-111,99.0,
1703594640000,2023-12-26T12:44:00Z,288-1-1-111,94.0,
1703594700000,2023-12-26T12:45:00Z,288-1-1-111,89.0,
1703594760000,2023-12-26T12:46:00Z,288-1-1-111,71.0,
1703594820000,2023-12-26T12:47:00Z,288-1-1-111,41.0,
1703594880000,2023-12-26T12:48:00Z,288-1-1-111,63.0,
1703594940000,2023-12-26T12:49:00Z,288-1-1-111,95.0,
1703595000000,2023-12-26T12:50:00Z,288-1-1-111,107.0,
1703595060000,2023-12-26T12:51:00Z,288-1-1-111,92.0,
1703595120000,2023-12-26T12:52:00Z,288-1-1-111,64.0,
1703595180000,2023-12-26T12:53:00Z,288-1-1-111,134.0,
1703595240000,2023-12-26T12:54:00Z,288-1-1-111,147.0,
1703595300000,2023-12-26T12:55:00Z,288-1-1-111,122.0,
1703595360000,2023-12-26T12:56:00Z,288-1-1-111,150.0,
1703595420000,2023-12-26T12:57:00Z,288-1-1-111,,device_not_worn_correctly
1703595480000,2023-12-26T12:58:00Z,288-1-1-111,,device_not_worn_correctly
1703595540000,2023-12-26T12:59:00Z,288-1-1-111,,device_not_worn_correctly
1703595600000,2023-12-26T13:00:00Z,288-1-1-111,,device_not_worn_correctly
1703595660000,2023-12-26T13:01:00Z,288-1-1-111,,device_not_worn_correctly
1703595720000,2023-12-26T13:02:00Z,288-1-1-111,,device_not_worn_correctly
1703595780000,2023-12-26T13:03:00Z,288-1-1-111,,device_not_worn_correctly
1703595840000,2023-12-26T13:04:00Z,288-1-1-111,,device_not_worn_correctly
1703595900000,2023-12-26T13:05:00Z,288-1-1-111,,device_not_worn_correctly
1703595960000,2023-12-26T13:06:00Z,288-1-1-111,,device_not_worn_correctly
1703596020000,2023-12-26T13:07:00Z,288-1-1-111,,device_not_worn_correctly
1703596080000,2023-12-26T13:08:00Z,288-1-1-111,,device_not_worn_correctly
1703596140000,2023-12-26T13:09:00Z,288-1-1-111,,device_not_worn_correctly
1703596200000,2023-12-26T13:10:00Z,288-1-1-111,,device_not_worn_correctly
1703596260000,2023-12-26T13:11:00Z,288-1-1-111,,device_not_worn_correctly
1703596320000,2023-12-26T13:12:00Z,288-1-1-111,,device_not_worn_correctly
1703596380000,2023-12-26T13:13:00Z,288-1-1-111,,device_not_worn_correctly
1703596440000,2023-12-26T13:14:00Z,288-1-1-111,,device_not_worn_correctly
1703596500000,2023-12-26T13:15:00Z,288-1-1-111,,device_not_worn_correctly
1703596560000,2023-12-26T13:16:00Z,288-1-1-111,,device_not_worn_correctly
1703596620000,2023-12-26T13:17:00Z,288-1-1-111,,device_not_worn_correctly
1703596680000,2023-12-26T13:18:00Z,288-1-1-111,,device_not_worn_correctly
1703596740000,2023-12-26T13:19:00Z,288-1-1-111,,device_not_recording
1703596800000,2023-12-26T13:20:00Z,288-1-1-111,,device_not_recording
1703596860000,2023-12-26T13:21:00Z,288-1-1-111,,device_not_recording
1703596920000,2023-12-26T13:22:00Z,288-1-1-111,,device_not_recording
1703596980000,2023-12-26T13:23:00Z,288-1-1-111,,device_not_recording
1703597040000,2023-12-26T13:24:00Z,288-1-1-111,,device_not_recording
1703597100000,2023-12-26T13:25:00Z,288-1-1-111,,device_not_recording
1703597160000,2023-12-26T13:26:00Z,288-1-1-111,,device_not_recording
1703597220000,2023-12-26T13:27:00Z,288-1-1-111,,device_not_recording
1703597280000,2023-12-26T13:28:00Z,288-1-1-111,,device_not_recording
1703597340000,2023-12-26T13:29:00Z,288-1-1-111,,device_not_recording
1703597400000,2023-12-26T13:30:00Z,288-1-1-111,,device_not_recording
1703597460000,2023-12-26T13:31:00Z,288-1-1-111,,device_not_recording
1703597520000,2023-12-26T13:32:00Z,288-1-1-111,,device_not_recording
1703597580000,2023-12-26T13:33:00Z,288-1-1-111,,device_not_recording
1703597640000,2023-12-26T13:34:00Z,288-1-1-111,,device_not_recording
1703597700000,2023-12-26T13:35:00Z,288-1-1-111,,device_not_recording
1703597760000,2023-12-26T13:36:00Z,288-1-1-111,,device_not_recording
1703597820000,2023-12-26T13:37:00Z,288-1-1-111,,device_not_recording
1703597880000,2023-12-26T13:38:00Z,288-1-1-111,,device_not_recording
1703597940000,2023-12-26T13:39:00Z,288-1-1-111,,device_not_recording
1703598000000,2023-12-26T13:40:00Z,288-1-1-111,,device_not_recording
1703598060000,2023-12-26T13:41:00Z,288-1-1-111,,device_not_recording
1703598120000,2023-12-26T13:42:00Z,288-1-1-111,,device_not_recording
1703598180000,2023-12-26T13:43:00Z,288-1-1-111,,device_not_recording
1703598240000,2023-12-26T13:44:00Z,288-1-1-111,,device_not_recording
1703598300000,2023-12-26T13:45:00Z,288-1-1-111,,device_not_recording
1703598360000,2023-12-26T13:46:00Z,288-1-1-111,,device_not_recording
1703598420000,2023-12-26T13:47:00Z,288-1-1-111,,device_not_recording
1703598480000,2023-12-26T13:48:00Z,288-1-1-111,,device_not_recording
1703598540000,2023-12-26T13:49:00Z,288-1-1-111,,device_not_recording
1703598600000,2023-12-26T13:50:00Z,288-1-1-111,,device_not_recording
1703598660000,2023-12-26T13:51:00Z,288-1-1-111,,device_not_recording
1703598720000,2023-12-26T13:52:00Z,288-1-1-111,,device_not_recording
1703598780000,2023-12-26T13:53:00Z,288-1-1-111,,device_not_recording
1703598840000,2023-12-26T13:54:00Z,288-1-1-111,,device_not_recording
1703598900000,2023-12-26T13:55:00Z,288-1-1-111,,device_not_recording
1703598960000,2023-12-26T13:56:00Z,288-1-1-111,,device_not_recording
1703599020000,2023-12-26T13:57:00Z,288-1-1-111,,device_not_recording
1703599080000,2023-12-26T13:58:00Z,288-1-1-111,,device_not_recording
1703599140000,2023-12-26T13:59:00Z,288-1-1-111,,device_not_recording
1703599200000,2023-12-26T14:00:00Z,288-1-1-111,,device_not_recording
1703599260000,2023-12-26T14:01:00Z,288-1-1-111,,device_not_recording
1703599320000,2023-12-26T14:02:00Z,288-1-1-111,,device_not_recording
1703599380000,2023-12-26T14:03:00Z,288-1-1-111,,device_not_recording
1703599440000,2023-12-26T14:04:00Z,288-1-1-111,,device_not_recording
1703599500000,2023-12-26T14:05:00Z,288-1-1-111,,device_not_recording
1703599560000,2023-12-26T14:06:00Z,288-1-1-111,,device_not_recording
1703599620000,2023-12-26T14:07:00Z,288-1-1-111,,device_not_recording
1703599680000,2023-12-26T14:08:00Z,288-1-1-111,,device_not_recording
1703599740000,2023-12-26T14:09:00Z,288-1-1-111,,device_not_recording
1703599800000,2023-12-26T14:10:00Z,288-1-1-111,,device_not_recording
1703599860000,2023-12-26T14:11:00Z,288-1-1-111,,device_not_recording
1703599920000,2023-12-26T14:12:00Z,288-1-1-111,,device_not_recording
1703599980000,2023-12-26T14:13:00Z,288-1-1-111,,device_not_recording
1703600040000,2023-12-26T14:14:00Z,288-1-1-111,,device_not_recording
1703600100000,2023-12-26T14:15:00Z,288-1-1-111,,device_not_recording
1703600160000,2023-12-26T14:16:00Z,288-1-1-111,,device_not_recording
1703600220000,2023-12-26T14:17:00Z,288-1-1-111,,device_not_recording
1703600280000,2023-12-26T14:18:00Z,288-1-1-111,,device_not_recording
1703600340000,2023-12-26T14:19:00Z,288-1-1-111,,device_not_recording
1703600400000,2023-12-26T14:20:00Z,288-1-1-111,,device_not_recording
1703600460000,2023-12-26T14:21:00Z,288-1-1-111,,device_not_recording
1703600520000,2023-12-26T14:22:00Z,288-1-1-111,,device_not_recording
1703600580000,2023-12-26T14:23:00Z,288-1-1-111,,device_not_recording
1703600640000,2023-12-26T14:24:00Z,288-1-1-111,,device_not_recording
1703600700000,2023-12-26T14:25:00Z,288-1-1-111,,device_not_recording
1703600760000,2023-12-26T14:26:00Z,288-1-1-111,,device_not_recording
1703600820000,2023-12-26T14:27:00Z,288-1-1-111,,device_not_recording
1703600880000,2023-12-26T14:28:00Z,288-1-1-111,,device_not_recording
1703600940000,2023-12-26T14:29:00Z,288-1-1-111,,device_not_recording
1703601000000,2023-12-26T14:30:00Z,288-1-1-111,,device_not_recording
1703601060000,2023-12-26T14:31:00Z,288-1-1-111,,device_not_recording
1703601120000,2023-12-26T14:32:00Z,288-1-1-111,,device_not_recording
1703601180000,2023-12-26T14:33:00Z,288-1-1-111,,device_not_recording
1703601240000,2023-12-26T14:34:00Z,288-1-1-111,,device_not_recording
1703601300000,2023-12-26T14:35:00Z,288-1-1-111,,device_not_recording
1703601360000,2023-12-26T14:36:00Z,288-1-1-111,,device_not_recording
1703601420000,2023-12-26T14:37:00Z,288-1-1-111,,device_not_recording
1703601480000,2023-12-26T14:38:00Z,288-1-1-111,,device_not_recording
1703601540000,2023-12-26T14:39:00Z,288-1-1-111,,device_not_recording
1703601600000,2023-12-26T14:40:00Z,288-1-1-111,,device_not_recording
1703601660000,2023-12-26T14:41:00Z,288-1-1-111,,device_not_recording
1703601720000,2023-12-26T14:42:00Z,288-1-1-111,,device_not_recording
1703601780000,2023-12-26T14:43:00Z,288-1-1-111,,device_not_recording
1703601840000,2023-12-26T14:44:00Z,288-1-1-111,,device_not_recording
1703601900000,2023-12-26T14:45:00Z,288-1-1-111,,device_not_recording
1703601960000,2023-12-26T14:46:00Z,288-1-1-111,,device_not_recording
1703602020000,2023-12-26T14:47:00Z,288-1-1-111,,device_not_recording
1703602080000,2023-12-26T14:48:00Z,288-1-1-111,,device_not_recording
1703602140000,2023-12-26T14:49:00Z,288-1-1-111,,device_not_recording
1703602200000,2023-12-26T14:50:00Z,288-1-1-111,,device_not_recording
1703602260000,2023-12-26T14:51:00Z,288-1-1-111,,device_not_recording
1703602320000,2023-12-26T14:52:00Z,288-1-1-111,,device_not_recording
1703602380000,2023-12-26T14:53:00Z,288-1-1-111,,device_not_recording
1703602440000,2023-12-26T14:54:00Z,288-1-1-111,,device_not_recording
1703602500000,2023-12-26T14:55:00Z,288-1-1-111,,device_not_recording
1703602560000,2023-12-26T14:56:00Z,288-1-1-111,,device_not_recording
1703602620000,2023-12-26T14:57:00Z,288-1-1-111,,device_not_recording
1703602680000,2023-12-26T14:58:00Z,288-1-1-111,,device_not_recording
1703602740000,2023-12-26T14:59:00Z,288-1-1-111,,device_not_recording
1703602800000,2023-12-26T15:00:00Z,288-1-1-111,,device_not_recording
1703602860000,2023-12-26T15:01:00Z,288-1-1-111,,device_not_recording
1703602920000,2023-12-26T15:02:00Z,288-1-1-111,,device_not_recording
1703602980000,2023-12-26T15:03:00Z,288-1-1-111,,device_not_recording
1703603040000,2023-12-26T15:04:00Z,288-1-1-111,,device_not_recording
1703603100000,2023-12-26T15:05:00Z,288-1-1-111,,device_not_recording
1703603160000,2023-12-26T15:06:00Z,288-1-1-111,,device_not_recording
1703603220000,2023-12-26T15:07:00Z,288-1-1-111,,device_not_recording
1703603280000,2023-12-26T15:08:00Z,288-1-1-111,,device_not_recording
1703603340000,2023-12-26T15:09:00Z,288-1-1-111,,device_not_recording
1703603400000,2023-12-26T15:10:00Z,288-1-1-111,,device_not_recording
1703603460000,2023-12-26T15:11:00Z,288-1-1-111,,device_not_recording
1703603520000,2023-12-26T15:12:00Z,288-1-1-111,,device_not_recording
1703603580000,2023-12-26T15:13:00Z,288-1-1-111,,device_not_recording
1703603640000,2023-12-26T15:14:00Z,288-1-1-111,,device_not_recording
1703603700000,2023-12-26T15:15:00Z,288-1-1-111,,device_not_recording
1703603760000,2023-12-26T15:16:00Z,288-1-1-111,,device_not_recording
1703603820000,2023-12-26T15:17:00Z,288-1-1-111,,device_not_recording
1703603880000,2023-12-26T15:18:00Z,288-1-1-111,,device_not_recording
1703603940000,2023-12-26T15:19:00Z,288-1-1-111,,device_not_recording
1703604000000,2023-12-26T15:20:00Z,288-1-1-111,,device_not_recording
1703604060000,2023-12-26T15:21:00Z,288-1-1-111,,device_not_recording
1703604120000,2023-12-26T15:22:00Z,288-1-1-111,,device_not_recording
1703604180000,2023-12-26T15:23:00Z,288-1-1-111,,device_not_recording
1703604240000,2023-12-26T15:24:00Z,288-1-1-111,,device_not_recording
1703604300000,2023-12-26T15:25:00Z,288-1-1-111,,device_not_recording
1703604360000,2023-12-26T15:26:00Z,288-1-1-111,,device_not_recording
1703604420000,2023-12-26T15:27:00Z,288-1-1-111,,device_not_recording
1703604480000,2023-12-26T15:28:00Z,288-1-1-111,,device_not_recording
1703604540000,2023-12-26T15:29:00Z,288-1-1-111,,device_not_recording
1703604600000,2023-12-26T15:30:00Z,288-1-1-111,,device_not_recording
1703604660000,2023-12-26T15:31:00Z,288-1-1-111,,device_not_recording
1703604720000,2023-12-26T15:32:00Z,288-1-1-111,,device_not_recording
1703604780000,2023-12-26T15:33:00Z,288-1-1-111,,device_not_recording
1703604840000,2023-12-26T15:34:00Z,288-1-1-111,,device_not_recording
1703604900000,2023-12-26T15:35:00Z,288-1-1-111,,device_not_recording
1703604960000,2023-12-26T15:36:00Z,288-1-1-111,,device_not_recording
1703605020000,2023-12-26T15:37:00Z,288-1-1-111,,device_not_recording
1703605080000,2023-12-26T15:38:00Z,288-1-1-111,,device_not_recording
1703605140000,2023-12-26T15:39:00Z,288-1-1-111,,device_not_recording
1703605200000,2023-12-26T15:40:00Z,288-1-1-111,,device_not_recording
1703605260000,2023-12-26T15:41:00Z,288-1-1-111,,device_not_recording
1703605320000,2023-12-26T15:42:00Z,288-1-1-111,,device_not_recording
1703605380000,2023-12-26T15:43:00Z,288-1-1-111,,device_not_recording
1703605440000,2023-12-26T15:44:00Z,288-1-1-111,,device_not_recording
1703605500000,2023-12-26T15:45:00Z,288-1-1-111,,device_not_recording
1703605560000,2023-12-26T15:46:00Z,288-1-1-111,,device_not_recording
1703605620000,2023-12-26T15:47:00Z,288-1-1-111,,device_not_recording
1703605680000,2023-12-26T15:48:00Z,288-1-1-111,,device_not_recording
1703605740000,2023-12-26T15:49:00Z,288-1-1-111,,device_not_recording
1703605800000,2023-12-26T15:50:00Z,288-1-1-111,,device_not_recording
1703605860000,2023-12-26T15:51:00Z,288-1-1-111,,device_not_recording
1703605920000,2023-12-26T15:52:00Z,288-1-1-111,,device_not_recording
1703605980000,2023-12-26T15:53:00Z,288-1-1-111,,device_not_recording
1703606040000,2023-12-26T15:54:00Z,288-1-1-111,,device_not_recording
1703606100000,2023-12-26T15:55:00Z,288-1-1-111,,device_not_recording
1703606160000,2023-12-26T15:56:00Z,288-1-1-111,,device_not_recording
1703606220000,2023-12-26T15:57:00Z,288-1-1-111,,device_not_recording
1703606280000,2023-12-26T15:58:00Z,288-1-1-111,,device_not_recording
1703606340000,2023-12-26T15:59:00Z,288-1-1-111,,device_not_recording
1703606400000,2023-12-26T16:00:00Z,288-1-1-111,,device_not_recording
1703606460000,2023-12-26T16:01:00Z,288-1-1-111,,device_not_recording
1703606520000,2023-12-26T16:02:00Z,288-1-1-111,,device_not_recording
1703606580000,2023-12-26T16:03:00Z,288-1-1-111,,device_not_recording
1703606640000,2023-12-26T16:04:00Z,288-1-1-111,,device_not_recording
1703606700000,2023-12-26T16:05:00Z,288-1-1-111,,device_not_recording
1703606760000,2023-12-26T16:06:00Z,288-1-1-111,,device_not_recording
1703606820000,2023-12-26T16:07:00Z,288-1-1-111,,device_not_recording
1703606880000,2023-12-26T16:08:00Z,288-1-1-111,,device_not_recording
1703606940000,2023-12-26T16:09:00Z,288-1-1-111,,device_not_recording
1703607000000,2023-12-26T16:10:00Z,288-1-1-111,,device_not_recording
1703607060000,2023-12-26T16:11:00Z,288-1-1-111,,device_not_recording
1703607120000,2023-12-26T16:12:00Z,288-1-1-111,,device_not_recording
1703607180000,2023-12-26T16:13:00Z,288-1-1-111,,device_not_recording
1703607240000,2023-12-26T16:14:00Z,288-1-1-111,,device_not_recording
1703607300000,2023-12-26T16:15:00Z,288-1-1-111,,device_not_recording
1703607360000,2023-12-26T16:16:00Z,288-1-1-111,,device_not_recording
1703607420000,2023-12-26T16:17:00Z,288-1-1-111,,device_not_recording
1703607480000,2023-12-26T16:18:00Z,288-1-1-111,,device_not_recording
1703607540000,2023-12-26T16:19:00Z,288-1-1-111,,device_not_recording
1703607600000,2023-12-26T16:20:00Z,288-1-1-111,,device_not_recording
1703607660000,2023-12-26T16:21:00Z,288-1-1-111,,device_not_recording
1703607720000,2023-12-26T16:22:00Z,288-1-1-111,,device_not_recording
1703607780000,2023-12-26T16:23:00Z,288-1-1-111,,device_not_recording
1703607840000,2023-12-26T16:24:00Z,288-1-1-111,,device_not_recording
1703607900000,2023-12-26T16:25:00Z,288-1-1-111,,device_not_recording
1703607960000,2023-12-26T16:26:00Z,288-1-1-111,,device_not_recording
1703608020000,2023-12-26T16:27:00Z,288-1-1-111,,device_not_recording
1703608080000,2023-12-26T16:28:00Z,288-1-1-111,,device_not_recording
1703608140000,2023-12-26T16:29:00Z,288-1-1-111,,device_not_recording
1703608200000,2023-12-26T16:30:00Z,288-1-1-111,,device_not_recording
1703608260000,2023-12-26T16:31:00Z,288-1-1-111,,device_not_recording
1703608320000,2023-12-26T16:32:00Z,288-1-1-111,,device_not_recording
1703608380000,2023-12-26T16:33:00Z,288-1-1-111,,device_not_recording
1703608440000,2023-12-26T16:34:00Z,288-1-1-111,,device_not_recording
1703608500000,2023-12-26T16:35:00Z,288-1-1-111,,device_not_recording
1703608560000,2023-12-26T16:36:00Z,288-1-1-111,,device_not_recording
1703608620000,2023-12-26T16:37:00Z,288-1-1-111,,device_not_recording
1703608680000,2023-12-26T16:38:00Z,288-1-1-111,,device_not_recording
1703608740000,2023-12-26T16:39:00Z,288-1-1-111,,device_not_recording
1703608800000,2023-12-26T16:40:00Z,288-1-1-111,,device_not_recording
1703608860000,2023-12-26T16:41:00Z,288-1-1-111,,device_not_recording
1703608920000,2023-12-26T16:42:00Z,288-1-1-111,,device_not_recording
1703608980000,2023-12-26T16:43:00Z,288-1-1-111,,device_not_recording
1703609040000,2023-12-26T16:44:00Z,288-1-1-111,,device_not_recording
1703609100000,2023-12-26T16:45:00Z,288-1-1-111,,device_not_recording
1703609160000,2023-12-26T16:46:00Z,288-1-1-111,,device_not_recording
1703609220000,2023-12-26T16:47:00Z,288-1-1-111,,device_not_recording
1703609280000,2023-12-26T16:48:00Z,288-1-1-111,,device_not_recording
1703609340000,2023-12-26T16:49:00Z,288-1-1-111,,device_not_recording
1703609400000,2023-12-26T16:50:00Z,288-1-1-111,,device_not_recording
1703609460000,2023-12-26T16:51:00Z,288-1-1-111,,device_not_recording
1703609520000,2023-12-26T16:52:00Z,288-1-1-111,,device_not_recording
1703609580000,2023-12-26T16:53:00Z,288-1-1-111,,device_not_recording
1703609640000,2023-12-26T16:54:00Z,288-1-1-111,,device_not_recording
1703609700000,2023-12-26T16:55:00Z,288-1-1-111,,device_not_recording
1703609760000,2023-12-26T16:56:00Z,288-1-1-111,,device_not_recording
1703609820000,2023-12-26T16:57:00Z,288-1-1-111,,device_not_recording
1703609880000,2023-12-26T16:58:00Z,288-1-1-111,,device_not_recording
1703609940000,2023-12-26T16:59:00Z,288-1-1-111,,device_not_recording
1703610000000,2023-12-26T17:00:00Z,288-1-1-111,,device_not_recording
1703610060000,2023-12-26T17:01:00Z,288-1-1-111,,device_not_recording
1703610120000,2023-12-26T17:02:00Z,288-1-1-111,,device_not_recording
1703610180000,2023-12-26T17:03:00Z,288-1-1-111,,device_not_recording
1703610240000,2023-12-26T17:04:00Z,288-1-1-111,,device_not_recording
1703610300000,2023-12-26T17:05:00Z,288-1-1-111,,device_not_recording
1703610360000,2023-12-26T17:06:00Z,288-1-1-111,,device_not_recording
1703610420000,2023-12-26T17:07:00Z,288-1-1-111,,device_not_recording
1703610480000,2023-12-26T17:08:00Z,288-1-1-111,,device_not_recording
1703610540000,2023-12-26T17:09:00Z,288-1-1-111,,device_not_recording
1703610600000,2023-12-26T17:10:00Z,288-1-1-111,,device_not_recording
1703610660000,2023-12-26T17:11:00Z,288-1-1-111,,device_not_recording
1703610720000,2023-12-26T17:12:00Z,288-1-1-111,,device_not_recording
1703610780000,2023-12-26T17:13:00Z,288-1-1-111,,device_not_recording
1703610840000,2023-12-26T17:14:00Z,288-1-1-111,,device_not_recording
1703610900000,2023-12-26T17:15:00Z,288-1-1-111,,device_not_recording
1703610960000,2023-12-26T17:16:00Z,288-1-1-111,,device_not_recording
1703611020000,2023-12-26T17:17:00Z,288-1-1-111,,device_not_recording
1703611080000,2023-12-26T17:18:00Z,288-1-1-111,,device_not_recording
1703611140000,2023-12-26T17:19:00Z,288-1-1-111,,device_not_recording
1703611200000,2023-12-26T17:20:00Z,288-1-1-111,,device_not_recording
1703611260000,2023-12-26T17:21:00Z,288-1-1-111,,device_not_recording
1703611320000,2023-12-26T17:22:00Z,288-1-1-111,,device_not_recording
1703611380000,2023-12-26T17:23:00Z,288-1-1-111,,device_not_recording
1703611440000,2023-12-26T17:24:00Z,288-1-1-111,,device_not_recording
1703611500000,2023-12-26T17:25:00Z,288-1-1-111,,device_not_recording
1703611560000,2023-12-26T17:26:00Z,288-1-1-111,,device_not_recording
1703611620000,2023-12-26T17:27:00Z,288-1-1-111,,device_not_recording
1703611680000,2023-12-26T17:28:00Z,288-1-1-111,,device_not_recording
1703611740000,2023-12-26T17:29:00Z,288-1-1-111,,device_not_recording
1703611800000,2023-12-26T17:30:00Z,288-1-1-111,,device_not_recording
1703611860000,2023-12-26T17:31:00Z,288-1-1-111,,device_not_recording
1703611920000,2023-12-26T17:32:00Z,288-1-1-111,,device_not_recording
1703611980000,2023-12-26T17:33:00Z,288-1-1-111,,device_not_recording
1703612040000,2023-12-26T17:34:00Z,288-1-1-111,,device_not_recording
1703612100000,2023-12-26T17:35:00Z,288-1-1-111,,device_not_recording
1703612160000,2023-12-26T17:36:00Z,288-1-1-111,,device_not_recording
1703612220000,2023-12-26T17:37:00Z,288-1-1-111,,device_not_recording
1703612280000,2023-12-26T17:38:00Z,288-1-1-111,,device_not_recording
1703612340000,2023-12-26T17:39:00Z,288-1-1-111,,device_not_recording
1703612400000,2023-12-26T17:40:00Z,288-1-1-111,,device_not_recording
1703612460000,2023-12-26T17:41:00Z,288-1-1-111,,device_not_recording
1703612520000,2023-12-26T17:42:00Z,288-1-1-111,,device_not_recording
1703612580000,2023-12-26T17:43:00Z,288-1-1-111,,device_not_recording
1703612640000,2023-12-26T17:44:00Z,288-1-1-111,,device_not_recording
1703612700000,2023-12-26T17:45:00Z,288-1-1-111,,device_not_recording
1703612760000,2023-12-26T17:46:00Z,288-1-1-111,,device_not_recording
1703612820000,2023-12-26T17:47:00Z,288-1-1-111,,device_not_recording
1703612880000,2023-12-26T17:48:00Z,288-1-1-111,,device_not_recording
1703612940000,2023-12-26T17:49:00Z,288-1-1-111,,device_not_recording
1703613000000,2023-12-26T17:50:00Z,288-1-1-111,,device_not_recording
1703613060000,2023-12-26T17:51:00Z,288-1-1-111,,device_not_recording
1703613120000,2023-12-26T17:52:00Z,288-1-1-111,,device_not_recording
1703613180000,2023-12-26T17:53:00Z,288-1-1-111,,device_not_recording
1703613240000,2023-12-26T17:54:00Z,288-1-1-111,,device_not_recording
1703613300000,2023-12-26T17:55:00Z,288-1-1-111,,device_not_recording
1703613360000,2023-12-26T17:56:00Z,288-1-1-111,,device_not_recording
1703613420000,2023-12-26T17:57:00Z,288-1-1-111,,device_not_recording
1703613480000,2023-12-26T17:58:00Z,288-1-1-111,,device_not_recording
1703613540000,2023-12-26T17:59:00Z,288-1-1-111,,device_not_recording
1703613600000,2023-12-26T18:00:00Z,288-1-1-111,,device_not_recording
1703613660000,2023-12-26T18:01:00Z,288-1-1-111,,device_not_recording
1703613720000,2023-12-26T18:02:00Z,288-1-1-111,,device_not_recording
1703613780000,2023-12-26T18:03:00Z,288-1-1-111,,device_not_recording
1703613840000,2023-12-26T18:04:00Z,288-1-1-111,,device_not_recording
1703613900000,2023-12-26T18:05:00Z,288-1-1-111,,device_not_recording
1703613960000,2023-12-26T18:06:00Z,288-1-1-111,,device_not_recording
1703614020000,2023-12-26T18:07:00Z,288-1-1-111,,device_not_recording
1703614080000,2023-12-26T18:08:00Z,288-1-1-111,,device_not_recording
1703614140000,2023-12-26T18:09:00Z,288-1-1-111,,device_not_recording
1703614200000,2023-12-26T18:10:00Z,288-1-1-111,,device_not_recording
1703614260000,2023-12-26T18:11:00Z,288-1-1-111,,device_not_recording
1703614320000,2023-12-26T18:12:00Z,288-1-1-111,,device_not_recording
1703614380000,2023-12-26T18:13:00Z,288-1-1-111,,device_not_recording
1703614440000,2023-12-26T18:14:00Z,288-1-1-111,,device_not_recording
1703614500000,2023-12-26T18:15:00Z,288-1-1-111,,device_not_recording
1703614560000,2023-12-26T18:16:00Z,288-1-1-111,,device_not_recording
1703614620000,2023-12-26T18:17:00Z,288-1-1-111,,device_not_recording
1703614680000,2023-12-26T18:18:00Z,288-1-1-111,,device_not_recording
1703614740000,2023-12-26T18:19:00Z,288-1-1-111,,device_not_recording
1703614800000,2023-12-26T18:20:00Z,288-1-1-111,,device_not_recording
1703614860000,2023-12-26T18:21:00Z,288-1-1-111,,device_not_recording
1703614920000,2023-12-26T18:22:00Z,288-1-1-111,,device_not_recording
1703614980000,2023-12-26T18:23:00Z,288-1-1-111,,device_not_recording
1703615040000,2023-12-26T18:24:00Z,288-1-1-111,,device_not_recording
1703615100000,2023-12-26T18:25:00Z,288-1-1-111,,device_not_recording
1703615160000,2023-12-26T18:26:00Z,288-1-1-111,,device_not_recording
1703615220000,2023-12-26T18:27:00Z,288-1-1-111,,device_not_recording
1703615280000,2023-12-26T18:28:00Z,288-1-1-111,,device_not_recording
1703615340000,2023-12-26T18:29:00Z,288-1-1-111,,device_not_recording
1703615400000,2023-12-26T18:30:00Z,288-1-1-111,,device_not_recording
1703615460000,2023-12-26T18:31:00Z,288-1-1-111,,device_not_recording
1703615520000,2023-12-26T18:32:00Z,288-1-1-111,,device_not_recording
1703615580000,2023-12-26T18:33:00Z,288-1-1-111,,device_not_recording
1703615640000,2023-12-26T18:34:00Z,288-1-1-111,,device_not_recording
1703615700000,2023-12-26T18:35:00Z,288-1-1-111,,device_not_recording
1703615760000,2023-12-26T18:36:00Z,288-1-1-111,,device_not_recording
1703615820000,2023-12-26T18:37:00Z,288-1-1-111,,device_not_recording
1703615880000,2023-12-26T18:38:00Z,288-1-1-111,,device_not_recording
1703615940000,2023-12-26T18:39:00Z,288-1-1-111,,device_not_recording
1703616000000,2023-12-26T18:40:00Z,288-1-1-111,,device_not_recording
1703616060000,2023-12-26T18:41:00Z,288-1-1-111,,device_not_recording
1703616120000,2023-12-26T18:42:00Z,288-1-1-111,,device_not_recording
1703616180000,2023-12-26T18:43:00Z,288-1-1-111,,device_not_recording
1703616240000,2023-12-26T18:44:00Z,288-1-1-111,,device_not_recording
1703616300000,2023-12-26T18:45:00Z,288-1-1-111,,device_not_recording
1703616360000,2023-12-26T18:46:00Z,288-1-1-111,,device_not_recording
1703616420000,2023-12-26T18:47:00Z,288-1-1-111,,device_not_recording
1703616480000,2023-12-26T18:48:00Z,288-1-1-111,,device_not_recording
1703616540000,2023-12-26T18:49:00Z,288-1-1-111,,device_not_recording
1703616600000,2023-12-26T18:50:00Z,288-1-1-111,,device_not_recording
1703616660000,2023-12-26T18:51:00Z,288-1-1-111,,device_not_recording
1703616720000,2023-12-26T18:52:00Z,288-1-1-111,,device_not_recording
1703616780000,2023-12-26T18:53:00Z,288-1-1-111,,device_not_recording
1703616840000,2023-12-26T18:54:00Z,288-1-1-111,,device_not_recording
1703616900000,2023-12-26T18:55:00Z,288-1-1-111,,device_not_recording
1703616960000,2023-12-26T18:56:00Z,288-1-1-111,,device_not_recording
1703617020000,2023-12-26T18:57:00Z,288-1-1-111,,device_not_recording
1703617080000,2023-12-26T18:58:00Z,288-1-1-111,9.0,
1703617140000,2023-12-26T18:59:00Z,288-1-1-111,91.0,
1703617200000,2023-12-26T19:00:00Z,288-1-1-111,54.0,
1703617260000,2023-12-26T19:01:00Z,288-1-1-111,29.0,
1703617320000,2023-12-26T19:02:00Z,288-1-1-111,6.0,
1703617380000,2023-12-26T19:03:00Z,288-1-1-111,7.0,
1703617440000,2023-12-26T19:04:00Z,288-1-1-111,5.0,
1703617500000,2023-12-26T19:05:00Z,288-1-1-111,22.0,
1703617560000,2023-12-26T19:06:00Z,288-1-1-111,7.0,
1703617620000,2023-12-26T19:07:00Z,288-1-1-111,9.0,
1703617680000,2023-12-26T19:08:00Z,288-1-1-111,16.0,
1703617740000,2023-12-26T19:09:00Z,288-1-1-111,11.0,
1703617800000,2023-12-26T19:10:00Z,288-1-1-111,32.0,
1703617860000,2023-12-26T19:11:00Z,288-1-1-111,7.0,
1703617920000,2023-12-26T19:12:00Z,288-1-1-111,0.0,
1703617980000,2023-12-26T19:13:00Z,288-1-1-111,70.0,
1703618040000,2023-12-26T19:14:00Z,288-1-1-111,34.0,
1703618100000,2023-12-26T19:15:00Z,288-1-1-111,21.0,
1703618160000,2023-12-26T19:16:00Z,288-1-1-111,10.0,
1703618220000,2023-12-26T19:17:00Z,288-1-1-111,56.0,
1703618280000,2023-12-26T19:18:00Z,288-1-1-111,94.0,
1703618340000,2023-12-26T19:19:00Z,288-1-1-111,134.0,
1703618400000,2023-12-26T19:20:00Z,288-1-1-111,134.0,
1703618460000,2023-12-26T19:21:00Z,288-1-1-111,65.0,
1703618520000,2023-12-26T19:22:00Z,288-1-1-111,8.0,
1703618580000,2023-12-26T19:23:00Z,288-1-1-111,107.0,
1703618640000,2023-12-26T19:24:00Z,288-1-1-111,44.0,
1703618700000,2023-12-26T19:25:00Z,288-1-1-111,14.0,
1703618760000,2023-12-26T19:26:00Z,288-1-1-111,46.0,
1703618820000,2023-12-26T19:27:00Z,288-1-1-111,9.0,
1703618880000,2023-12-26T19:28:00Z,288-1-1-111,34.0,
1703618940000,2023-12-26T19:29:00Z,288-1-1-111,7.0,
1703619000000,2023-12-26T19:30:00Z,288-1-1-111,12.0,
1703619060000,2023-12-26T19:31:00Z,288-1-1-111,40.0,
1703619120000,2023-12-26T19:32:00Z,288-1-1-111,42.0,
1703619180000,2023-12-26T19:33:00Z,288-1-1-111,36.0,
1703619240000,2023-12-26T19:34:00Z,288-1-1-111,18.0,
1703619300000,2023-12-26T19:35:00Z,288-1-1-111,35.0,
1703619360000,2023-12-26T19:36:00Z,288-1-1-111,23.0,
1703619420000,2023-12-26T19:37:00Z,288-1-1-111,32.0,
1703619480000,2023-12-26T19:38:00Z,288-1-1-111,95.0,
1703619540000,2023-12-26T19:39:00Z,288-1-1-111,66.0,
1703619600000,2023-12-26T19:40:00Z,288-1-1-111,34.0,
1703619660000,2023-12-26T19:41:00Z,288-1-1-111,20.0,
1703619720000,2023-12-26T19:42:00Z,288-1-1-111,16.0,
1703619780000,2023-12-26T19:43:00Z,288-1-1-111,5.0,
1703619840000,2023-12-26T19:44:00Z,288-1-1-111,31.0,
1703619900000,2023-12-26T19:45:00Z,288-1-1-111,35.0,
1703619960000,2023-12-26T19:46:00Z,288-1-1-111,48.0,
1703620020000,2023-12-26T19:47:00Z,288-1-1-111,70.0,
1703620080000,2023-12-26T19:48:00Z,288-1-1-111,63.0,
1703620140000,2023-12-26T19:49:00Z,288-1-1-111,74.0,
1703620200000,2023-12-26T19:50:00Z,288-1-1-111,47.0,
1703620260000,2023-12-26T19:51:00Z,288-1-1-111,46.0,
1703620320000,2023-12-26T19:52:00Z,288-1-1-111,44.0,
1703620380000,2023-12-26T19:53:00Z,288-1-1-111,107.0,
1703620440000,2023-12-26T19:54:00Z,288-1-1-111,39.0,
1703620500000,2023-12-26T19:55:00Z,288-1-1-111,59.0,
1703620560000,2023-12-26T19:56:00Z,288-1-1-111,94.0,
1703620620000,2023-12-26T19:57:00Z,288-1-1-111,51.0,
1703620680000,2023-12-26T19:58:00Z,288-1-1-111,62.0,
1703620740000,2023-12-26T19:59:00Z,288-1-1-111,76.0,
1703620800000,2023-12-26T20:00:00Z,288-1-1-111,35.0,
1703620860000,2023-12-26T20:01:00Z,288-1-1-111,38.0,
1703620920000,2023-12-26T20:02:00Z,288-1-1-111,54.0,
1703620980000,2023-12-26T20:03:00Z,288-1-1-111,48.0,
1703621040000,2023-12-26T20:04:00Z,288-1-1-111,26.0,
1703621100000,2023-12-26T20:05:00Z,288-1-1-111,49.0,
1703621160000,2023-12-26T20:06:00Z,288-1-1-111,72.0,
1703621220000,2023-12-26T20:07:00Z,288-1-1-111,53.0,
1703621280000,2023-12-26T20:08:00Z,288-1-1-111,62.0,
1703621340000,2023-12-26T20:09:00Z,288-1-1-111,71.0,
1703621400000,2023-12-26T20:10:00Z,288-1-1-111,115.0,
1703621460000,2023-12-26T20:11:00Z,288-1-1-111,114.0,
1703621520000,2023-12-26T20:12:00Z,288-1-1-111,111.0,
1703621580000,2023-12-26T20:13:00Z,288-1-1-111,124.0,
1703621640000,2023-12-26T20:14:00Z,288-1-1-111,146.0,
1703621700000,2023-12-26T20:15:00Z,288-1-1-111,147.0,
1703621760000,2023-12-26T20:16:00Z,288-1-1-111,68.0,
1703621820000,2023-12-26T20:17:00Z,288-1-1-111,97.0,
1703621880000,2023-12-26T20:18:00Z,288-1-1-111,130.0,
1703621940000,2023-12-26T20:19:00Z,288-1-1-111,129.0,
1703622000000,2023-12-26T20:20:00Z,288-1-1-111,92.0,
1703622060000,2023-12-26T20:21:00Z,288-1-1-111,84.0,
1703622120000,2023-12-26T20:22:00Z,288-1-1-111,135.0,
1703622180000,2023-12-26T20:23:00Z,288-1-1-111,161.0,
1703622240000,2023-12-26T20:24:00Z,288-1-1-111,115.0,
1703622300000,2023-12-26T20:25:00Z,288-1-1-111,97.0,
1703622360000,2023-12-26T20:26:00Z,288-1-1-111,169.0,
1703622420000,2023-12-26T20:27:00Z,288-1-1-111,177.0,
1703622480000,2023-12-26T20:28:00Z,288-1-1-111,188.0,
1703622540000,2023-12-26T20:29:00Z,288-1-1-111,174.0,
1703622600000,2023-12-26T20:30:00Z,288-1-1-111,166.0,
1703622660000,2023-12-26T20:31:00Z,288-1-1-111,157.0,
1703622720000,2023-12-26T20:32:00Z,288-1-1-111,52.0,
1703622780000,2023-12-26T20:33:00Z,288-1-1-111,119.0,
1703622840000,2023-12-26T20:34:00Z,288-1-1-111,124.0,
1703622900000,2023-12-26T20:35:00Z,288-1-1-111,143.0,
1703622960000,2023-12-26T20:36:00Z,288-1-1-111,149.0,
1703623020000,2023-12-26T20:37:00Z,288-1-1-111,152.0,
1703623080000,2023-12-26T20:38:00Z,288-1-1-111,145.0,
1703623140000,2023-12-26T20:39:00Z,288-1-1-111,136.0,
1703623200000,2023-12-26T20:40:00Z,288-1-1-111,142.0,
1703623260000,2023-12-26T20:41:00Z,288-1-1-111,132.0,
1703623320000,2023-12-26T20:42:00Z,288-1-1-111,127.0,
1703623380000,2023-12-26T20:43:00Z,288-1-1-111,138.0,
1703623440000,2023-12-26T20:44:00Z,288-1-1-111,129.0,
1703623500000,2023-12-26T20:45:00Z,288-1-1-111,150.0,
1703623560000,2023-12-26T20:46:00Z,288-1-1-111,154.0,
1703623620000,2023-12-26T20:47:00Z,288-1-1-111,123.0,
1703623680000,2023-12-26T20:48:00Z,288-1-1-111,140.0,
1703623740000,2023-12-26T20:49:00Z,288-1-1-111,78.0,
1703623800000,2023-12-26T20:50:00Z,288-1-1-111,72.0,
1703623860000,2023-12-26T20:51:00Z,288-1-1-111,107.0,
1703623920000,2023-12-26T20:52:00Z,288-1-1-111,123.0,
1703623980000,2023-12-26T20:53:00Z,288-1-1-111,124.0,
1703624040000,2023-12-26T20:54:00Z,288-1-1-111,104.0,
1703624100000,2023-12-26T20:55:00Z,288-1-1-111,113.0,
1703624160000,2023-12-26T20:56:00Z,288-1-1-111,72.0,
1703624220000,2023-12-26T20:57:00Z,288-1-1-111,51.0,
1703624280000,2023-12-26T20:58:00Z,288-1-1-111,63.0,
1703624340000,2023-12-26T20:59:00Z,288-1-1-111,113.0,
1703624400000,2023-12-26T21:00:00Z,288-1-1-111,121.0,
1703624460000,2023-12-26T21:01:00Z,288-1-1-111,140.0,
1703624520000,2023-12-26T21:02:00Z,288-1-1-111,111.0,
1703624580000,2023-12-26T21:03:00Z,288-1-1-111,136.0,
1703624640000,2023-12-26T21:04:00Z,288-1-1-111,135.0,
1703624700000,2023-12-26T21:05:00Z,288-1-1-111,126.0,
1703624760000,2023-12-26T21:06:00Z,288-1-1-111,131.0,
1703624820000,2023-12-26T21:07:00Z,288-1-1-111,134.0,
1703624880000,2023-12-26T21:08:00Z,288-1-1-111,150.0,
1703624940000,2023-12-26T21:09:00Z,288-1-1-111,139.0,
1703625000000,2023-12-26T21:10:00Z,288-1-1-111,128.0,
1703625060000,2023-12-26T21:11:00Z,288-1-1-111,130.0,
1703625120000,2023-12-26T21:12:00Z,288-1-1-111,133.0,
1703625180000,2023-12-26T21:13:00Z,288-1-1-111,84.0,
1703625240000,2023-12-26T21:14:00Z,288-1-1-111,135.0,
1703625300000,2023-12-26T21:15:00Z,288-1-1-111,132.0,
1703625360000,2023-12-26T21:16:00Z,288-1-1-111,128.0,
1703625420000,2023-12-26T21:17:00Z,288-1-1-111,129.0,
1703625480000,2023-12-26T21:18:00Z,288-1-1-111,120.0,
1703625540000,2023-12-26T21:19:00Z,288-1-1-111,119.0,
1703625600000,2023-12-26T21:20:00Z,288-1-1-111,121.0,
1703625660000,2023-12-26T21:21:00Z,288-1-1-111,135.0,
1703625720000,2023-12-26T21:22:00Z,288-1-1-111,132.0,
1703625780000,2023-12-26T21:23:00Z,288-1-1-111,121.0,
1703625840000,2023-12-26T21:24:00Z,288-1-1-111,126.0,
1703625900000,2023-12-26T21:25:00Z,288-1-1-111,129.0,
1703625960000,2023-12-26T21:26:00Z,288-1-1-111,127.0,
1703626020000,2023-12-26T21:27:00Z,288-1-1-111,135.0,
1703626080000,2023-12-26T21:28:00Z,288-1-1-111,127.0,
1703626140000,2023-12-26T21:29:00Z,288-1-1-111,125.0,
1703626200000,2023-12-26T21:30:00Z,288-1-1-111,131.0,
1703626260000,2023-12-26T21:31:00Z,288-1-1-111,133.0,
1703626320000,2023-12-26T21:32:00Z,288-1-1-111,100.0,
1703626380000,2023-12-26T21:33:00Z,288-1-1-111,129.0,
1703626440000,2023-12-26T21:34:00Z,288-1-1-111,115.0,
1703626500000,2023-12-26T21:35:00Z,288-1-1-111,137.0,
1703626560000,2023-12-26T21:36:00Z,288-1-1-111,136.0,
1703626620000,2023-12-26T21:37:00Z,288-1-1-111,141.0,
1703626680000,2023-12-26T21:38:00Z,288-1-1-111,134.0,
1703626740000,2023-12-26T21:39:00Z,288-1-1-111,145.0,
1703626800000,2023-12-26T21:40:00Z,288-1-1-111,141.0,
1703626860000,2023-12-26T21:41:00Z,288-1-1-111,113.0,
1703626920000,2023-12-26T21:42:00Z,288-1-1-111,136.0,
1703626980000,2023-12-26T21:43:00Z,288-1-1-111,140.0,
1703627040000,2023-12-26T21:44:00Z,288-1-1-111,149.0,
1703627100000,2023-12-26T21:45:00Z,288-1-1-111,134.0,
1703627160000,2023-12-26T21:46:00Z,288-1-1-111,146.0,
1703627220000,2023-12-26T21:47:00Z,288-1-1-111,139.0,
1703627280000,2023-12-26T21:48:00Z,288-1-1-111,150.0,
1703627340000,2023-12-26T21:49:00Z,288-1-1-111,107.0,
1703627400000,2023-12-26T21:50:00Z,288-1-1-111,123.0,
1703627460000,2023-12-26T21:51:00Z,288-1-1-111,139.0,
1703627520000,2023-12-26T21:52:00Z,288-1-1-111,138.0,
1703627580000,2023-12-26T21:53:00Z,288-1-1-111,104.0,
1703627640000,2023-12-26T21:54:00Z,288-1-1-111,110.0,
1703627700000,2023-12-26T21:55:00Z,288-1-1-111,121.0,
1703627760000,2023-12-26T21:56:00Z,288-1-1-111,134.0,
1703627820000,2023-12-26T21:57:00Z,288-1-1-111,129.0,
1703627880000,2023-12-26T21:58:00Z,288-1-1-111,111.0,
1703627940000,2023-12-26T21:59:00Z,288-1-1-111,123.0,
1703628000000,2023-12-26T22:00:00Z,288-1-1-111,126.0,
1703628060000,2023-12-26T22:01:00Z,288-1-1-111,143.0,
1703628120000,2023-12-26T22:02:00Z,288-1-1-111,121.0,
1703628180000,2023-12-26T22:03:00Z,288-1-1-111,125.0,
1703628240000,2023-12-26T22:04:00Z,288-1-1-111,95.0,
1703628300000,2023-12-26T22:05:00Z,288-1-1-111,123.0,
1703628360000,2023-12-26T22:06:00Z,288-1-1-111,142.0,
1703628420000,2023-12-26T22:07:00Z,288-1-1-111,130.0,
1703628480000,2023-12-26T22:08:00Z,288-1-1-111,131.0,
1703628540000,2023-12-26T22:09:00Z,288-1-1-111,85.0,
1703628600000,2023-12-26T22:10:00Z,288-1-1-111,83.0,
1703628660000,2023-12-26T22:11:00Z,288-1-1-111,104.0,
1703628720000,2023-12-26T22:12:00Z,288-1-1-111,114.0,
1703628780000,2023-12-26T22:13:00Z,288-1-1-111,137.0,
1703628840000,2023-12-26T22:14:00Z,288-1-1-111,144.0,
1703628900000,2023-12-26T22:15:00Z,288-1-1-111,131.0,
1703628960000,2023-12-26T22:16:00Z,288-1-1-111,112.0,
1703629020000,2023-12-26T22:17:00Z,288-1-1-111,117.0,
1703629080000,2023-12-26T22:18:00Z,288-1-1-111,138.0,
1703629140000,2023-12-26T22:19:00Z,288-1-1-111,99.0,
1703629200000,2023-12-26T22:20:00Z,288-1-1-111,140.0,
1703629260000,2023-12-26T22:21:00Z,288-1-1-111,121.0,
1703629320000,2023-12-26T22:22:00Z,288-1-1-111,143.0,
1703629380000,2023-12-26T22:23:00Z,288-1-1-111,149.0,
1703629440000,2023-12-26T22:24:00Z,288-1-1-111,148.0,
1703629500000,2023-12-26T22:25:00Z,288-1-1-111,132.0,
1703629560000,2023-12-26T22:26:00Z,288-1-1-111,139.0,
1703629620000,2023-12-26T22:27:00Z,288-1-1-111,131.0,
1703629680000,2023-12-26T22:28:00Z,288-1-1-111,154.0,
1703629740000,2023-12-26T22:29:00Z,288-1-1-111,145.0,
1703629800000,2023-12-26T22:30:00Z,288-1-1-111,123.0,
1703629860000,2023-12-26T22:31:00Z,288-1-1-111,124.0,
1703629920000,2023-12-26T22:32:00Z,288-1-1-111,139.0,
1703629980000,2023-12-26T22:33:00Z,288-1-1-111,111.0,
1703630040000,2023-12-26T22:34:00Z,288-1-1-111,140.0,
1703630100000,2023-12-26T22:35:00Z,288-1-1-111,138.0,
1703630160000,2023-12-26T22:36:00Z,288-1-1-111,144.0,
1703630220000,2023-12-26T22:37:00Z,288-1-1-111,136.0,
1703630280000,2023-12-26T22:38:00Z,288-1-1-111,137.0,
1703630340000,2023-12-26T22:39:00Z,288-1-1-111,145.0,
1703630400000,2023-12-26T22:40:00Z,288-1-1-111,138.0,
1703630460000,2023-12-26T22:41:00Z,288-1-1-111,136.0,
1703630520000,2023-12-26T22:42:00Z,288-1-1-111,137.0,
1703630580000,2023-12-26T22:43:00Z,288-1-1-111,140.0,
1703630640000,2023-12-26T22:44:00Z,288-1-1-111,140.0,
1703630700000,2023-12-26T22:45:00Z,288-1-1-111,139.0,
1703630760000,2023-12-26T22:46:00Z,288-1-1-111,136.0,
1703630820000,2023-12-26T22:47:00Z,288-1-1-111,141.0,
1703630880000,2023-12-26T22:48:00Z,288-1-1-111,133.0,
1703630940000,2023-12-26T22:49:00Z,288-1-1-111,81.0,
1703631000000,2023-12-26T22:50:00Z,288-1-1-111,79.0,
1703631060000,2023-12-26T22:51:00Z,288-1-1-111,52.0,
1703631120000,2023-12-26T22:52:00Z,288-1-1-111,97.0,
1703631180000,2023-12-26T22:53:00Z,288-1-1-111,96.0,
1703631240000,2023-12-26T22:54:00Z,288-1-1-111,83.0,
1703631300000,2023-12-26T22:55:00Z,288-1-1-111,104.0,
1703631360000,2023-12-26T22:56:00Z,288-1-1-111,92.0,
1703631420000,2023-12-26T22:57:00Z,288-1-1-111,118.0,
1703631480000,2023-12-26T22:58:00Z,288-1-1-111,123.0,
1703631540000,2023-12-26T22:59:00Z,288-1-1-111,105.0,
1703631600000,2023-12-26T23:00:00Z,288-1-1-111,127.0,
1703631660000,2023-12-26T23:01:00Z,288-1-1-111,144.0,
1703631720000,2023-12-26T23:02:00Z,288-1-1-111,119.0,
1703631780000,2023-12-26T23:03:00Z,288-1-1-111,141.0,
1703631840000,2023-12-26T23:04:00Z,288-1-1-111,101.0,
1703631900000,2023-12-26T23:05:00Z,288-1-1-111,,device_not_worn_correctly
1703631960000,2023-12-26T23:06:00Z,288-1-1-111,,device_not_worn_correctly
1703632020000,2023-12-26T23:07:00Z,288-1-1-111,,device_not_worn_correctly
1703632080000,2023-12-26T23:08:00Z,288-1-1-111,,device_not_worn_correctly
1703632140000,2023-12-26T23:09:00Z,288-1-1-111,,device_not_worn_correctly
1703632200000,2023-12-26T23:10:00Z,288-1-1-111,,device_not_worn_correctly
1703632260000,2023-12-26T23:11:00Z,288-1-1-111,,device_not_worn_correctly
1703632320000,2023-12-26T23:12:00Z,288-1-1-111,,device_not_worn_correctly
1703632380000,2023-12-26T23:13:00Z,288-1-1-111,,device_not_worn_correctly
1703632440000,2023-12-26T23:14:00Z,288-1-1-111,,device_not_worn_correctly
1703632500000,2023-12-26T23:15:00Z,288-1-1-111,,device_not_worn_correctly
1703632560000,2023-12-26T23:16:00Z,288-1-1-111,,device_not_worn_correctly
1703632620000,2023-12-26T23:17:00Z,288-1-1-111,,device_not_worn_correctly
1703632680000,2023-12-26T23:18:00Z,288-1-1-111,,device_not_worn_correctly
1703632740000,2023-12-26T23:19:00Z,288-1-1-111,,device_not_worn_correctly
1703632800000,2023-12-26T23:20:00Z,288-1-1-111,,device_not_worn_correctly
1703632860000,2023-12-26T23:21:00Z,288-1-1-111,,device_not_worn_correctly
1703632920000,2023-12-26T23:22:00Z,288-1-1-111,,device_not_worn_correctly
1703632980000,2023-12-26T23:23:00Z,288-1-1-111,,device_not_worn_correctly
1703633040000,2023-12-26T23:24:00Z,288-1-1-111,,device_not_worn_correctly
1703633100000,2023-12-26T23:25:00Z,288-1-1-111,,device_not_worn_correctly
1703633160000,2023-12-26T23:26:00Z,288-1-1-111,,device_not_worn_correctly
1703633220000,2023-12-26T23:27:00Z,288-1-1-111,,device_not_worn_correctly
1703633280000,2023-12-26T23:28:00Z,288-1-1-111,,device_not_worn_correctly
1703633340000,2023-12-26T23:29:00Z,288-1-1-111,,device_not_worn_correctly
1703633400000,2023-12-26T23:30:00Z,288-1-1-111,,device_not_worn_correctly
1703633460000,2023-12-26T23:31:00Z,288-1-1-111,,device_not_worn_correctly
1703633520000,2023-12-26T23:32:00Z,288-1-1-111,,device_not_worn_correctly
1703633580000,2023-12-26T23:33:00Z,288-1-1-111,,device_not_worn_correctly
1703633640000,2023-12-26T23:34:00Z,288-1-1-111,,device_not_worn_correctly
1703633700000,2023-12-26T23:35:00Z,288-1-1-111,139.0,
1703633760000,2023-12-26T23:36:00Z,288-1-1-111,122.0,
1703633820000,2023-12-26T23:37:00Z,288-1-1-111,141.0,
1703633880000,2023-12-26T23:38:00Z,288-1-1-111,143.0,
1703633940000,2023-12-26T23:39:00Z,288-1-1-111,136.0,
1703634000000,2023-12-26T23:40:00Z,288-1-1-111,128.0,
1703634060000,2023-12-26T23:41:00Z,288-1-1-111,132.0,
1703634120000,2023-12-26T23:42:00Z,288-1-1-111,131.0,
1703634180000,2023-12-26T23:43:00Z,288-1-1-111,143.0,
1703634240000,2023-12-26T23:44:00Z,288-1-1-111,149.0,
1703634300000,2023-12-26T23:45:00Z,288-1-1-111,147.0,
1703634360000,2023-12-26T23:46:00Z,288-1-1-111,138.0,
1703634420000,2023-12-26T23:47:00Z,288-1-1-111,92.0,
1703634480000,2023-12-26T23:48:00Z,288-1-1-111,123.0,
1703634540000,2023-12-26T23:49:00Z,288-1-1-111,123.0,
1703634600000,2023-12-26T23:50:00Z,288-1-1-111,76.0,
1703634660000,2023-12-26T23:51:00Z,288-1-1-111,66.0,
1703634720000,2023-12-26T23:52:00Z,288-1-1-111,68.0,
1703634780000,2023-12-26T23:53:00Z,288-1-1-111,82.0,
1703634840000,2023-12-26T23:54:00Z,288-1-1-111,95.0,
1703634900000,2023-12-26T23:55:00Z,288-1-1-111,127.0,
1703634960000,2023-12-26T23:56:00Z,288-1-1-111,138.0,
1703635020000,2023-12-26T23:57:00Z,288-1-1-111,126.0,
1703635080000,2023-12-26T23:58:00Z,288-1-1-111,124.0,
1703635140000,2023-12-26T23:59:00Z,288-1-1-111,116.0,
