timestamp_unix,timestamp_iso,participant_full_id,activity_intensity,missing_value_reason
1710979200000,2024-03-21T00:00:00Z,288-1-1-115,LPA,
1710979260000,2024-03-21T00:01:00Z,288-1-1-115,VPA,
1710979320000,2024-03-21T00:02:00Z,288-1-1-115,VPA,
1710979380000,2024-03-21T00:03:00Z,288-1-1-115,LPA,
1710979440000,2024-03-21T00:04:00Z,288-1-1-115,sedentary,
1710979500000,2024-03-21T00:05:00Z,288-1-1-115,sedentary,
1710979560000,2024-03-21T00:06:00Z,288-1-1-115,sedentary,
1710979620000,2024-03-21T00:07:00Z,288-1-1-115,sedentary,
1710979680000,2024-03-21T00:08:00Z,288-1-1-115,sedentary,
1710979740000,2024-03-21T00:09:00Z,288-1-1-115,sedentary,
1710979800000,2024-03-21T00:10:00Z,288-1-1-115,MPA,
1710979860000,2024-03-21T00:11:00Z,288-1-1-115,sedentary,
1710979920000,2024-03-21T00:12:00Z,288-1-1-115,sedentary,
1710979980000,2024-03-21T00:13:00Z,288-1-1-115,MPA,
1710980040000,2024-03-21T00:14:00Z,288-1-1-115,LPA,
1710980100000,2024-03-21T00:15:00Z,288-1-1-115,sedentary,
1710980160000,2024-03-21T00:16:00Z,288-1-1-115,sedentary,
1710980220000,2024-03-21T00:17:00Z,288-1-1-115,sedentary,
1710980280000,2024-03-21T00:18:00Z,288-1-1-115,sedentary,
1710980340000,2024-03-21T00:19:00Z,288-1-1-115,sedentary,
1710980400000,2024-03-21T00:20:00Z,288-1-1-115,sedentary,
1710980460000,2024-03-21T00:21:00Z,288-1-1-115,sedentary,
1710980520000,2024-03-21T00:22:00Z,288-1-1-115,sedentary,
1710980580000,2024-03-21T00:23:00Z,288-1-1-115,LPA,
1710980640000,2024-03-21T00:24:00Z,288-1-1-115,sedentary,
1710980700000,2024-03-21T00:25:00Z,288-1-1-115,sedentary,
1710980760000,2024-03-21T00:26:00Z,288-1-1-115,sedentary,
1710980820000,2024-03-21T00:27:00Z,288-1-1-115,sedentary,
1710980880000,2024-03-21T00:28:00Z,288-1-1-115,MPA,
1710980940000,2024-03-21T00:29:00Z,288-1-1-115,LPA,
1710981000000,2024-03-21T00:30:00Z,288-1-1-115,sedentary,
1710981060000,2024-03-21T00:31:00Z,288-1-1-115,sedentary,
1710981120000,2024-03-21T00:32:00Z,288-1-1-115,sedentary,
1710981180000,2024-03-21T00:33:00Z,288-1-1-115,sedentary,
1710981240000,2024-03-21T00:34:00Z,288-1-1-115,sedentary,
1710981300000,2024-03-21T00:35:00Z,288-1-1-115,sedentary,
1710981360000,2024-03-21T00:36:00Z,288-1-1-115,sedentary,
1710981420000,2024-03-21T00:37:00Z,288-1-1-115,sedentary,
1710981480000,2024-03-21T00:38:00Z,288-1-1-115,sedentary,
1710981540000,2024-03-21T00:39:00Z,288-1-1-115,sedentary,
1710981600000,2024-03-21T00:40:00Z,288-1-1-115,sedentary,
1710981660000,2024-03-21T00:41:00Z,288-1-1-115,sedentary,
1710981720000,2024-03-21T00:42:00Z,288-1-1-115,sedentary,
1710981780000,2024-03-21T00:43:00Z,288-1-1-115,sedentary,
1710981840000,2024-03-21T00:44:00Z,288-1-1-115,sedentary,
1710981900000,2024-03-21T00:45:00Z,288-1-1-115,sedentary,
1710981960000,2024-03-21T00:46:00Z,288-1-1-115,sedentary,
1710982020000,2024-03-21T00:47:00Z,288-1-1-115,sedentary,
1710982080000,2024-03-21T00:48:00Z,288-1-1-115,sedentary,
1710982140000,2024-03-21T00:49:00Z,288-1-1-115,VPA,
1710982200000,2024-03-21T00:50:00Z,288-1-1-115,sedentary,
1710982260000,2024-03-21T00:51:00Z,288-1-1-115,LPA,
1710982320000,2024-03-21T00:52:00Z,288-1-1-115,MPA,
1710982380000,2024-03-21T00:53:00Z,288-1-1-115,sedentary,
1710982440000,2024-03-21T00:54:00Z,288-1-1-115,sedentary,
1710982500000,2024-03-21T00:55:00Z,288-1-1-115,sedentary,
1710982560000,2024-03-21T00:56:00Z,288-1-1-115,sedentary,
1710982620000,2024-03-21T00:57:00Z,288-1-1-115,sedentary,
1710982680000,2024-03-21T00:58:00Z,288-1-1-115,LPA,
1710982740000,2024-03-21T00:59:00Z,288-1-1-115,sedentary,
1710982800000,2024-03-21T01:00:00Z,288-1-1-115,MPA,
1710982860000,2024-03-21T01:01:00Z,288-1-1-115,LPA,
1710982920000,2024-03-21T01:02:00Z,288-1-1-115,LPA,
1710982980000,2024-03-21T01:03:00Z,288-1-1-115,MPA,
1710983040000,2024-03-21T01:04:00Z,288-1-1-115,LPA,
1710983100000,2024-03-21T01:05:00Z,288-1-1-115,MPA,
1710983160000,2024-03-21T01:06:00Z,288-1-1-115,sedentary,
1710983220000,2024-03-21T01:07:00Z,288-1-1-115,sedentary,
1710983280000,2024-03-21T01:08:00Z,288-1-1-115,sedentary,
1710983340000,2024-03-21T01:09:00Z,288-1-1-115,sedentary,
1710983400000,2024-03-21T01:10:00Z,288-1-1-115,sedentary,
1710983460000,2024-03-21T01:11:00Z,288-1-1-115,sedentary,
1710983520000,2024-03-21T01:12:00Z,288-1-1-115,sedentary,
1710983580000,2024-03-21T01:13:00Z,288-1-1-115,sedentary,
1710983640000,2024-03-21T01:14:00Z,288-1-1-115,sedentary,
1710983700000,2024-03-21T01:15:00Z,288-1-1-115,sedentary,
1710983760000,2024-03-21T01:16:00Z,288-1-1-115,sedentary,
1710983820000,2024-03-21T01:17:00Z,288-1-1-115,sedentary,
1710983880000,2024-03-21T01:18:00Z,288-1-1-115,sedentary,
1710983940000,2024-03-21T01:19:00Z,288-1-1-115,sedentary,
1710984000000,2024-03-21T01:20:00Z,288-1-1-115,sedentary,
1710984060000,2024-03-21T01:21:00Z,288-1-1-115,sedentary,
1710984120000,2024-03-21T01:22:00Z,288-1-1-115,sedentary,
1710984180000,2024-03-21T01:23:00Z,288-1-1-115,sedentary,
1710984240000,2024-03-21T01:24:00Z,288-1-1-115,sedentary,
1710984300000,2024-03-21T01:25:00Z,288-1-1-115,sedentary,
1710984360000,2024-03-21T01:26:00Z,288-1-1-115,sedentary,
1710984420000,2024-03-21T01:27:00Z,288-1-1-115,sedentary,
1710984480000,2024-03-21T01:28:00Z,288-1-1-115,sedentary,
1710984540000,2024-03-21T01:29:00Z,288-1-1-115,sedentary,
1710984600000,2024-03-21T01:30:00Z,288-1-1-115,sedentary,
1710984660000,2024-03-21T01:31:00Z,288-1-1-115,sedentary,
1710984720000,2024-03-21T01:32:00Z,288-1-1-115,sedentary,
1710984780000,2024-03-21T01:33:00Z,288-1-1-115,sedentary,
1710984840000,2024-03-21T01:34:00Z,288-1-1-115,sedentary,
1710984900000,2024-03-21T01:35:00Z,288-1-1-115,sedentary,
1710984960000,2024-03-21T01:36:00Z,288-1-1-115,sedentary,
1710985020000,2024-03-21T01:37:00Z,288-1-1-115,sedentary,
1710985080000,2024-03-21T01:38:00Z,288-1-1-115,sedentary,
1710985140000,2024-03-21T01:39:00Z,288-1-1-115,sedentary,
1710985200000,2024-03-21T01:40:00Z,288-1-1-115,sedentary,
1710985260000,2024-03-21T01:41:00Z,288-1-1-115,sedentary,
1710985320000,2024-03-21T01:42:00Z,288-1-1-115,sedentary,
1710985380000,2024-03-21T01:43:00Z,288-1-1-115,sedentary,
1710985440000,2024-03-21T01:44:00Z,288-1-1-115,sedentary,
1710985500000,2024-03-21T01:45:00Z,288-1-1-115,sedentary,
1710985560000,2024-03-21T01:46:00Z,288-1-1-115,sedentary,
1710985620000,2024-03-21T01:47:00Z,288-1-1-115,sedentary,
1710985680000,2024-03-21T01:48:00Z,288-1-1-115,sedentary,
1710985740000,2024-03-21T01:49:00Z,288-1-1-115,sedentary,
1710985800000,2024-03-21T01:50:00Z,288-1-1-115,sedentary,
1710985860000,2024-03-21T01:51:00Z,288-1-1-115,sedentary,
1710985920000,2024-03-21T01:52:00Z,288-1-1-115,sedentary,
1710985980000,2024-03-21T01:53:00Z,288-1-1-115,sedentary,
1710986040000,2024-03-21T01:54:00Z,288-1-1-115,sedentary,
1710986100000,2024-03-21T01:55:00Z,288-1-1-115,sedentary,
1710986160000,2024-03-21T01:56:00Z,288-1-1-115,sedentary,
1710986220000,2024-03-21T01:57:00Z,288-1-1-115,sedentary,
1710986280000,2024-03-21T01:58:00Z,288-1-1-115,sedentary,
1710986340000,2024-03-21T01:59:00Z,288-1-1-115,sedentary,
1710986400000,2024-03-21T02:00:00Z,288-1-1-115,sedentary,
1710986460000,2024-03-21T02:01:00Z,288-1-1-115,sedentary,
1710986520000,2024-03-21T02:02:00Z,288-1-1-115,sedentary,
1710986580000,2024-03-21T02:03:00Z,288-1-1-115,sedentary,
1710986640000,2024-03-21T02:04:00Z,288-1-1-115,sedentary,
1710986700000,2024-03-21T02:05:00Z,288-1-1-115,sedentary,
1710986760000,2024-03-21T02:06:00Z,288-1-1-115,sedentary,
1710986820000,2024-03-21T02:07:00Z,288-1-1-115,sedentary,
1710986880000,2024-03-21T02:08:00Z,288-1-1-115,sedentary,
1710986940000,2024-03-21T02:09:00Z,288-1-1-115,sedentary,
1710987000000,2024-03-21T02:10:00Z,288-1-1-115,sedentary,
1710987060000,2024-03-21T02:11:00Z,288-1-1-115,sedentary,
1710987120000,2024-03-21T02:12:00Z,288-1-1-115,MPA,
1710987180000,2024-03-21T02:13:00Z,288-1-1-115,MPA,
1710987240000,2024-03-21T02:14:00Z,288-1-1-115,sedentary,
1710987300000,2024-03-21T02:15:00Z,288-1-1-115,sedentary,
1710987360000,2024-03-21T02:16:00Z,288-1-1-115,sedentary,
1710987420000,2024-03-21T02:17:00Z,288-1-1-115,sedentary,
1710987480000,2024-03-21T02:18:00Z,288-1-1-115,sedentary,
1710987540000,2024-03-21T02:19:00Z,288-1-1-115,sedentary,
1710987600000,2024-03-21T02:20:00Z,288-1-1-115,sedentary,
1710987660000,2024-03-21T02:21:00Z,288-1-1-115,sedentary,
1710987720000,2024-03-21T02:22:00Z,288-1-1-115,sedentary,
1710987780000,2024-03-21T02:23:00Z,288-1-1-115,sedentary,
1710987840000,2024-03-21T02:24:00Z,288-1-1-115,sedentary,
1710987900000,2024-03-21T02:25:00Z,288-1-1-115,sedentary,
1710987960000,2024-03-21T02:26:00Z,288-1-1-115,sedentary,
1710988020000,2024-03-21T02:27:00Z,288-1-1-115,sedentary,
1710988080000,2024-03-21T02:28:00Z,288-1-1-115,sedentary,
1710988140000,2024-03-21T02:29:00Z,288-1-1-115,sedentary,
1710988200000,2024-03-21T02:30:00Z,288-1-1-115,sedentary,
1710988260000,2024-03-21T02:31:00Z,288-1-1-115,sedentary,
1710988320000,2024-03-21T02:32:00Z,288-1-1-115,sedentary,
1710988380000,2024-03-21T02:33:00Z,288-1-1-115,sedentary,
1710988440000,2024-03-21T02:34:00Z,288-1-1-115,sedentary,
1710988500000,2024-03-21T02:35:00Z,288-1-1-115,sedentary,
1710988560000,2024-03-21T02:36:00Z,288-1-1-115,sedentary,
1710988620000,2024-03-21T02:37:00Z,288-1-1-115,sedentary,
1710988680000,2024-03-21T02:38:00Z,288-1-1-115,sedentary,
1710988740000,2024-03-21T02:39:00Z,288-1-1-115,sedentary,
1710988800000,2024-03-21T02:40:00Z,288-1-1-115,sedentary,
1710988860000,2024-03-21T02:41:00Z,288-1-1-115,sedentary,
1710988920000,2024-03-21T02:42:00Z,288-1-1-115,sedentary,
1710988980000,2024-03-21T02:43:00Z,288-1-1-115,sedentary,
1710989040000,2024-03-21T02:44:00Z,288-1-1-115,sedentary,
1710989100000,2024-03-21T02:45:00Z,288-1-1-115,sedentary,
1710989160000,2024-03-21T02:46:00Z,288-1-1-115,sedentary,
1710989220000,2024-03-21T02:47:00Z,288-1-1-115,sedentary,
1710989280000,2024-03-21T02:48:00Z,288-1-1-115,sedentary,
1710989340000,2024-03-21T02:49:00Z,288-1-1-115,sedentary,
1710989400000,2024-03-21T02:50:00Z,288-1-1-115,sedentary,
1710989460000,2024-03-21T02:51:00Z,288-1-1-115,sedentary,
1710989520000,2024-03-21T02:52:00Z,288-1-1-115,sedentary,
1710989580000,2024-03-21T02:53:00Z,288-1-1-115,sedentary,
1710989640000,2024-03-21T02:54:00Z,288-1-1-115,sedentary,
1710989700000,2024-03-21T02:55:00Z,288-1-1-115,sedentary,
1710989760000,2024-03-21T02:56:00Z,288-1-1-115,sedentary,
1710989820000,2024-03-21T02:57:00Z,288-1-1-115,sedentary,
1710989880000,2024-03-21T02:58:00Z,288-1-1-115,LPA,
1710989940000,2024-03-21T02:59:00Z,288-1-1-115,sedentary,
1710990000000,2024-03-21T03:00:00Z,288-1-1-115,sedentary,
1710990060000,2024-03-21T03:01:00Z,288-1-1-115,sedentary,
1710990120000,2024-03-21T03:02:00Z,288-1-1-115,sedentary,
1710990180000,2024-03-21T03:03:00Z,288-1-1-115,sedentary,
1710990240000,2024-03-21T03:04:00Z,288-1-1-115,sedentary,
1710990300000,2024-03-21T03:05:00Z,288-1-1-115,sedentary,
1710990360000,2024-03-21T03:06:00Z,288-1-1-115,sedentary,
1710990420000,2024-03-21T03:07:00Z,288-1-1-115,sedentary,
1710990480000,2024-03-21T03:08:00Z,288-1-1-115,sedentary,
1710990540000,2024-03-21T03:09:00Z,288-1-1-115,sedentary,
1710990600000,2024-03-21T03:10:00Z,288-1-1-115,sedentary,
1710990660000,2024-03-21T03:11:00Z,288-1-1-115,sedentary,
1710990720000,2024-03-21T03:12:00Z,288-1-1-115,sedentary,
1710990780000,2024-03-21T03:13:00Z,288-1-1-115,sedentary,
1710990840000,2024-03-21T03:14:00Z,288-1-1-115,sedentary,
1710990900000,2024-03-21T03:15:00Z,288-1-1-115,sedentary,
1710990960000,2024-03-21T03:16:00Z,288-1-1-115,sedentary,
1710991020000,2024-03-21T03:17:00Z,288-1-1-115,sedentary,
1710991080000,2024-03-21T03:18:00Z,288-1-1-115,sedentary,
1710991140000,2024-03-21T03:19:00Z,288-1-1-115,sedentary,
1710991200000,2024-03-21T03:20:00Z,288-1-1-115,sedentary,
1710991260000,2024-03-21T03:21:00Z,288-1-1-115,sedentary,
1710991320000,2024-03-21T03:22:00Z,288-1-1-115,sedentary,
1710991380000,2024-03-21T03:23:00Z,288-1-1-115,sedentary,
1710991440000,2024-03-21T03:24:00Z,288-1-1-115,sedentary,
1710991500000,2024-03-21T03:25:00Z,288-1-1-115,sedentary,
1710991560000,2024-03-21T03:26:00Z,288-1-1-115,sedentary,
1710991620000,2024-03-21T03:27:00Z,288-1-1-115,sedentary,
1710991680000,2024-03-21T03:28:00Z,288-1-1-115,sedentary,
1710991740000,2024-03-21T03:29:00Z,288-1-1-115,sedentary,
1710991800000,2024-03-21T03:30:00Z,288-1-1-115,sedentary,
1710991860000,2024-03-21T03:31:00Z,288-1-1-115,sedentary,
1710991920000,2024-03-21T03:32:00Z,288-1-1-115,sedentary,
1710991980000,2024-03-21T03:33:00Z,288-1-1-115,sedentary,
1710992040000,2024-03-21T03:34:00Z,288-1-1-115,sedentary,
1710992100000,2024-03-21T03:35:00Z,288-1-1-115,sedentary,
1710992160000,2024-03-21T03:36:00Z,288-1-1-115,sedentary,
1710992220000,2024-03-21T03:37:00Z,288-1-1-115,sedentary,
1710992280000,2024-03-21T03:38:00Z,288-1-1-115,sedentary,
1710992340000,2024-03-21T03:39:00Z,288-1-1-115,sedentary,
1710992400000,2024-03-21T03:40:00Z,288-1-1-115,sedentary,
1710992460000,2024-03-21T03:41:00Z,288-1-1-115,sedentary,
1710992520000,2024-03-21T03:42:00Z,288-1-1-115,sedentary,
1710992580000,2024-03-21T03:43:00Z,288-1-1-115,sedentary,
1710992640000,2024-03-21T03:44:00Z,288-1-1-115,sedentary,
1710992700000,2024-03-21T03:45:00Z,288-1-1-115,sedentary,
1710992760000,2024-03-21T03:46:00Z,288-1-1-115,sedentary,
1710992820000,2024-03-21T03:47:00Z,288-1-1-115,sedentary,
1710992880000,2024-03-21T03:48:00Z,288-1-1-115,LPA,
1710992940000,2024-03-21T03:49:00Z,288-1-1-115,sedentary,
1710993000000,2024-03-21T03:50:00Z,288-1-1-115,sedentary,
1710993060000,2024-03-21T03:51:00Z,288-1-1-115,sedentary,
1710993120000,2024-03-21T03:52:00Z,288-1-1-115,sedentary,
1710993180000,2024-03-21T03:53:00Z,288-1-1-115,sedentary,
1710993240000,2024-03-21T03:54:00Z,288-1-1-115,sedentary,
1710993300000,2024-03-21T03:55:00Z,288-1-1-115,sedentary,
1710993360000,2024-03-21T03:56:00Z,288-1-1-115,sedentary,
1710993420000,2024-03-21T03:57:00Z,288-1-1-115,sedentary,
1710993480000,2024-03-21T03:58:00Z,288-1-1-115,sedentary,
1710993540000,2024-03-21T03:59:00Z,288-1-1-115,sedentary,
1710993600000,2024-03-21T04:00:00Z,288-1-1-115,sedentary,
1710993660000,2024-03-21T04:01:00Z,288-1-1-115,sedentary,
1710993720000,2024-03-21T04:02:00Z,288-1-1-115,sedentary,
1710993780000,2024-03-21T04:03:00Z,288-1-1-115,sedentary,
1710993840000,2024-03-21T04:04:00Z,288-1-1-115,sedentary,
1710993900000,2024-03-21T04:05:00Z,288-1-1-115,sedentary,
1710993960000,2024-03-21T04:06:00Z,288-1-1-115,LPA,
1710994020000,2024-03-21T04:07:00Z,288-1-1-115,LPA,
1710994080000,2024-03-21T04:08:00Z,288-1-1-115,sedentary,
1710994140000,2024-03-21T04:09:00Z,288-1-1-115,sedentary,
1710994200000,2024-03-21T04:10:00Z,288-1-1-115,sedentary,
1710994260000,2024-03-21T04:11:00Z,288-1-1-115,sedentary,
1710994320000,2024-03-21T04:12:00Z,288-1-1-115,sedentary,
1710994380000,2024-03-21T04:13:00Z,288-1-1-115,sedentary,
1710994440000,2024-03-21T04:14:00Z,288-1-1-115,sedentary,
1710994500000,2024-03-21T04:15:00Z,288-1-1-115,sedentary,
1710994560000,2024-03-21T04:16:00Z,288-1-1-115,sedentary,
1710994620000,2024-03-21T04:17:00Z,288-1-1-115,sedentary,
1710994680000,2024-03-21T04:18:00Z,288-1-1-115,sedentary,
1710994740000,2024-03-21T04:19:00Z,288-1-1-115,sedentary,
1710994800000,2024-03-21T04:20:00Z,288-1-1-115,sedentary,
1710994860000,2024-03-21T04:21:00Z,288-1-1-115,sedentary,
1710994920000,2024-03-21T04:22:00Z,288-1-1-115,sedentary,
1710994980000,2024-03-21T04:23:00Z,288-1-1-115,sedentary,
1710995040000,2024-03-21T04:24:00Z,288-1-1-115,LPA,
1710995100000,2024-03-21T04:25:00Z,288-1-1-115,sedentary,
1710995160000,2024-03-21T04:26:00Z,288-1-1-115,sedentary,
1710995220000,2024-03-21T04:27:00Z,288-1-1-115,sedentary,
1710995280000,2024-03-21T04:28:00Z,288-1-1-115,LPA,
1710995340000,2024-03-21T04:29:00Z,288-1-1-115,sedentary,
1710995400000,2024-03-21T04:30:00Z,288-1-1-115,sedentary,
1710995460000,2024-03-21T04:31:00Z,288-1-1-115,sedentary,
1710995520000,2024-03-21T04:32:00Z,288-1-1-115,sedentary,
1710995580000,2024-03-21T04:33:00Z,288-1-1-115,sedentary,
1710995640000,2024-03-21T04:34:00Z,288-1-1-115,sedentary,
1710995700000,2024-03-21T04:35:00Z,288-1-1-115,sedentary,
1710995760000,2024-03-21T04:36:00Z,288-1-1-115,sedentary,
1710995820000,2024-03-21T04:37:00Z,288-1-1-115,sedentary,
1710995880000,2024-03-21T04:38:00Z,288-1-1-115,LPA,
1710995940000,2024-03-21T04:39:00Z,288-1-1-115,sedentary,
1710996000000,2024-03-21T04:40:00Z,288-1-1-115,sedentary,
1710996060000,2024-03-21T04:41:00Z,288-1-1-115,sedentary,
1710996120000,2024-03-21T04:42:00Z,288-1-1-115,sedentary,
1710996180000,2024-03-21T04:43:00Z,288-1-1-115,sedentary,
1710996240000,2024-03-21T04:44:00Z,288-1-1-115,LPA,
1710996300000,2024-03-21T04:45:00Z,288-1-1-115,sedentary,
1710996360000,2024-03-21T04:46:00Z,288-1-1-115,sedentary,
1710996420000,2024-03-21T04:47:00Z,288-1-1-115,sedentary,
1710996480000,2024-03-21T04:48:00Z,288-1-1-115,sedentary,
1710996540000,2024-03-21T04:49:00Z,288-1-1-115,sedentary,
1710996600000,2024-03-21T04:50:00Z,288-1-1-115,sedentary,
1710996660000,2024-03-21T04:51:00Z,288-1-1-115,sedentary,
1710996720000,2024-03-21T04:52:00Z,288-1-1-115,sedentary,
1710996780000,2024-03-21T04:53:00Z,288-1-1-115,sedentary,
1710996840000,2024-03-21T04:54:00Z,288-1-1-115,sedentary,
1710996900000,2024-03-21T04:55:00Z,288-1-1-115,sedentary,
1710996960000,2024-03-21T04:56:00Z,288-1-1-115,sedentary,
1710997020000,2024-03-21T04:57:00Z,288-1-1-115,sedentary,
1710997080000,2024-03-21T04:58:00Z,288-1-1-115,sedentary,
1710997140000,2024-03-21T04:59:00Z,288-1-1-115,sedentary,
1710997200000,2024-03-21T05:00:00Z,288-1-1-115,sedentary,
1710997260000,2024-03-21T05:01:00Z,288-1-1-115,sedentary,
1710997320000,2024-03-21T05:02:00Z,288-1-1-115,sedentary,
1710997380000,2024-03-21T05:03:00Z,288-1-1-115,sedentary,
1710997440000,2024-03-21T05:04:00Z,288-1-1-115,sedentary,
1710997500000,2024-03-21T05:05:00Z,288-1-1-115,sedentary,
1710997560000,2024-03-21T05:06:00Z,288-1-1-115,sedentary,
1710997620000,2024-03-21T05:07:00Z,288-1-1-115,sedentary,
1710997680000,2024-03-21T05:08:00Z,288-1-1-115,sedentary,
1710997740000,2024-03-21T05:09:00Z,288-1-1-115,sedentary,
1710997800000,2024-03-21T05:10:00Z,288-1-1-115,sedentary,
1710997860000,2024-03-21T05:11:00Z,288-1-1-115,sedentary,
1710997920000,2024-03-21T05:12:00Z,288-1-1-115,sedentary,
1710997980000,2024-03-21T05:13:00Z,288-1-1-115,sedentary,
1710998040000,2024-03-21T05:14:00Z,288-1-1-115,sedentary,
1710998100000,2024-03-21T05:15:00Z,288-1-1-115,sedentary,
1710998160000,2024-03-21T05:16:00Z,288-1-1-115,sedentary,
1710998220000,2024-03-21T05:17:00Z,288-1-1-115,sedentary,
1710998280000,2024-03-21T05:18:00Z,288-1-1-115,sedentary,
1710998340000,2024-03-21T05:19:00Z,288-1-1-115,sedentary,
1710998400000,2024-03-21T05:20:00Z,288-1-1-115,sedentary,
1710998460000,2024-03-21T05:21:00Z,288-1-1-115,sedentary,
1710998520000,2024-03-21T05:22:00Z,288-1-1-115,sedentary,
1710998580000,2024-03-21T05:23:00Z,288-1-1-115,sedentary,
1710998640000,2024-03-21T05:24:00Z,288-1-1-115,sedentary,
1710998700000,2024-03-21T05:25:00Z,288-1-1-115,sedentary,
1710998760000,2024-03-21T05:26:00Z,288-1-1-115,sedentary,
1710998820000,2024-03-21T05:27:00Z,288-1-1-115,sedentary,
1710998880000,2024-03-21T05:28:00Z,288-1-1-115,sedentary,
1710998940000,2024-03-21T05:29:00Z,288-1-1-115,sedentary,
1710999000000,2024-03-21T05:30:00Z,288-1-1-115,sedentary,
1710999060000,2024-03-21T05:31:00Z,288-1-1-115,sedentary,
1710999120000,2024-03-21T05:32:00Z,288-1-1-115,sedentary,
1710999180000,2024-03-21T05:33:00Z,288-1-1-115,sedentary,
1710999240000,2024-03-21T05:34:00Z,288-1-1-115,sedentary,
1710999300000,2024-03-21T05:35:00Z,288-1-1-115,sedentary,
1710999360000,2024-03-21T05:36:00Z,288-1-1-115,sedentary,
1710999420000,2024-03-21T05:37:00Z,288-1-1-115,sedentary,
1710999480000,2024-03-21T05:38:00Z,288-1-1-115,sedentary,
1710999540000,2024-03-21T05:39:00Z,288-1-1-115,sedentary,
1710999600000,2024-03-21T05:40:00Z,288-1-1-115,sedentary,
1710999660000,2024-03-21T05:41:00Z,288-1-1-115,sedentary,
1710999720000,2024-03-21T05:42:00Z,288-1-1-115,MPA,
1710999780000,2024-03-21T05:43:00Z,288-1-1-115,sedentary,
1710999840000,2024-03-21T05:44:00Z,288-1-1-115,sedentary,
1710999900000,2024-03-21T05:45:00Z,288-1-1-115,sedentary,
1710999960000,2024-03-21T05:46:00Z,288-1-1-115,sedentary,
1711000020000,2024-03-21T05:47:00Z,288-1-1-115,sedentary,
1711000080000,2024-03-21T05:48:00Z,288-1-1-115,sedentary,
1711000140000,2024-03-21T05:49:00Z,288-1-1-115,sedentary,
1711000200000,2024-03-21T05:50:00Z,288-1-1-115,sedentary,
1711000260000,2024-03-21T05:51:00Z,288-1-1-115,sedentary,
1711000320000,2024-03-21T05:52:00Z,288-1-1-115,sedentary,
1711000380000,2024-03-21T05:53:00Z,288-1-1-115,sedentary,
1711000440000,2024-03-21T05:54:00Z,288-1-1-115,sedentary,
1711000500000,2024-03-21T05:55:00Z,288-1-1-115,MPA,
1711000560000,2024-03-21T05:56:00Z,288-1-1-115,sedentary,
1711000620000,2024-03-21T05:57:00Z,288-1-1-115,sedentary,
1711000680000,2024-03-21T05:58:00Z,288-1-1-115,sedentary,
1711000740000,2024-03-21T05:59:00Z,288-1-1-115,sedentary,
1711000800000,2024-03-21T06:00:00Z,288-1-1-115,sedentary,
1711000860000,2024-03-21T06:01:00Z,288-1-1-115,sedentary,
1711000920000,2024-03-21T06:02:00Z,288-1-1-115,sedentary,
1711000980000,2024-03-21T06:03:00Z,288-1-1-115,sedentary,
1711001040000,2024-03-21T06:04:00Z,288-1-1-115,sedentary,
1711001100000,2024-03-21T06:05:00Z,288-1-1-115,sedentary,
1711001160000,2024-03-21T06:06:00Z,288-1-1-115,sedentary,
1711001220000,2024-03-21T06:07:00Z,288-1-1-115,sedentary,
1711001280000,2024-03-21T06:08:00Z,288-1-1-115,sedentary,
1711001340000,2024-03-21T06:09:00Z,288-1-1-115,sedentary,
1711001400000,2024-03-21T06:10:00Z,288-1-1-115,sedentary,
1711001460000,2024-03-21T06:11:00Z,288-1-1-115,sedentary,
1711001520000,2024-03-21T06:12:00Z,288-1-1-115,sedentary,
1711001580000,2024-03-21T06:13:00Z,288-1-1-115,sedentary,
1711001640000,2024-03-21T06:14:00Z,288-1-1-115,sedentary,
1711001700000,2024-03-21T06:15:00Z,288-1-1-115,sedentary,
1711001760000,2024-03-21T06:16:00Z,288-1-1-115,LPA,
1711001820000,2024-03-21T06:17:00Z,288-1-1-115,sedentary,
1711001880000,2024-03-21T06:18:00Z,288-1-1-115,sedentary,
1711001940000,2024-03-21T06:19:00Z,288-1-1-115,sedentary,
1711002000000,2024-03-21T06:20:00Z,288-1-1-115,sedentary,
1711002060000,2024-03-21T06:21:00Z,288-1-1-115,sedentary,
1711002120000,2024-03-21T06:22:00Z,288-1-1-115,sedentary,
1711002180000,2024-03-21T06:23:00Z,288-1-1-115,sedentary,
1711002240000,2024-03-21T06:24:00Z,288-1-1-115,sedentary,
1711002300000,2024-03-21T06:25:00Z,288-1-1-115,sedentary,
1711002360000,2024-03-21T06:26:00Z,288-1-1-115,sedentary,
1711002420000,2024-03-21T06:27:00Z,288-1-1-115,sedentary,
1711002480000,2024-03-21T06:28:00Z,288-1-1-115,sedentary,
1711002540000,2024-03-21T06:29:00Z,288-1-1-115,sedentary,
1711002600000,2024-03-21T06:30:00Z,288-1-1-115,sedentary,
1711002660000,2024-03-21T06:31:00Z,288-1-1-115,sedentary,
1711002720000,2024-03-21T06:32:00Z,288-1-1-115,LPA,
1711002780000,2024-03-21T06:33:00Z,288-1-1-115,sedentary,
1711002840000,2024-03-21T06:34:00Z,288-1-1-115,sedentary,
1711002900000,2024-03-21T06:35:00Z,288-1-1-115,sedentary,
1711002960000,2024-03-21T06:36:00Z,288-1-1-115,sedentary,
1711003020000,2024-03-21T06:37:00Z,288-1-1-115,sedentary,
1711003080000,2024-03-21T06:38:00Z,288-1-1-115,sedentary,
1711003140000,2024-03-21T06:39:00Z,288-1-1-115,sedentary,
1711003200000,2024-03-21T06:40:00Z,288-1-1-115,sedentary,
1711003260000,2024-03-21T06:41:00Z,288-1-1-115,sedentary,
1711003320000,2024-03-21T06:42:00Z,288-1-1-115,sedentary,
1711003380000,2024-03-21T06:43:00Z,288-1-1-115,sedentary,
1711003440000,2024-03-21T06:44:00Z,288-1-1-115,sedentary,
1711003500000,2024-03-21T06:45:00Z,288-1-1-115,MPA,
1711003560000,2024-03-21T06:46:00Z,288-1-1-115,sedentary,
1711003620000,2024-03-21T06:47:00Z,288-1-1-115,sedentary,
1711003680000,2024-03-21T06:48:00Z,288-1-1-115,sedentary,
1711003740000,2024-03-21T06:49:00Z,288-1-1-115,sedentary,
1711003800000,2024-03-21T06:50:00Z,288-1-1-115,sedentary,
1711003860000,2024-03-21T06:51:00Z,288-1-1-115,LPA,
1711003920000,2024-03-21T06:52:00Z,288-1-1-115,sedentary,
1711003980000,2024-03-21T06:53:00Z,288-1-1-115,sedentary,
1711004040000,2024-03-21T06:54:00Z,288-1-1-115,sedentary,
1711004100000,2024-03-21T06:55:00Z,288-1-1-115,sedentary,
1711004160000,2024-03-21T06:56:00Z,288-1-1-115,sedentary,
1711004220000,2024-03-21T06:57:00Z,288-1-1-115,sedentary,
1711004280000,2024-03-21T06:58:00Z,288-1-1-115,sedentary,
1711004340000,2024-03-21T06:59:00Z,288-1-1-115,sedentary,
1711004400000,2024-03-21T07:00:00Z,288-1-1-115,sedentary,
1711004460000,2024-03-21T07:01:00Z,288-1-1-115,sedentary,
1711004520000,2024-03-21T07:02:00Z,288-1-1-115,sedentary,
1711004580000,2024-03-21T07:03:00Z,288-1-1-115,LPA,
1711004640000,2024-03-21T07:04:00Z,288-1-1-115,MPA,
1711004700000,2024-03-21T07:05:00Z,288-1-1-115,sedentary,
1711004760000,2024-03-21T07:06:00Z,288-1-1-115,sedentary,
1711004820000,2024-03-21T07:07:00Z,288-1-1-115,sedentary,
1711004880000,2024-03-21T07:08:00Z,288-1-1-115,sedentary,
1711004940000,2024-03-21T07:09:00Z,288-1-1-115,sedentary,
1711005000000,2024-03-21T07:10:00Z,288-1-1-115,sedentary,
1711005060000,2024-03-21T07:11:00Z,288-1-1-115,sedentary,
1711005120000,2024-03-21T07:12:00Z,288-1-1-115,sedentary,
1711005180000,2024-03-21T07:13:00Z,288-1-1-115,sedentary,
1711005240000,2024-03-21T07:14:00Z,288-1-1-115,sedentary,
1711005300000,2024-03-21T07:15:00Z,288-1-1-115,sedentary,
1711005360000,2024-03-21T07:16:00Z,288-1-1-115,sedentary,
1711005420000,2024-03-21T07:17:00Z,288-1-1-115,sedentary,
1711005480000,2024-03-21T07:18:00Z,288-1-1-115,sedentary,
1711005540000,2024-03-21T07:19:00Z,288-1-1-115,sedentary,
1711005600000,2024-03-21T07:20:00Z,288-1-1-115,sedentary,
1711005660000,2024-03-21T07:21:00Z,288-1-1-115,sedentary,
1711005720000,2024-03-21T07:22:00Z,288-1-1-115,sedentary,
1711005780000,2024-03-21T07:23:00Z,288-1-1-115,sedentary,
1711005840000,2024-03-21T07:24:00Z,288-1-1-115,sedentary,
1711005900000,2024-03-21T07:25:00Z,288-1-1-115,sedentary,
1711005960000,2024-03-21T07:26:00Z,288-1-1-115,sedentary,
1711006020000,2024-03-21T07:27:00Z,288-1-1-115,sedentary,
1711006080000,2024-03-21T07:28:00Z,288-1-1-115,sedentary,
1711006140000,2024-03-21T07:29:00Z,288-1-1-115,sedentary,
1711006200000,2024-03-21T07:30:00Z,288-1-1-115,sedentary,
1711006260000,2024-03-21T07:31:00Z,288-1-1-115,sedentary,
1711006320000,2024-03-21T07:32:00Z,288-1-1-115,sedentary,
1711006380000,2024-03-21T07:33:00Z,288-1-1-115,sedentary,
1711006440000,2024-03-21T07:34:00Z,288-1-1-115,sedentary,
1711006500000,2024-03-21T07:35:00Z,288-1-1-115,sedentary,
1711006560000,2024-03-21T07:36:00Z,288-1-1-115,sedentary,
1711006620000,2024-03-21T07:37:00Z,288-1-1-115,sedentary,
1711006680000,2024-03-21T07:38:00Z,288-1-1-115,sedentary,
1711006740000,2024-03-21T07:39:00Z,288-1-1-115,sedentary,
1711006800000,2024-03-21T07:40:00Z,288-1-1-115,sedentary,
1711006860000,2024-03-21T07:41:00Z,288-1-1-115,sedentary,
1711006920000,2024-03-21T07:42:00Z,288-1-1-115,sedentary,
1711006980000,2024-03-21T07:43:00Z,288-1-1-115,sedentary,
1711007040000,2024-03-21T07:44:00Z,288-1-1-115,sedentary,
1711007100000,2024-03-21T07:45:00Z,288-1-1-115,LPA,
1711007160000,2024-03-21T07:46:00Z,288-1-1-115,sedentary,
1711007220000,2024-03-21T07:47:00Z,288-1-1-115,sedentary,
1711007280000,2024-03-21T07:48:00Z,288-1-1-115,sedentary,
1711007340000,2024-03-21T07:49:00Z,288-1-1-115,sedentary,
1711007400000,2024-03-21T07:50:00Z,288-1-1-115,sedentary,
1711007460000,2024-03-21T07:51:00Z,288-1-1-115,sedentary,
1711007520000,2024-03-21T07:52:00Z,288-1-1-115,sedentary,
1711007580000,2024-03-21T07:53:00Z,288-1-1-115,sedentary,
1711007640000,2024-03-21T07:54:00Z,288-1-1-115,sedentary,
1711007700000,2024-03-21T07:55:00Z,288-1-1-115,sedentary,
1711007760000,2024-03-21T07:56:00Z,288-1-1-115,sedentary,
1711007820000,2024-03-21T07:57:00Z,288-1-1-115,sedentary,
1711007880000,2024-03-21T07:58:00Z,288-1-1-115,sedentary,
1711007940000,2024-03-21T07:59:00Z,288-1-1-115,sedentary,
1711008000000,2024-03-21T08:00:00Z,288-1-1-115,sedentary,
1711008060000,2024-03-21T08:01:00Z,288-1-1-115,sedentary,
1711008120000,2024-03-21T08:02:00Z,288-1-1-115,sedentary,
1711008180000,2024-03-21T08:03:00Z,288-1-1-115,sedentary,
1711008240000,2024-03-21T08:04:00Z,288-1-1-115,sedentary,
1711008300000,2024-03-21T08:05:00Z,288-1-1-115,sedentary,
1711008360000,2024-03-21T08:06:00Z,288-1-1-115,sedentary,
1711008420000,2024-03-21T08:07:00Z,288-1-1-115,sedentary,
1711008480000,2024-03-21T08:08:00Z,288-1-1-115,sedentary,
1711008540000,2024-03-21T08:09:00Z,288-1-1-115,sedentary,
1711008600000,2024-03-21T08:10:00Z,288-1-1-115,MPA,
1711008660000,2024-03-21T08:11:00Z,288-1-1-115,sedentary,
1711008720000,2024-03-21T08:12:00Z,288-1-1-115,sedentary,
1711008780000,2024-03-21T08:13:00Z,288-1-1-115,sedentary,
1711008840000,2024-03-21T08:14:00Z,288-1-1-115,sedentary,
1711008900000,2024-03-21T08:15:00Z,288-1-1-115,sedentary,
1711008960000,2024-03-21T08:16:00Z,288-1-1-115,sedentary,
1711009020000,2024-03-21T08:17:00Z,288-1-1-115,sedentary,
1711009080000,2024-03-21T08:18:00Z,288-1-1-115,sedentary,
1711009140000,2024-03-21T08:19:00Z,288-1-1-115,sedentary,
1711009200000,2024-03-21T08:20:00Z,288-1-1-115,sedentary,
1711009260000,2024-03-21T08:21:00Z,288-1-1-115,sedentary,
1711009320000,2024-03-21T08:22:00Z,288-1-1-115,LPA,
1711009380000,2024-03-21T08:23:00Z,288-1-1-115,sedentary,
1711009440000,2024-03-21T08:24:00Z,288-1-1-115,sedentary,
1711009500000,2024-03-21T08:25:00Z,288-1-1-115,sedentary,
1711009560000,2024-03-21T08:26:00Z,288-1-1-115,sedentary,
1711009620000,2024-03-21T08:27:00Z,288-1-1-115,sedentary,
1711009680000,2024-03-21T08:28:00Z,288-1-1-115,sedentary,
1711009740000,2024-03-21T08:29:00Z,288-1-1-115,sedentary,
1711009800000,2024-03-21T08:30:00Z,288-1-1-115,sedentary,
1711009860000,2024-03-21T08:31:00Z,288-1-1-115,sedentary,
1711009920000,2024-03-21T08:32:00Z,288-1-1-115,sedentary,
1711009980000,2024-03-21T08:33:00Z,288-1-1-115,sedentary,
1711010040000,2024-03-21T08:34:00Z,288-1-1-115,sedentary,
1711010100000,2024-03-21T08:35:00Z,288-1-1-115,sedentary,
1711010160000,2024-03-21T08:36:00Z,288-1-1-115,sedentary,
1711010220000,2024-03-21T08:37:00Z,288-1-1-115,sedentary,
1711010280000,2024-03-21T08:38:00Z,288-1-1-115,sedentary,
1711010340000,2024-03-21T08:39:00Z,288-1-1-115,sedentary,
1711010400000,2024-03-21T08:40:00Z,288-1-1-115,sedentary,
1711010460000,2024-03-21T08:41:00Z,288-1-1-115,LPA,
1711010520000,2024-03-21T08:42:00Z,288-1-1-115,sedentary,
1711010580000,2024-03-21T08:43:00Z,288-1-1-115,sedentary,
1711010640000,2024-03-21T08:44:00Z,288-1-1-115,sedentary,
1711010700000,2024-03-21T08:45:00Z,288-1-1-115,sedentary,
1711010760000,2024-03-21T08:46:00Z,288-1-1-115,sedentary,
1711010820000,2024-03-21T08:47:00Z,288-1-1-115,sedentary,
1711010880000,2024-03-21T08:48:00Z,288-1-1-115,sedentary,
1711010940000,2024-03-21T08:49:00Z,288-1-1-115,sedentary,
1711011000000,2024-03-21T08:50:00Z,288-1-1-115,sedentary,
1711011060000,2024-03-21T08:51:00Z,288-1-1-115,sedentary,
1711011120000,2024-03-21T08:52:00Z,288-1-1-115,sedentary,
1711011180000,2024-03-21T08:53:00Z,288-1-1-115,sedentary,
1711011240000,2024-03-21T08:54:00Z,288-1-1-115,sedentary,
1711011300000,2024-03-21T08:55:00Z,288-1-1-115,sedentary,
1711011360000,2024-03-21T08:56:00Z,288-1-1-115,sedentary,
1711011420000,2024-03-21T08:57:00Z,288-1-1-115,sedentary,
1711011480000,2024-03-21T08:58:00Z,288-1-1-115,sedentary,
1711011540000,2024-03-21T08:59:00Z,288-1-1-115,sedentary,
1711011600000,2024-03-21T09:00:00Z,288-1-1-115,sedentary,
1711011660000,2024-03-21T09:01:00Z,288-1-1-115,sedentary,
1711011720000,2024-03-21T09:02:00Z,288-1-1-115,sedentary,
1711011780000,2024-03-21T09:03:00Z,288-1-1-115,sedentary,
1711011840000,2024-03-21T09:04:00Z,288-1-1-115,sedentary,
1711011900000,2024-03-21T09:05:00Z,288-1-1-115,sedentary,
1711011960000,2024-03-21T09:06:00Z,288-1-1-115,sedentary,
1711012020000,2024-03-21T09:07:00Z,288-1-1-115,sedentary,
1711012080000,2024-03-21T09:08:00Z,288-1-1-115,sedentary,
1711012140000,2024-03-21T09:09:00Z,288-1-1-115,sedentary,
1711012200000,2024-03-21T09:10:00Z,288-1-1-115,sedentary,
1711012260000,2024-03-21T09:11:00Z,288-1-1-115,sedentary,
1711012320000,2024-03-21T09:12:00Z,288-1-1-115,sedentary,
1711012380000,2024-03-21T09:13:00Z,288-1-1-115,sedentary,
1711012440000,2024-03-21T09:14:00Z,288-1-1-115,sedentary,
1711012500000,2024-03-21T09:15:00Z,288-1-1-115,sedentary,
1711012560000,2024-03-21T09:16:00Z,288-1-1-115,sedentary,
1711012620000,2024-03-21T09:17:00Z,288-1-1-115,MPA,
1711012680000,2024-03-21T09:18:00Z,288-1-1-115,sedentary,
1711012740000,2024-03-21T09:19:00Z,288-1-1-115,sedentary,
1711012800000,2024-03-21T09:20:00Z,288-1-1-115,sedentary,
1711012860000,2024-03-21T09:21:00Z,288-1-1-115,sedentary,
1711012920000,2024-03-21T09:22:00Z,288-1-1-115,sedentary,
1711012980000,2024-03-21T09:23:00Z,288-1-1-115,sedentary,
1711013040000,2024-03-21T09:24:00Z,288-1-1-115,sedentary,
1711013100000,2024-03-21T09:25:00Z,288-1-1-115,sedentary,
1711013160000,2024-03-21T09:26:00Z,288-1-1-115,LPA,
1711013220000,2024-03-21T09:27:00Z,288-1-1-115,sedentary,
1711013280000,2024-03-21T09:28:00Z,288-1-1-115,sedentary,
1711013340000,2024-03-21T09:29:00Z,288-1-1-115,sedentary,
1711013400000,2024-03-21T09:30:00Z,288-1-1-115,sedentary,
1711013460000,2024-03-21T09:31:00Z,288-1-1-115,sedentary,
1711013520000,2024-03-21T09:32:00Z,288-1-1-115,sedentary,
1711013580000,2024-03-21T09:33:00Z,288-1-1-115,sedentary,
1711013640000,2024-03-21T09:34:00Z,288-1-1-115,sedentary,
1711013700000,2024-03-21T09:35:00Z,288-1-1-115,sedentary,
1711013760000,2024-03-21T09:36:00Z,288-1-1-115,sedentary,
1711013820000,2024-03-21T09:37:00Z,288-1-1-115,sedentary,
1711013880000,2024-03-21T09:38:00Z,288-1-1-115,sedentary,
1711013940000,2024-03-21T09:39:00Z,288-1-1-115,LPA,
1711014000000,2024-03-21T09:40:00Z,288-1-1-115,sedentary,
1711014060000,2024-03-21T09:41:00Z,288-1-1-115,sedentary,
1711014120000,2024-03-21T09:42:00Z,288-1-1-115,sedentary,
1711014180000,2024-03-21T09:43:00Z,288-1-1-115,sedentary,
1711014240000,2024-03-21T09:44:00Z,288-1-1-115,sedentary,
1711014300000,2024-03-21T09:45:00Z,288-1-1-115,sedentary,
1711014360000,2024-03-21T09:46:00Z,288-1-1-115,sedentary,
1711014420000,2024-03-21T09:47:00Z,288-1-1-115,LPA,
1711014480000,2024-03-21T09:48:00Z,288-1-1-115,sedentary,
1711014540000,2024-03-21T09:49:00Z,288-1-1-115,sedentary,
1711014600000,2024-03-21T09:50:00Z,288-1-1-115,sedentary,
1711014660000,2024-03-21T09:51:00Z,288-1-1-115,sedentary,
1711014720000,2024-03-21T09:52:00Z,288-1-1-115,sedentary,
1711014780000,2024-03-21T09:53:00Z,288-1-1-115,sedentary,
1711014840000,2024-03-21T09:54:00Z,288-1-1-115,sedentary,
1711014900000,2024-03-21T09:55:00Z,288-1-1-115,sedentary,
1711014960000,2024-03-21T09:56:00Z,288-1-1-115,sedentary,
1711015020000,2024-03-21T09:57:00Z,288-1-1-115,MPA,
1711015080000,2024-03-21T09:58:00Z,288-1-1-115,sedentary,
1711015140000,2024-03-21T09:59:00Z,288-1-1-115,sedentary,
1711015200000,2024-03-21T10:00:00Z,288-1-1-115,sedentary,
1711015260000,2024-03-21T10:01:00Z,288-1-1-115,MPA,
1711015320000,2024-03-21T10:02:00Z,288-1-1-115,LPA,
1711015380000,2024-03-21T10:03:00Z,288-1-1-115,sedentary,
1711015440000,2024-03-21T10:04:00Z,288-1-1-115,sedentary,
1711015500000,2024-03-21T10:05:00Z,288-1-1-115,sedentary,
1711015560000,2024-03-21T10:06:00Z,288-1-1-115,sedentary,
1711015620000,2024-03-21T10:07:00Z,288-1-1-115,sedentary,
1711015680000,2024-03-21T10:08:00Z,288-1-1-115,sedentary,
1711015740000,2024-03-21T10:09:00Z,288-1-1-115,sedentary,
1711015800000,2024-03-21T10:10:00Z,288-1-1-115,sedentary,
1711015860000,2024-03-21T10:11:00Z,288-1-1-115,sedentary,
1711015920000,2024-03-21T10:12:00Z,288-1-1-115,sedentary,
1711015980000,2024-03-21T10:13:00Z,288-1-1-115,sedentary,
1711016040000,2024-03-21T10:14:00Z,288-1-1-115,sedentary,
1711016100000,2024-03-21T10:15:00Z,288-1-1-115,sedentary,
1711016160000,2024-03-21T10:16:00Z,288-1-1-115,sedentary,
1711016220000,2024-03-21T10:17:00Z,288-1-1-115,sedentary,
1711016280000,2024-03-21T10:18:00Z,288-1-1-115,sedentary,
1711016340000,2024-03-21T10:19:00Z,288-1-1-115,sedentary,
1711016400000,2024-03-21T10:20:00Z,288-1-1-115,sedentary,
1711016460000,2024-03-21T10:21:00Z,288-1-1-115,sedentary,
1711016520000,2024-03-21T10:22:00Z,288-1-1-115,sedentary,
1711016580000,2024-03-21T10:23:00Z,288-1-1-115,sedentary,
1711016640000,2024-03-21T10:24:00Z,288-1-1-115,sedentary,
1711016700000,2024-03-21T10:25:00Z,288-1-1-115,sedentary,
1711016760000,2024-03-21T10:26:00Z,288-1-1-115,sedentary,
1711016820000,2024-03-21T10:27:00Z,288-1-1-115,sedentary,
1711016880000,2024-03-21T10:28:00Z,288-1-1-115,sedentary,
1711016940000,2024-03-21T10:29:00Z,288-1-1-115,sedentary,
1711017000000,2024-03-21T10:30:00Z,288-1-1-115,sedentary,
1711017060000,2024-03-21T10:31:00Z,288-1-1-115,MPA,
1711017120000,2024-03-21T10:32:00Z,288-1-1-115,MPA,
1711017180000,2024-03-21T10:33:00Z,288-1-1-115,sedentary,
1711017240000,2024-03-21T10:34:00Z,288-1-1-115,sedentary,
1711017300000,2024-03-21T10:35:00Z,288-1-1-115,sedentary,
1711017360000,2024-03-21T10:36:00Z,288-1-1-115,sedentary,
1711017420000,2024-03-21T10:37:00Z,288-1-1-115,LPA,
1711017480000,2024-03-21T10:38:00Z,288-1-1-115,LPA,
1711017540000,2024-03-21T10:39:00Z,288-1-1-115,sedentary,
1711017600000,2024-03-21T10:40:00Z,288-1-1-115,sedentary,
1711017660000,2024-03-21T10:41:00Z,288-1-1-115,sedentary,
1711017720000,2024-03-21T10:42:00Z,288-1-1-115,LPA,
1711017780000,2024-03-21T10:43:00Z,288-1-1-115,sedentary,
1711017840000,2024-03-21T10:44:00Z,288-1-1-115,sedentary,
1711017900000,2024-03-21T10:45:00Z,288-1-1-115,sedentary,
1711017960000,2024-03-21T10:46:00Z,288-1-1-115,LPA,
1711018020000,2024-03-21T10:47:00Z,288-1-1-115,sedentary,
1711018080000,2024-03-21T10:48:00Z,288-1-1-115,sedentary,
1711018140000,2024-03-21T10:49:00Z,288-1-1-115,sedentary,
1711018200000,2024-03-21T10:50:00Z,288-1-1-115,sedentary,
1711018260000,2024-03-21T10:51:00Z,288-1-1-115,LPA,
1711018320000,2024-03-21T10:52:00Z,288-1-1-115,sedentary,
1711018380000,2024-03-21T10:53:00Z,288-1-1-115,sedentary,
1711018440000,2024-03-21T10:54:00Z,288-1-1-115,sedentary,
1711018500000,2024-03-21T10:55:00Z,288-1-1-115,sedentary,
1711018560000,2024-03-21T10:56:00Z,288-1-1-115,sedentary,
1711018620000,2024-03-21T10:57:00Z,288-1-1-115,sedentary,
1711018680000,2024-03-21T10:58:00Z,288-1-1-115,sedentary,
1711018740000,2024-03-21T10:59:00Z,288-1-1-115,sedentary,
1711018800000,2024-03-21T11:00:00Z,288-1-1-115,sedentary,
1711018860000,2024-03-21T11:01:00Z,288-1-1-115,LPA,
1711018920000,2024-03-21T11:02:00Z,288-1-1-115,MPA,
1711018980000,2024-03-21T11:03:00Z,288-1-1-115,sedentary,
1711019040000,2024-03-21T11:04:00Z,288-1-1-115,sedentary,
1711019100000,2024-03-21T11:05:00Z,288-1-1-115,sedentary,
1711019160000,2024-03-21T11:06:00Z,288-1-1-115,sedentary,
1711019220000,2024-03-21T11:07:00Z,288-1-1-115,LPA,
1711019280000,2024-03-21T11:08:00Z,288-1-1-115,sedentary,
1711019340000,2024-03-21T11:09:00Z,288-1-1-115,sedentary,
1711019400000,2024-03-21T11:10:00Z,288-1-1-115,sedentary,
1711019460000,2024-03-21T11:11:00Z,288-1-1-115,sedentary,
1711019520000,2024-03-21T11:12:00Z,288-1-1-115,sedentary,
1711019580000,2024-03-21T11:13:00Z,288-1-1-115,sedentary,
1711019640000,2024-03-21T11:14:00Z,288-1-1-115,sedentary,
1711019700000,2024-03-21T11:15:00Z,288-1-1-115,sedentary,
1711019760000,2024-03-21T11:16:00Z,288-1-1-115,sedentary,
1711019820000,2024-03-21T11:17:00Z,288-1-1-115,sedentary,
1711019880000,2024-03-21T11:18:00Z,288-1-1-115,sedentary,
1711019940000,2024-03-21T11:19:00Z,288-1-1-115,VPA,
1711020000000,2024-03-21T11:20:00Z,288-1-1-115,sedentary,
1711020060000,2024-03-21T11:21:00Z,288-1-1-115,sedentary,
1711020120000,2024-03-21T11:22:00Z,288-1-1-115,sedentary,
1711020180000,2024-03-21T11:23:00Z,288-1-1-115,sedentary,
1711020240000,2024-03-21T11:24:00Z,288-1-1-115,sedentary,
1711020300000,2024-03-21T11:25:00Z,288-1-1-115,LPA,
1711020360000,2024-03-21T11:26:00Z,288-1-1-115,LPA,
1711020420000,2024-03-21T11:27:00Z,288-1-1-115,sedentary,
1711020480000,2024-03-21T11:28:00Z,288-1-1-115,sedentary,
1711020540000,2024-03-21T11:29:00Z,288-1-1-115,sedentary,
1711020600000,2024-03-21T11:30:00Z,288-1-1-115,sedentary,
1711020660000,2024-03-21T11:31:00Z,288-1-1-115,sedentary,
1711020720000,2024-03-21T11:32:00Z,288-1-1-115,sedentary,
1711020780000,2024-03-21T11:33:00Z,288-1-1-115,sedentary,
1711020840000,2024-03-21T11:34:00Z,288-1-1-115,sedentary,
1711020900000,2024-03-21T11:35:00Z,288-1-1-115,sedentary,
1711020960000,2024-03-21T11:36:00Z,288-1-1-115,sedentary,
1711021020000,2024-03-21T11:37:00Z,288-1-1-115,sedentary,
1711021080000,2024-03-21T11:38:00Z,288-1-1-115,sedentary,
1711021140000,2024-03-21T11:39:00Z,288-1-1-115,LPA,
1711021200000,2024-03-21T11:40:00Z,288-1-1-115,sedentary,
1711021260000,2024-03-21T11:41:00Z,288-1-1-115,LPA,
1711021320000,2024-03-21T11:42:00Z,288-1-1-115,sedentary,
1711021380000,2024-03-21T11:43:00Z,288-1-1-115,sedentary,
1711021440000,2024-03-21T11:44:00Z,288-1-1-115,sedentary,
1711021500000,2024-03-21T11:45:00Z,288-1-1-115,sedentary,
1711021560000,2024-03-21T11:46:00Z,288-1-1-115,sedentary,
1711021620000,2024-03-21T11:47:00Z,288-1-1-115,sedentary,
1711021680000,2024-03-21T11:48:00Z,288-1-1-115,sedentary,
1711021740000,2024-03-21T11:49:00Z,288-1-1-115,sedentary,
1711021800000,2024-03-21T11:50:00Z,288-1-1-115,sedentary,
1711021860000,2024-03-21T11:51:00Z,288-1-1-115,LPA,
1711021920000,2024-03-21T11:52:00Z,288-1-1-115,sedentary,
1711021980000,2024-03-21T11:53:00Z,288-1-1-115,sedentary,
1711022040000,2024-03-21T11:54:00Z,288-1-1-115,sedentary,
1711022100000,2024-03-21T11:55:00Z,288-1-1-115,sedentary,
1711022160000,2024-03-21T11:56:00Z,288-1-1-115,sedentary,
1711022220000,2024-03-21T11:57:00Z,288-1-1-115,sedentary,
1711022280000,2024-03-21T11:58:00Z,288-1-1-115,sedentary,
1711022340000,2024-03-21T11:59:00Z,288-1-1-115,sedentary,
1711022400000,2024-03-21T12:00:00Z,288-1-1-115,sedentary,
1711022460000,2024-03-21T12:01:00Z,288-1-1-115,sedentary,
1711022520000,2024-03-21T12:02:00Z,288-1-1-115,sedentary,
1711022580000,2024-03-21T12:03:00Z,288-1-1-115,sedentary,
1711022640000,2024-03-21T12:04:00Z,288-1-1-115,sedentary,
1711022700000,2024-03-21T12:05:00Z,288-1-1-115,sedentary,
1711022760000,2024-03-21T12:06:00Z,288-1-1-115,sedentary,
1711022820000,2024-03-21T12:07:00Z,288-1-1-115,sedentary,
1711022880000,2024-03-21T12:08:00Z,288-1-1-115,sedentary,
1711022940000,2024-03-21T12:09:00Z,288-1-1-115,sedentary,
1711023000000,2024-03-21T12:10:00Z,288-1-1-115,sedentary,
1711023060000,2024-03-21T12:11:00Z,288-1-1-115,sedentary,
1711023120000,2024-03-21T12:12:00Z,288-1-1-115,sedentary,
1711023180000,2024-03-21T12:13:00Z,288-1-1-115,MPA,
1711023240000,2024-03-21T12:14:00Z,288-1-1-115,sedentary,
1711023300000,2024-03-21T12:15:00Z,288-1-1-115,sedentary,
1711023360000,2024-03-21T12:16:00Z,288-1-1-115,sedentary,
1711023420000,2024-03-21T12:17:00Z,288-1-1-115,sedentary,
1711023480000,2024-03-21T12:18:00Z,288-1-1-115,sedentary,
1711023540000,2024-03-21T12:19:00Z,288-1-1-115,sedentary,
1711023600000,2024-03-21T12:20:00Z,288-1-1-115,sedentary,
1711023660000,2024-03-21T12:21:00Z,288-1-1-115,sedentary,
1711023720000,2024-03-21T12:22:00Z,288-1-1-115,sedentary,
1711023780000,2024-03-21T12:23:00Z,288-1-1-115,sedentary,
1711023840000,2024-03-21T12:24:00Z,288-1-1-115,sedentary,
1711023900000,2024-03-21T12:25:00Z,288-1-1-115,sedentary,
1711023960000,2024-03-21T12:26:00Z,288-1-1-115,sedentary,
1711024020000,2024-03-21T12:27:00Z,288-1-1-115,sedentary,
1711024080000,2024-03-21T12:28:00Z,288-1-1-115,sedentary,
1711024140000,2024-03-21T12:29:00Z,288-1-1-115,sedentary,
1711024200000,2024-03-21T12:30:00Z,288-1-1-115,sedentary,
1711024260000,2024-03-21T12:31:00Z,288-1-1-115,MPA,
1711024320000,2024-03-21T12:32:00Z,288-1-1-115,MPA,
1711024380000,2024-03-21T12:33:00Z,288-1-1-115,MPA,
1711024440000,2024-03-21T12:34:00Z,288-1-1-115,MPA,
1711024500000,2024-03-21T12:35:00Z,288-1-1-115,sedentary,
1711024560000,2024-03-21T12:36:00Z,288-1-1-115,LPA,
1711024620000,2024-03-21T12:37:00Z,288-1-1-115,LPA,
1711024680000,2024-03-21T12:38:00Z,288-1-1-115,MPA,
1711024740000,2024-03-21T12:39:00Z,288-1-1-115,MPA,
1711024800000,2024-03-21T12:40:00Z,288-1-1-115,MPA,
1711024860000,2024-03-21T12:41:00Z,288-1-1-115,LPA,
1711024920000,2024-03-21T12:42:00Z,288-1-1-115,MPA,
1711024980000,2024-03-21T12:43:00Z,288-1-1-115,LPA,
1711025040000,2024-03-21T12:44:00Z,288-1-1-115,LPA,
1711025100000,2024-03-21T12:45:00Z,288-1-1-115,LPA,
1711025160000,2024-03-21T12:46:00Z,288-1-1-115,MPA,
1711025220000,2024-03-21T12:47:00Z,288-1-1-115,LPA,
1711025280000,2024-03-21T12:48:00Z,288-1-1-115,LPA,
1711025340000,2024-03-21T12:49:00Z,288-1-1-115,LPA,
1711025400000,2024-03-21T12:50:00Z,288-1-1-115,LPA,
1711025460000,2024-03-21T12:51:00Z,288-1-1-115,sedentary,
1711025520000,2024-03-21T12:52:00Z,288-1-1-115,sedentary,
1711025580000,2024-03-21T12:53:00Z,288-1-1-115,sedentary,
1711025640000,2024-03-21T12:54:00Z,288-1-1-115,sedentary,
1711025700000,2024-03-21T12:55:00Z,288-1-1-115,sedentary,
1711025760000,2024-03-21T12:56:00Z,288-1-1-115,LPA,
1711025820000,2024-03-21T12:57:00Z,288-1-1-115,MPA,
1711025880000,2024-03-21T12:58:00Z,288-1-1-115,MPA,
1711025940000,2024-03-21T12:59:00Z,288-1-1-115,MPA,
1711026000000,2024-03-21T13:00:00Z,288-1-1-115,LPA,
1711026060000,2024-03-21T13:01:00Z,288-1-1-115,sedentary,
1711026120000,2024-03-21T13:02:00Z,288-1-1-115,sedentary,
1711026180000,2024-03-21T13:03:00Z,288-1-1-115,sedentary,
1711026240000,2024-03-21T13:04:00Z,288-1-1-115,sedentary,
1711026300000,2024-03-21T13:05:00Z,288-1-1-115,MPA,
1711026360000,2024-03-21T13:06:00Z,288-1-1-115,LPA,
1711026420000,2024-03-21T13:07:00Z,288-1-1-115,LPA,
1711026480000,2024-03-21T13:08:00Z,288-1-1-115,MPA,
1711026540000,2024-03-21T13:09:00Z,288-1-1-115,LPA,
1711026600000,2024-03-21T13:10:00Z,288-1-1-115,LPA,
1711026660000,2024-03-21T13:11:00Z,288-1-1-115,LPA,
1711026720000,2024-03-21T13:12:00Z,288-1-1-115,LPA,
1711026780000,2024-03-21T13:13:00Z,288-1-1-115,LPA,
1711026840000,2024-03-21T13:14:00Z,288-1-1-115,sedentary,
1711026900000,2024-03-21T13:15:00Z,288-1-1-115,sedentary,
1711026960000,2024-03-21T13:16:00Z,288-1-1-115,sedentary,
1711027020000,2024-03-21T13:17:00Z,288-1-1-115,LPA,
1711027080000,2024-03-21T13:18:00Z,288-1-1-115,sedentary,
1711027140000,2024-03-21T13:19:00Z,288-1-1-115,sedentary,
1711027200000,2024-03-21T13:20:00Z,288-1-1-115,sedentary,
1711027260000,2024-03-21T13:21:00Z,288-1-1-115,sedentary,
1711027320000,2024-03-21T13:22:00Z,288-1-1-115,sedentary,
1711027380000,2024-03-21T13:23:00Z,288-1-1-115,sedentary,
1711027440000,2024-03-21T13:24:00Z,288-1-1-115,sedentary,
1711027500000,2024-03-21T13:25:00Z,288-1-1-115,sedentary,
1711027560000,2024-03-21T13:26:00Z,288-1-1-115,LPA,
1711027620000,2024-03-21T13:27:00Z,288-1-1-115,LPA,
1711027680000,2024-03-21T13:28:00Z,288-1-1-115,LPA,
1711027740000,2024-03-21T13:29:00Z,288-1-1-115,MPA,
1711027800000,2024-03-21T13:30:00Z,288-1-1-115,LPA,
1711027860000,2024-03-21T13:31:00Z,288-1-1-115,sedentary,
1711027920000,2024-03-21T13:32:00Z,288-1-1-115,LPA,
1711027980000,2024-03-21T13:33:00Z,288-1-1-115,MPA,
1711028040000,2024-03-21T13:34:00Z,288-1-1-115,LPA,
1711028100000,2024-03-21T13:35:00Z,288-1-1-115,LPA,
1711028160000,2024-03-21T13:36:00Z,288-1-1-115,LPA,
1711028220000,2024-03-21T13:37:00Z,288-1-1-115,MPA,
1711028280000,2024-03-21T13:38:00Z,288-1-1-115,LPA,
1711028340000,2024-03-21T13:39:00Z,288-1-1-115,LPA,
1711028400000,2024-03-21T13:40:00Z,288-1-1-115,MPA,
1711028460000,2024-03-21T13:41:00Z,288-1-1-115,LPA,
1711028520000,2024-03-21T13:42:00Z,288-1-1-115,MPA,
1711028580000,2024-03-21T13:43:00Z,288-1-1-115,MPA,
1711028640000,2024-03-21T13:44:00Z,288-1-1-115,MPA,
1711028700000,2024-03-21T13:45:00Z,288-1-1-115,sedentary,
1711028760000,2024-03-21T13:46:00Z,288-1-1-115,sedentary,
1711028820000,2024-03-21T13:47:00Z,288-1-1-115,sedentary,
1711028880000,2024-03-21T13:48:00Z,288-1-1-115,sedentary,
1711028940000,2024-03-21T13:49:00Z,288-1-1-115,sedentary,
1711029000000,2024-03-21T13:50:00Z,288-1-1-115,sedentary,
1711029060000,2024-03-21T13:51:00Z,288-1-1-115,sedentary,
1711029120000,2024-03-21T13:52:00Z,288-1-1-115,sedentary,
1711029180000,2024-03-21T13:53:00Z,288-1-1-115,sedentary,
1711029240000,2024-03-21T13:54:00Z,288-1-1-115,sedentary,
1711029300000,2024-03-21T13:55:00Z,288-1-1-115,sedentary,
1711029360000,2024-03-21T13:56:00Z,288-1-1-115,sedentary,
1711029420000,2024-03-21T13:57:00Z,288-1-1-115,LPA,
1711029480000,2024-03-21T13:58:00Z,288-1-1-115,LPA,
1711029540000,2024-03-21T13:59:00Z,288-1-1-115,sedentary,
1711029600000,2024-03-21T14:00:00Z,288-1-1-115,sedentary,
1711029660000,2024-03-21T14:01:00Z,288-1-1-115,LPA,
1711029720000,2024-03-21T14:02:00Z,288-1-1-115,LPA,
1711029780000,2024-03-21T14:03:00Z,288-1-1-115,LPA,
1711029840000,2024-03-21T14:04:00Z,288-1-1-115,VPA,
1711029900000,2024-03-21T14:05:00Z,288-1-1-115,,device_not_worn_correctly
1711029960000,2024-03-21T14:06:00Z,288-1-1-115,,device_not_worn_correctly
1711030020000,2024-03-21T14:07:00Z,288-1-1-115,,device_not_worn_correctly
1711030080000,2024-03-21T14:08:00Z,288-1-1-115,,device_not_worn_correctly
1711030140000,2024-03-21T14:09:00Z,288-1-1-115,,device_not_worn_correctly
1711030200000,2024-03-21T14:10:00Z,288-1-1-115,,device_not_worn_correctly
1711030260000,2024-03-21T14:11:00Z,288-1-1-115,,device_not_worn_correctly
1711030320000,2024-03-21T14:12:00Z,288-1-1-115,,device_not_worn_correctly
1711030380000,2024-03-21T14:13:00Z,288-1-1-115,,device_not_worn_correctly
1711030440000,2024-03-21T14:14:00Z,288-1-1-115,,device_not_worn_correctly
1711030500000,2024-03-21T14:15:00Z,288-1-1-115,,device_not_worn_correctly
1711030560000,2024-03-21T14:16:00Z,288-1-1-115,,device_not_worn_correctly
1711030620000,2024-03-21T14:17:00Z,288-1-1-115,,device_not_worn_correctly
1711030680000,2024-03-21T14:18:00Z,288-1-1-115,,device_not_worn_correctly
1711030740000,2024-03-21T14:19:00Z,288-1-1-115,,device_not_worn_correctly
1711030800000,2024-03-21T14:20:00Z,288-1-1-115,,device_not_worn_correctly
1711030860000,2024-03-21T14:21:00Z,288-1-1-115,,device_not_worn_correctly
1711030920000,2024-03-21T14:22:00Z,288-1-1-115,,device_not_worn_correctly
1711030980000,2024-03-21T14:23:00Z,288-1-1-115,,device_not_worn_correctly
1711031040000,2024-03-21T14:24:00Z,288-1-1-115,,device_not_worn_correctly
1711031100000,2024-03-21T14:25:00Z,288-1-1-115,,device_not_worn_correctly
1711031160000,2024-03-21T14:26:00Z,288-1-1-115,,device_not_worn_correctly
1711031220000,2024-03-21T14:27:00Z,288-1-1-115,LPA,
1711031280000,2024-03-21T14:28:00Z,288-1-1-115,MPA,
1711031340000,2024-03-21T14:29:00Z,288-1-1-115,VPA,
1711031400000,2024-03-21T14:30:00Z,288-1-1-115,VPA,
1711031460000,2024-03-21T14:31:00Z,288-1-1-115,MPA,
1711031520000,2024-03-21T14:32:00Z,288-1-1-115,MPA,
1711031580000,2024-03-21T14:33:00Z,288-1-1-115,MPA,
1711031640000,2024-03-21T14:34:00Z,288-1-1-115,MPA,
1711031700000,2024-03-21T14:35:00Z,288-1-1-115,LPA,
1711031760000,2024-03-21T14:36:00Z,288-1-1-115,MPA,
1711031820000,2024-03-21T14:37:00Z,288-1-1-115,LPA,
1711031880000,2024-03-21T14:38:00Z,288-1-1-115,LPA,
1711031940000,2024-03-21T14:39:00Z,288-1-1-115,sedentary,
1711032000000,2024-03-21T14:40:00Z,288-1-1-115,LPA,
1711032060000,2024-03-21T14:41:00Z,288-1-1-115,LPA,
1711032120000,2024-03-21T14:42:00Z,288-1-1-115,MPA,
1711032180000,2024-03-21T14:43:00Z,288-1-1-115,MPA,
1711032240000,2024-03-21T14:44:00Z,288-1-1-115,sedentary,
1711032300000,2024-03-21T14:45:00Z,288-1-1-115,sedentary,
1711032360000,2024-03-21T14:46:00Z,288-1-1-115,sedentary,
1711032420000,2024-03-21T14:47:00Z,288-1-1-115,sedentary,
1711032480000,2024-03-21T14:48:00Z,288-1-1-115,LPA,
1711032540000,2024-03-21T14:49:00Z,288-1-1-115,MPA,
1711032600000,2024-03-21T14:50:00Z,288-1-1-115,MPA,
1711032660000,2024-03-21T14:51:00Z,288-1-1-115,sedentary,
1711032720000,2024-03-21T14:52:00Z,288-1-1-115,LPA,
1711032780000,2024-03-21T14:53:00Z,288-1-1-115,LPA,
1711032840000,2024-03-21T14:54:00Z,288-1-1-115,LPA,
1711032900000,2024-03-21T14:55:00Z,288-1-1-115,LPA,
1711032960000,2024-03-21T14:56:00Z,288-1-1-115,sedentary,
1711033020000,2024-03-21T14:57:00Z,288-1-1-115,sedentary,
1711033080000,2024-03-21T14:58:00Z,288-1-1-115,sedentary,
1711033140000,2024-03-21T14:59:00Z,288-1-1-115,sedentary,
1711033200000,2024-03-21T15:00:00Z,288-1-1-115,sedentary,
1711033260000,2024-03-21T15:01:00Z,288-1-1-115,sedentary,
1711033320000,2024-03-21T15:02:00Z,288-1-1-115,LPA,
1711033380000,2024-03-21T15:03:00Z,288-1-1-115,sedentary,
1711033440000,2024-03-21T15:04:00Z,288-1-1-115,sedentary,
1711033500000,2024-03-21T15:05:00Z,288-1-1-115,sedentary,
1711033560000,2024-03-21T15:06:00Z,288-1-1-115,sedentary,
1711033620000,2024-03-21T15:07:00Z,288-1-1-115,LPA,
1711033680000,2024-03-21T15:08:00Z,288-1-1-115,VPA,
1711033740000,2024-03-21T15:09:00Z,288-1-1-115,VPA,
1711033800000,2024-03-21T15:10:00Z,288-1-1-115,MPA,
1711033860000,2024-03-21T15:11:00Z,288-1-1-115,MPA,
1711033920000,2024-03-21T15:12:00Z,288-1-1-115,MPA,
1711033980000,2024-03-21T15:13:00Z,288-1-1-115,LPA,
1711034040000,2024-03-21T15:14:00Z,288-1-1-115,MPA,
1711034100000,2024-03-21T15:15:00Z,288-1-1-115,LPA,
1711034160000,2024-03-21T15:16:00Z,288-1-1-115,LPA,
1711034220000,2024-03-21T15:17:00Z,288-1-1-115,LPA,
1711034280000,2024-03-21T15:18:00Z,288-1-1-115,LPA,
1711034340000,2024-03-21T15:19:00Z,288-1-1-115,MPA,
1711034400000,2024-03-21T15:20:00Z,288-1-1-115,LPA,
1711034460000,2024-03-21T15:21:00Z,288-1-1-115,sedentary,
1711034520000,2024-03-21T15:22:00Z,288-1-1-115,sedentary,
1711034580000,2024-03-21T15:23:00Z,288-1-1-115,sedentary,
1711034640000,2024-03-21T15:24:00Z,288-1-1-115,sedentary,
1711034700000,2024-03-21T15:25:00Z,288-1-1-115,sedentary,
1711034760000,2024-03-21T15:26:00Z,288-1-1-115,LPA,
1711034820000,2024-03-21T15:27:00Z,288-1-1-115,LPA,
1711034880000,2024-03-21T15:28:00Z,288-1-1-115,LPA,
1711034940000,2024-03-21T15:29:00Z,288-1-1-115,LPA,
1711035000000,2024-03-21T15:30:00Z,288-1-1-115,LPA,
1711035060000,2024-03-21T15:31:00Z,288-1-1-115,sedentary,
1711035120000,2024-03-21T15:32:00Z,288-1-1-115,LPA,
1711035180000,2024-03-21T15:33:00Z,288-1-1-115,LPA,
1711035240000,2024-03-21T15:34:00Z,288-1-1-115,sedentary,
1711035300000,2024-03-21T15:35:00Z,288-1-1-115,sedentary,
1711035360000,2024-03-21T15:36:00Z,288-1-1-115,sedentary,
1711035420000,2024-03-21T15:37:00Z,288-1-1-115,sedentary,
1711035480000,2024-03-21T15:38:00Z,288-1-1-115,VPA,
1711035540000,2024-03-21T15:39:00Z,288-1-1-115,MPA,
1711035600000,2024-03-21T15:40:00Z,288-1-1-115,MPA,
1711035660000,2024-03-21T15:41:00Z,288-1-1-115,LPA,
1711035720000,2024-03-21T15:42:00Z,288-1-1-115,MPA,
1711035780000,2024-03-21T15:43:00Z,288-1-1-115,MPA,
1711035840000,2024-03-21T15:44:00Z,288-1-1-115,VPA,
1711035900000,2024-03-21T15:45:00Z,288-1-1-115,LPA,
1711035960000,2024-03-21T15:46:00Z,288-1-1-115,MPA,
1711036020000,2024-03-21T15:47:00Z,288-1-1-115,LPA,
1711036080000,2024-03-21T15:48:00Z,288-1-1-115,LPA,
1711036140000,2024-03-21T15:49:00Z,288-1-1-115,sedentary,
1711036200000,2024-03-21T15:50:00Z,288-1-1-115,LPA,
1711036260000,2024-03-21T15:51:00Z,288-1-1-115,MPA,
1711036320000,2024-03-21T15:52:00Z,288-1-1-115,LPA,
1711036380000,2024-03-21T15:53:00Z,288-1-1-115,MPA,
1711036440000,2024-03-21T15:54:00Z,288-1-1-115,MPA,
1711036500000,2024-03-21T15:55:00Z,288-1-1-115,LPA,
1711036560000,2024-03-21T15:56:00Z,288-1-1-115,LPA,
1711036620000,2024-03-21T15:57:00Z,288-1-1-115,LPA,
1711036680000,2024-03-21T15:58:00Z,288-1-1-115,MPA,
1711036740000,2024-03-21T15:59:00Z,288-1-1-115,LPA,
1711036800000,2024-03-21T16:00:00Z,288-1-1-115,MPA,
1711036860000,2024-03-21T16:01:00Z,288-1-1-115,LPA,
1711036920000,2024-03-21T16:02:00Z,288-1-1-115,MPA,
1711036980000,2024-03-21T16:03:00Z,288-1-1-115,LPA,
1711037040000,2024-03-21T16:04:00Z,288-1-1-115,MPA,
1711037100000,2024-03-21T16:05:00Z,288-1-1-115,LPA,
1711037160000,2024-03-21T16:06:00Z,288-1-1-115,LPA,
1711037220000,2024-03-21T16:07:00Z,288-1-1-115,VPA,
1711037280000,2024-03-21T16:08:00Z,288-1-1-115,LPA,
1711037340000,2024-03-21T16:09:00Z,288-1-1-115,sedentary,
1711037400000,2024-03-21T16:10:00Z,288-1-1-115,MPA,
1711037460000,2024-03-21T16:11:00Z,288-1-1-115,MPA,
1711037520000,2024-03-21T16:12:00Z,288-1-1-115,MPA,
1711037580000,2024-03-21T16:13:00Z,288-1-1-115,MPA,
1711037640000,2024-03-21T16:14:00Z,288-1-1-115,MPA,
1711037700000,2024-03-21T16:15:00Z,288-1-1-115,LPA,
1711037760000,2024-03-21T16:16:00Z,288-1-1-115,MPA,
1711037820000,2024-03-21T16:17:00Z,288-1-1-115,MPA,
1711037880000,2024-03-21T16:18:00Z,288-1-1-115,LPA,
1711037940000,2024-03-21T16:19:00Z,288-1-1-115,LPA,
1711038000000,2024-03-21T16:20:00Z,288-1-1-115,MPA,
1711038060000,2024-03-21T16:21:00Z,288-1-1-115,MPA,
1711038120000,2024-03-21T16:22:00Z,288-1-1-115,MPA,
1711038180000,2024-03-21T16:23:00Z,288-1-1-115,MPA,
1711038240000,2024-03-21T16:24:00Z,288-1-1-115,LPA,
1711038300000,2024-03-21T16:25:00Z,288-1-1-115,MPA,
1711038360000,2024-03-21T16:26:00Z,288-1-1-115,sedentary,
1711038420000,2024-03-21T16:27:00Z,288-1-1-115,sedentary,
1711038480000,2024-03-21T16:28:00Z,288-1-1-115,sedentary,
1711038540000,2024-03-21T16:29:00Z,288-1-1-115,MPA,
1711038600000,2024-03-21T16:30:00Z,288-1-1-115,VPA,
1711038660000,2024-03-21T16:31:00Z,288-1-1-115,VPA,
1711038720000,2024-03-21T16:32:00Z,288-1-1-115,VPA,
1711038780000,2024-03-21T16:33:00Z,288-1-1-115,MPA,
1711038840000,2024-03-21T16:34:00Z,288-1-1-115,VPA,
1711038900000,2024-03-21T16:35:00Z,288-1-1-115,MPA,
1711038960000,2024-03-21T16:36:00Z,288-1-1-115,MPA,
1711039020000,2024-03-21T16:37:00Z,288-1-1-115,LPA,
1711039080000,2024-03-21T16:38:00Z,288-1-1-115,sedentary,
1711039140000,2024-03-21T16:39:00Z,288-1-1-115,LPA,
1711039200000,2024-03-21T16:40:00Z,288-1-1-115,LPA,
1711039260000,2024-03-21T16:41:00Z,288-1-1-115,LPA,
1711039320000,2024-03-21T16:42:00Z,288-1-1-115,sedentary,
1711039380000,2024-03-21T16:43:00Z,288-1-1-115,sedentary,
1711039440000,2024-03-21T16:44:00Z,288-1-1-115,LPA,
1711039500000,2024-03-21T16:45:00Z,288-1-1-115,LPA,
1711039560000,2024-03-21T16:46:00Z,288-1-1-115,sedentary,
1711039620000,2024-03-21T16:47:00Z,288-1-1-115,LPA,
1711039680000,2024-03-21T16:48:00Z,288-1-1-115,LPA,
1711039740000,2024-03-21T16:49:00Z,288-1-1-115,VPA,
1711039800000,2024-03-21T16:50:00Z,288-1-1-115,MPA,
1711039860000,2024-03-21T16:51:00Z,288-1-1-115,VPA,
1711039920000,2024-03-21T16:52:00Z,288-1-1-115,MPA,
1711039980000,2024-03-21T16:53:00Z,288-1-1-115,MPA,
1711040040000,2024-03-21T16:54:00Z,288-1-1-115,LPA,
1711040100000,2024-03-21T16:55:00Z,288-1-1-115,VPA,
1711040160000,2024-03-21T16:56:00Z,288-1-1-115,LPA,
1711040220000,2024-03-21T16:57:00Z,288-1-1-115,LPA,
1711040280000,2024-03-21T16:58:00Z,288-1-1-115,VPA,
1711040340000,2024-03-21T16:59:00Z,288-1-1-115,MPA,
1711040400000,2024-03-21T17:00:00Z,288-1-1-115,LPA,
1711040460000,2024-03-21T17:01:00Z,288-1-1-115,VPA,
1711040520000,2024-03-21T17:02:00Z,288-1-1-115,MPA,
1711040580000,2024-03-21T17:03:00Z,288-1-1-115,MPA,
1711040640000,2024-03-21T17:04:00Z,288-1-1-115,MPA,
1711040700000,2024-03-21T17:05:00Z,288-1-1-115,sedentary,
1711040760000,2024-03-21T17:06:00Z,288-1-1-115,sedentary,
1711040820000,2024-03-21T17:07:00Z,288-1-1-115,sedentary,
1711040880000,2024-03-21T17:08:00Z,288-1-1-115,LPA,
1711040940000,2024-03-21T17:09:00Z,288-1-1-115,MPA,
1711041000000,2024-03-21T17:10:00Z,288-1-1-115,LPA,
1711041060000,2024-03-21T17:11:00Z,288-1-1-115,sedentary,
1711041120000,2024-03-21T17:12:00Z,288-1-1-115,LPA,
1711041180000,2024-03-21T17:13:00Z,288-1-1-115,MPA,
1711041240000,2024-03-21T17:14:00Z,288-1-1-115,sedentary,
1711041300000,2024-03-21T17:15:00Z,288-1-1-115,sedentary,
1711041360000,2024-03-21T17:16:00Z,288-1-1-115,sedentary,
1711041420000,2024-03-21T17:17:00Z,288-1-1-115,sedentary,
1711041480000,2024-03-21T17:18:00Z,288-1-1-115,LPA,
1711041540000,2024-03-21T17:19:00Z,288-1-1-115,LPA,
1711041600000,2024-03-21T17:20:00Z,288-1-1-115,LPA,
1711041660000,2024-03-21T17:21:00Z,288-1-1-115,MPA,
1711041720000,2024-03-21T17:22:00Z,288-1-1-115,LPA,
1711041780000,2024-03-21T17:23:00Z,288-1-1-115,MPA,
1711041840000,2024-03-21T17:24:00Z,288-1-1-115,LPA,
1711041900000,2024-03-21T17:25:00Z,288-1-1-115,sedentary,
1711041960000,2024-03-21T17:26:00Z,288-1-1-115,MPA,
1711042020000,2024-03-21T17:27:00Z,288-1-1-115,LPA,
1711042080000,2024-03-21T17:28:00Z,288-1-1-115,LPA,
1711042140000,2024-03-21T17:29:00Z,288-1-1-115,sedentary,
1711042200000,2024-03-21T17:30:00Z,288-1-1-115,LPA,
1711042260000,2024-03-21T17:31:00Z,288-1-1-115,sedentary,
1711042320000,2024-03-21T17:32:00Z,288-1-1-115,LPA,
1711042380000,2024-03-21T17:33:00Z,288-1-1-115,MPA,
1711042440000,2024-03-21T17:34:00Z,288-1-1-115,LPA,
1711042500000,2024-03-21T17:35:00Z,288-1-1-115,LPA,
1711042560000,2024-03-21T17:36:00Z,288-1-1-115,LPA,
1711042620000,2024-03-21T17:37:00Z,288-1-1-115,VPA,
1711042680000,2024-03-21T17:38:00Z,288-1-1-115,LPA,
1711042740000,2024-03-21T17:39:00Z,288-1-1-115,MPA,
1711042800000,2024-03-21T17:40:00Z,288-1-1-115,MPA,
1711042860000,2024-03-21T17:41:00Z,288-1-1-115,LPA,
1711042920000,2024-03-21T17:42:00Z,288-1-1-115,sedentary,
1711042980000,2024-03-21T17:43:00Z,288-1-1-115,sedentary,
1711043040000,2024-03-21T17:44:00Z,288-1-1-115,sedentary,
1711043100000,2024-03-21T17:45:00Z,288-1-1-115,LPA,
1711043160000,2024-03-21T17:46:00Z,288-1-1-115,MPA,
1711043220000,2024-03-21T17:47:00Z,288-1-1-115,LPA,
1711043280000,2024-03-21T17:48:00Z,288-1-1-115,MPA,
1711043340000,2024-03-21T17:49:00Z,288-1-1-115,LPA,
1711043400000,2024-03-21T17:50:00Z,288-1-1-115,MPA,
1711043460000,2024-03-21T17:51:00Z,288-1-1-115,MPA,
1711043520000,2024-03-21T17:52:00Z,288-1-1-115,MPA,
1711043580000,2024-03-21T17:53:00Z,288-1-1-115,MPA,
1711043640000,2024-03-21T17:54:00Z,288-1-1-115,sedentary,
1711043700000,2024-03-21T17:55:00Z,288-1-1-115,MPA,
1711043760000,2024-03-21T17:56:00Z,288-1-1-115,MPA,
1711043820000,2024-03-21T17:57:00Z,288-1-1-115,LPA,
1711043880000,2024-03-21T17:58:00Z,288-1-1-115,LPA,
1711043940000,2024-03-21T17:59:00Z,288-1-1-115,LPA,
1711044000000,2024-03-21T18:00:00Z,288-1-1-115,LPA,
1711044060000,2024-03-21T18:01:00Z,288-1-1-115,sedentary,
1711044120000,2024-03-21T18:02:00Z,288-1-1-115,LPA,
1711044180000,2024-03-21T18:03:00Z,288-1-1-115,MPA,
1711044240000,2024-03-21T18:04:00Z,288-1-1-115,LPA,
1711044300000,2024-03-21T18:05:00Z,288-1-1-115,sedentary,
1711044360000,2024-03-21T18:06:00Z,288-1-1-115,sedentary,
1711044420000,2024-03-21T18:07:00Z,288-1-1-115,LPA,
1711044480000,2024-03-21T18:08:00Z,288-1-1-115,LPA,
1711044540000,2024-03-21T18:09:00Z,288-1-1-115,LPA,
1711044600000,2024-03-21T18:10:00Z,288-1-1-115,MPA,
1711044660000,2024-03-21T18:11:00Z,288-1-1-115,LPA,
1711044720000,2024-03-21T18:12:00Z,288-1-1-115,sedentary,
1711044780000,2024-03-21T18:13:00Z,288-1-1-115,LPA,
1711044840000,2024-03-21T18:14:00Z,288-1-1-115,LPA,
1711044900000,2024-03-21T18:15:00Z,288-1-1-115,LPA,
1711044960000,2024-03-21T18:16:00Z,288-1-1-115,LPA,
1711045020000,2024-03-21T18:17:00Z,288-1-1-115,sedentary,
1711045080000,2024-03-21T18:18:00Z,288-1-1-115,sedentary,
1711045140000,2024-03-21T18:19:00Z,288-1-1-115,LPA,
1711045200000,2024-03-21T18:20:00Z,288-1-1-115,LPA,
1711045260000,2024-03-21T18:21:00Z,288-1-1-115,LPA,
1711045320000,2024-03-21T18:22:00Z,288-1-1-115,MPA,
1711045380000,2024-03-21T18:23:00Z,288-1-1-115,MPA,
1711045440000,2024-03-21T18:24:00Z,288-1-1-115,MPA,
1711045500000,2024-03-21T18:25:00Z,288-1-1-115,MPA,
1711045560000,2024-03-21T18:26:00Z,288-1-1-115,MPA,
1711045620000,2024-03-21T18:27:00Z,288-1-1-115,LPA,
1711045680000,2024-03-21T18:28:00Z,288-1-1-115,MPA,
1711045740000,2024-03-21T18:29:00Z,288-1-1-115,LPA,
1711045800000,2024-03-21T18:30:00Z,288-1-1-115,LPA,
1711045860000,2024-03-21T18:31:00Z,288-1-1-115,MPA,
1711045920000,2024-03-21T18:32:00Z,288-1-1-115,MPA,
1711045980000,2024-03-21T18:33:00Z,288-1-1-115,MPA,
1711046040000,2024-03-21T18:34:00Z,288-1-1-115,MPA,
1711046100000,2024-03-21T18:35:00Z,288-1-1-115,MPA,
1711046160000,2024-03-21T18:36:00Z,288-1-1-115,MPA,
1711046220000,2024-03-21T18:37:00Z,288-1-1-115,MPA,
1711046280000,2024-03-21T18:38:00Z,288-1-1-115,LPA,
1711046340000,2024-03-21T18:39:00Z,288-1-1-115,VPA,
1711046400000,2024-03-21T18:40:00Z,288-1-1-115,LPA,
1711046460000,2024-03-21T18:41:00Z,288-1-1-115,MPA,
1711046520000,2024-03-21T18:42:00Z,288-1-1-115,MPA,
1711046580000,2024-03-21T18:43:00Z,288-1-1-115,MPA,
1711046640000,2024-03-21T18:44:00Z,288-1-1-115,sedentary,
1711046700000,2024-03-21T18:45:00Z,288-1-1-115,LPA,
1711046760000,2024-03-21T18:46:00Z,288-1-1-115,MPA,
1711046820000,2024-03-21T18:47:00Z,288-1-1-115,MPA,
1711046880000,2024-03-21T18:48:00Z,288-1-1-115,MPA,
1711046940000,2024-03-21T18:49:00Z,288-1-1-115,LPA,
1711047000000,2024-03-21T18:50:00Z,288-1-1-115,sedentary,
1711047060000,2024-03-21T18:51:00Z,288-1-1-115,LPA,
1711047120000,2024-03-21T18:52:00Z,288-1-1-115,LPA,
1711047180000,2024-03-21T18:53:00Z,288-1-1-115,sedentary,
1711047240000,2024-03-21T18:54:00Z,288-1-1-115,LPA,
1711047300000,2024-03-21T18:55:00Z,288-1-1-115,LPA,
1711047360000,2024-03-21T18:56:00Z,288-1-1-115,sedentary,
1711047420000,2024-03-21T18:57:00Z,288-1-1-115,sedentary,
1711047480000,2024-03-21T18:58:00Z,288-1-1-115,sedentary,
1711047540000,2024-03-21T18:59:00Z,288-1-1-115,sedentary,
1711047600000,2024-03-21T19:00:00Z,288-1-1-115,sedentary,
1711047660000,2024-03-21T19:01:00Z,288-1-1-115,sedentary,
1711047720000,2024-03-21T19:02:00Z,288-1-1-115,sedentary,
1711047780000,2024-03-21T19:03:00Z,288-1-1-115,LPA,
1711047840000,2024-03-21T19:04:00Z,288-1-1-115,sedentary,
1711047900000,2024-03-21T19:05:00Z,288-1-1-115,LPA,
1711047960000,2024-03-21T19:06:00Z,288-1-1-115,sedentary,
1711048020000,2024-03-21T19:07:00Z,288-1-1-115,sedentary,
1711048080000,2024-03-21T19:08:00Z,288-1-1-115,LPA,
1711048140000,2024-03-21T19:09:00Z,288-1-1-115,LPA,
1711048200000,2024-03-21T19:10:00Z,288-1-1-115,MPA,
1711048260000,2024-03-21T19:11:00Z,288-1-1-115,MPA,
1711048320000,2024-03-21T19:12:00Z,288-1-1-115,MPA,
1711048380000,2024-03-21T19:13:00Z,288-1-1-115,sedentary,
1711048440000,2024-03-21T19:14:00Z,288-1-1-115,sedentary,
1711048500000,2024-03-21T19:15:00Z,288-1-1-115,MPA,
1711048560000,2024-03-21T19:16:00Z,288-1-1-115,sedentary,
1711048620000,2024-03-21T19:17:00Z,288-1-1-115,MPA,
1711048680000,2024-03-21T19:18:00Z,288-1-1-115,MPA,
1711048740000,2024-03-21T19:19:00Z,288-1-1-115,LPA,
1711048800000,2024-03-21T19:20:00Z,288-1-1-115,LPA,
1711048860000,2024-03-21T19:21:00Z,288-1-1-115,sedentary,
1711048920000,2024-03-21T19:22:00Z,288-1-1-115,MPA,
1711048980000,2024-03-21T19:23:00Z,288-1-1-115,MPA,
1711049040000,2024-03-21T19:24:00Z,288-1-1-115,LPA,
1711049100000,2024-03-21T19:25:00Z,288-1-1-115,MPA,
1711049160000,2024-03-21T19:26:00Z,288-1-1-115,MPA,
1711049220000,2024-03-21T19:27:00Z,288-1-1-115,LPA,
1711049280000,2024-03-21T19:28:00Z,288-1-1-115,MPA,
1711049340000,2024-03-21T19:29:00Z,288-1-1-115,MPA,
1711049400000,2024-03-21T19:30:00Z,288-1-1-115,MPA,
1711049460000,2024-03-21T19:31:00Z,288-1-1-115,MPA,
1711049520000,2024-03-21T19:32:00Z,288-1-1-115,LPA,
1711049580000,2024-03-21T19:33:00Z,288-1-1-115,VPA,
1711049640000,2024-03-21T19:34:00Z,288-1-1-115,MPA,
1711049700000,2024-03-21T19:35:00Z,288-1-1-115,MPA,
1711049760000,2024-03-21T19:36:00Z,288-1-1-115,MPA,
1711049820000,2024-03-21T19:37:00Z,288-1-1-115,LPA,
1711049880000,2024-03-21T19:38:00Z,288-1-1-115,sedentary,
1711049940000,2024-03-21T19:39:00Z,288-1-1-115,LPA,
1711050000000,2024-03-21T19:40:00Z,288-1-1-115,LPA,
1711050060000,2024-03-21T19:41:00Z,288-1-1-115,MPA,
1711050120000,2024-03-21T19:42:00Z,288-1-1-115,LPA,
1711050180000,2024-03-21T19:43:00Z,288-1-1-115,LPA,
1711050240000,2024-03-21T19:44:00Z,288-1-1-115,LPA,
1711050300000,2024-03-21T19:45:00Z,288-1-1-115,LPA,
1711050360000,2024-03-21T19:46:00Z,288-1-1-115,MPA,
1711050420000,2024-03-21T19:47:00Z,288-1-1-115,LPA,
1711050480000,2024-03-21T19:48:00Z,288-1-1-115,LPA,
1711050540000,2024-03-21T19:49:00Z,288-1-1-115,sedentary,
1711050600000,2024-03-21T19:50:00Z,288-1-1-115,sedentary,
1711050660000,2024-03-21T19:51:00Z,288-1-1-115,LPA,
1711050720000,2024-03-21T19:52:00Z,288-1-1-115,sedentary,
1711050780000,2024-03-21T19:53:00Z,288-1-1-115,MPA,
1711050840000,2024-03-21T19:54:00Z,288-1-1-115,MPA,
1711050900000,2024-03-21T19:55:00Z,288-1-1-115,MPA,
1711050960000,2024-03-21T19:56:00Z,288-1-1-115,VPA,
1711051020000,2024-03-21T19:57:00Z,288-1-1-115,MPA,
1711051080000,2024-03-21T19:58:00Z,288-1-1-115,LPA,
1711051140000,2024-03-21T19:59:00Z,288-1-1-115,MPA,
1711051200000,2024-03-21T20:00:00Z,288-1-1-115,MPA,
1711051260000,2024-03-21T20:01:00Z,288-1-1-115,LPA,
1711051320000,2024-03-21T20:02:00Z,288-1-1-115,MPA,
1711051380000,2024-03-21T20:03:00Z,288-1-1-115,LPA,
1711051440000,2024-03-21T20:04:00Z,288-1-1-115,sedentary,
1711051500000,2024-03-21T20:05:00Z,288-1-1-115,LPA,
1711051560000,2024-03-21T20:06:00Z,288-1-1-115,LPA,
1711051620000,2024-03-21T20:07:00Z,288-1-1-115,LPA,
1711051680000,2024-03-21T20:08:00Z,288-1-1-115,MPA,
1711051740000,2024-03-21T20:09:00Z,288-1-1-115,MPA,
1711051800000,2024-03-21T20:10:00Z,288-1-1-115,sedentary,
1711051860000,2024-03-21T20:11:00Z,288-1-1-115,VPA,
1711051920000,2024-03-21T20:12:00Z,288-1-1-115,MPA,
1711051980000,2024-03-21T20:13:00Z,288-1-1-115,MPA,
1711052040000,2024-03-21T20:14:00Z,288-1-1-115,sedentary,
1711052100000,2024-03-21T20:15:00Z,288-1-1-115,sedentary,
1711052160000,2024-03-21T20:16:00Z,288-1-1-115,sedentary,
1711052220000,2024-03-21T20:17:00Z,288-1-1-115,LPA,
1711052280000,2024-03-21T20:18:00Z,288-1-1-115,sedentary,
1711052340000,2024-03-21T20:19:00Z,288-1-1-115,MPA,
1711052400000,2024-03-21T20:20:00Z,288-1-1-115,LPA,
1711052460000,2024-03-21T20:21:00Z,288-1-1-115,sedentary,
1711052520000,2024-03-21T20:22:00Z,288-1-1-115,MPA,
1711052580000,2024-03-21T20:23:00Z,288-1-1-115,MPA,
1711052640000,2024-03-21T20:24:00Z,288-1-1-115,MPA,
1711052700000,2024-03-21T20:25:00Z,288-1-1-115,LPA,
1711052760000,2024-03-21T20:26:00Z,288-1-1-115,LPA,
1711052820000,2024-03-21T20:27:00Z,288-1-1-115,MPA,
1711052880000,2024-03-21T20:28:00Z,288-1-1-115,LPA,
1711052940000,2024-03-21T20:29:00Z,288-1-1-115,MPA,
1711053000000,2024-03-21T20:30:00Z,288-1-1-115,MPA,
1711053060000,2024-03-21T20:31:00Z,288-1-1-115,sedentary,
1711053120000,2024-03-21T20:32:00Z,288-1-1-115,sedentary,
1711053180000,2024-03-21T20:33:00Z,288-1-1-115,sedentary,
1711053240000,2024-03-21T20:34:00Z,288-1-1-115,LPA,
1711053300000,2024-03-21T20:35:00Z,288-1-1-115,LPA,
1711053360000,2024-03-21T20:36:00Z,288-1-1-115,LPA,
1711053420000,2024-03-21T20:37:00Z,288-1-1-115,MPA,
1711053480000,2024-03-21T20:38:00Z,288-1-1-115,sedentary,
1711053540000,2024-03-21T20:39:00Z,288-1-1-115,LPA,
1711053600000,2024-03-21T20:40:00Z,288-1-1-115,MPA,
1711053660000,2024-03-21T20:41:00Z,288-1-1-115,sedentary,
1711053720000,2024-03-21T20:42:00Z,288-1-1-115,sedentary,
1711053780000,2024-03-21T20:43:00Z,288-1-1-115,sedentary,
1711053840000,2024-03-21T20:44:00Z,288-1-1-115,sedentary,
1711053900000,2024-03-21T20:45:00Z,288-1-1-115,sedentary,
1711053960000,2024-03-21T20:46:00Z,288-1-1-115,LPA,
1711054020000,2024-03-21T20:47:00Z,288-1-1-115,MPA,
1711054080000,2024-03-21T20:48:00Z,288-1-1-115,LPA,
1711054140000,2024-03-21T20:49:00Z,288-1-1-115,MPA,
1711054200000,2024-03-21T20:50:00Z,288-1-1-115,LPA,
1711054260000,2024-03-21T20:51:00Z,288-1-1-115,LPA,
1711054320000,2024-03-21T20:52:00Z,288-1-1-115,LPA,
1711054380000,2024-03-21T20:53:00Z,288-1-1-115,LPA,
1711054440000,2024-03-21T20:54:00Z,288-1-1-115,MPA,
1711054500000,2024-03-21T20:55:00Z,288-1-1-115,LPA,
1711054560000,2024-03-21T20:56:00Z,288-1-1-115,MPA,
1711054620000,2024-03-21T20:57:00Z,288-1-1-115,LPA,
1711054680000,2024-03-21T20:58:00Z,288-1-1-115,LPA,
1711054740000,2024-03-21T20:59:00Z,288-1-1-115,LPA,
1711054800000,2024-03-21T21:00:00Z,288-1-1-115,sedentary,
1711054860000,2024-03-21T21:01:00Z,288-1-1-115,LPA,
1711054920000,2024-03-21T21:02:00Z,288-1-1-115,LPA,
1711054980000,2024-03-21T21:03:00Z,288-1-1-115,LPA,
1711055040000,2024-03-21T21:04:00Z,288-1-1-115,sedentary,
1711055100000,2024-03-21T21:05:00Z,288-1-1-115,sedentary,
1711055160000,2024-03-21T21:06:00Z,288-1-1-115,sedentary,
1711055220000,2024-03-21T21:07:00Z,288-1-1-115,MPA,
1711055280000,2024-03-21T21:08:00Z,288-1-1-115,sedentary,
1711055340000,2024-03-21T21:09:00Z,288-1-1-115,LPA,
1711055400000,2024-03-21T21:10:00Z,288-1-1-115,LPA,
1711055460000,2024-03-21T21:11:00Z,288-1-1-115,LPA,
1711055520000,2024-03-21T21:12:00Z,288-1-1-115,LPA,
1711055580000,2024-03-21T21:13:00Z,288-1-1-115,sedentary,
1711055640000,2024-03-21T21:14:00Z,288-1-1-115,LPA,
1711055700000,2024-03-21T21:15:00Z,288-1-1-115,sedentary,
1711055760000,2024-03-21T21:16:00Z,288-1-1-115,LPA,
1711055820000,2024-03-21T21:17:00Z,288-1-1-115,sedentary,
1711055880000,2024-03-21T21:18:00Z,288-1-1-115,LPA,
1711055940000,2024-03-21T21:19:00Z,288-1-1-115,LPA,
1711056000000,2024-03-21T21:20:00Z,288-1-1-115,sedentary,
1711056060000,2024-03-21T21:21:00Z,288-1-1-115,sedentary,
1711056120000,2024-03-21T21:22:00Z,288-1-1-115,sedentary,
1711056180000,2024-03-21T21:23:00Z,288-1-1-115,sedentary,
1711056240000,2024-03-21T21:24:00Z,288-1-1-115,sedentary,
1711056300000,2024-03-21T21:25:00Z,288-1-1-115,sedentary,
1711056360000,2024-03-21T21:26:00Z,288-1-1-115,sedentary,
1711056420000,2024-03-21T21:27:00Z,288-1-1-115,LPA,
1711056480000,2024-03-21T21:28:00Z,288-1-1-115,LPA,
1711056540000,2024-03-21T21:29:00Z,288-1-1-115,MPA,
1711056600000,2024-03-21T21:30:00Z,288-1-1-115,sedentary,
1711056660000,2024-03-21T21:31:00Z,288-1-1-115,LPA,
1711056720000,2024-03-21T21:32:00Z,288-1-1-115,sedentary,
1711056780000,2024-03-21T21:33:00Z,288-1-1-115,LPA,
1711056840000,2024-03-21T21:34:00Z,288-1-1-115,LPA,
1711056900000,2024-03-21T21:35:00Z,288-1-1-115,LPA,
1711056960000,2024-03-21T21:36:00Z,288-1-1-115,LPA,
1711057020000,2024-03-21T21:37:00Z,288-1-1-115,sedentary,
1711057080000,2024-03-21T21:38:00Z,288-1-1-115,sedentary,
1711057140000,2024-03-21T21:39:00Z,288-1-1-115,sedentary,
1711057200000,2024-03-21T21:40:00Z,288-1-1-115,sedentary,
1711057260000,2024-03-21T21:41:00Z,288-1-1-115,LPA,
1711057320000,2024-03-21T21:42:00Z,288-1-1-115,sedentary,
1711057380000,2024-03-21T21:43:00Z,288-1-1-115,sedentary,
1711057440000,2024-03-21T21:44:00Z,288-1-1-115,LPA,
1711057500000,2024-03-21T21:45:00Z,288-1-1-115,LPA,
1711057560000,2024-03-21T21:46:00Z,288-1-1-115,LPA,
1711057620000,2024-03-21T21:47:00Z,288-1-1-115,sedentary,
1711057680000,2024-03-21T21:48:00Z,288-1-1-115,LPA,
1711057740000,2024-03-21T21:49:00Z,288-1-1-115,sedentary,
1711057800000,2024-03-21T21:50:00Z,288-1-1-115,sedentary,
1711057860000,2024-03-21T21:51:00Z,288-1-1-115,sedentary,
1711057920000,2024-03-21T21:52:00Z,288-1-1-115,sedentary,
1711057980000,2024-03-21T21:53:00Z,288-1-1-115,MPA,
1711058040000,2024-03-21T21:54:00Z,288-1-1-115,LPA,
1711058100000,2024-03-21T21:55:00Z,288-1-1-115,MPA,
1711058160000,2024-03-21T21:56:00Z,288-1-1-115,LPA,
1711058220000,2024-03-21T21:57:00Z,288-1-1-115,LPA,
1711058280000,2024-03-21T21:58:00Z,288-1-1-115,LPA,
1711058340000,2024-03-21T21:59:00Z,288-1-1-115,LPA,
1711058400000,2024-03-21T22:00:00Z,288-1-1-115,MPA,
1711058460000,2024-03-21T22:01:00Z,288-1-1-115,LPA,
1711058520000,2024-03-21T22:02:00Z,288-1-1-115,LPA,
1711058580000,2024-03-21T22:03:00Z,288-1-1-115,LPA,
1711058640000,2024-03-21T22:04:00Z,288-1-1-115,LPA,
1711058700000,2024-03-21T22:05:00Z,288-1-1-115,sedentary,
1711058760000,2024-03-21T22:06:00Z,288-1-1-115,sedentary,
1711058820000,2024-03-21T22:07:00Z,288-1-1-115,LPA,
1711058880000,2024-03-21T22:08:00Z,288-1-1-115,sedentary,
1711058940000,2024-03-21T22:09:00Z,288-1-1-115,sedentary,
1711059000000,2024-03-21T22:10:00Z,288-1-1-115,sedentary,
1711059060000,2024-03-21T22:11:00Z,288-1-1-115,LPA,
1711059120000,2024-03-21T22:12:00Z,288-1-1-115,LPA,
1711059180000,2024-03-21T22:13:00Z,288-1-1-115,LPA,
1711059240000,2024-03-21T22:14:00Z,288-1-1-115,LPA,
1711059300000,2024-03-21T22:15:00Z,288-1-1-115,MPA,
1711059360000,2024-03-21T22:16:00Z,288-1-1-115,LPA,
1711059420000,2024-03-21T22:17:00Z,288-1-1-115,sedentary,
1711059480000,2024-03-21T22:18:00Z,288-1-1-115,sedentary,
1711059540000,2024-03-21T22:19:00Z,288-1-1-115,sedentary,
1711059600000,2024-03-21T22:20:00Z,288-1-1-115,LPA,
1711059660000,2024-03-21T22:21:00Z,288-1-1-115,LPA,
1711059720000,2024-03-21T22:22:00Z,288-1-1-115,LPA,
1711059780000,2024-03-21T22:23:00Z,288-1-1-115,sedentary,
1711059840000,2024-03-21T22:24:00Z,288-1-1-115,sedentary,
1711059900000,2024-03-21T22:25:00Z,288-1-1-115,sedentary,
1711059960000,2024-03-21T22:26:00Z,288-1-1-115,sedentary,
1711060020000,2024-03-21T22:27:00Z,288-1-1-115,LPA,
1711060080000,2024-03-21T22:28:00Z,288-1-1-115,sedentary,
1711060140000,2024-03-21T22:29:00Z,288-1-1-115,LPA,
1711060200000,2024-03-21T22:30:00Z,288-1-1-115,sedentary,
1711060260000,2024-03-21T22:31:00Z,288-1-1-115,sedentary,
1711060320000,2024-03-21T22:32:00Z,288-1-1-115,sedentary,
1711060380000,2024-03-21T22:33:00Z,288-1-1-115,sedentary,
1711060440000,2024-03-21T22:34:00Z,288-1-1-115,sedentary,
1711060500000,2024-03-21T22:35:00Z,288-1-1-115,sedentary,
1711060560000,2024-03-21T22:36:00Z,288-1-1-115,LPA,
1711060620000,2024-03-21T22:37:00Z,288-1-1-115,sedentary,
1711060680000,2024-03-21T22:38:00Z,288-1-1-115,sedentary,
1711060740000,2024-03-21T22:39:00Z,288-1-1-115,LPA,
1711060800000,2024-03-21T22:40:00Z,288-1-1-115,LPA,
1711060860000,2024-03-21T22:41:00Z,288-1-1-115,MPA,
1711060920000,2024-03-21T22:42:00Z,288-1-1-115,MPA,
1711060980000,2024-03-21T22:43:00Z,288-1-1-115,sedentary,
1711061040000,2024-03-21T22:44:00Z,288-1-1-115,sedentary,
1711061100000,2024-03-21T22:45:00Z,288-1-1-115,LPA,
1711061160000,2024-03-21T22:46:00Z,288-1-1-115,sedentary,
1711061220000,2024-03-21T22:47:00Z,288-1-1-115,LPA,
1711061280000,2024-03-21T22:48:00Z,288-1-1-115,LPA,
1711061340000,2024-03-21T22:49:00Z,288-1-1-115,sedentary,
1711061400000,2024-03-21T22:50:00Z,288-1-1-115,LPA,
1711061460000,2024-03-21T22:51:00Z,288-1-1-115,sedentary,
1711061520000,2024-03-21T22:52:00Z,288-1-1-115,sedentary,
1711061580000,2024-03-21T22:53:00Z,288-1-1-115,LPA,
1711061640000,2024-03-21T22:54:00Z,288-1-1-115,sedentary,
1711061700000,2024-03-21T22:55:00Z,288-1-1-115,sedentary,
1711061760000,2024-03-21T22:56:00Z,288-1-1-115,sedentary,
1711061820000,2024-03-21T22:57:00Z,288-1-1-115,sedentary,
1711061880000,2024-03-21T22:58:00Z,288-1-1-115,sedentary,
1711061940000,2024-03-21T22:59:00Z,288-1-1-115,sedentary,
1711062000000,2024-03-21T23:00:00Z,288-1-1-115,LPA,
1711062060000,2024-03-21T23:01:00Z,288-1-1-115,LPA,
1711062120000,2024-03-21T23:02:00Z,288-1-1-115,sedentary,
1711062180000,2024-03-21T23:03:00Z,288-1-1-115,sedentary,
1711062240000,2024-03-21T23:04:00Z,288-1-1-115,sedentary,
1711062300000,2024-03-21T23:05:00Z,288-1-1-115,sedentary,
1711062360000,2024-03-21T23:06:00Z,288-1-1-115,LPA,
1711062420000,2024-03-21T23:07:00Z,288-1-1-115,sedentary,
1711062480000,2024-03-21T23:08:00Z,288-1-1-115,sedentary,
1711062540000,2024-03-21T23:09:00Z,288-1-1-115,sedentary,
1711062600000,2024-03-21T23:10:00Z,288-1-1-115,sedentary,
1711062660000,2024-03-21T23:11:00Z,288-1-1-115,sedentary,
1711062720000,2024-03-21T23:12:00Z,288-1-1-115,sedentary,
1711062780000,2024-03-21T23:13:00Z,288-1-1-115,sedentary,
1711062840000,2024-03-21T23:14:00Z,288-1-1-115,sedentary,
1711062900000,2024-03-21T23:15:00Z,288-1-1-115,sedentary,
1711062960000,2024-03-21T23:16:00Z,288-1-1-115,LPA,
1711063020000,2024-03-21T23:17:00Z,288-1-1-115,LPA,
1711063080000,2024-03-21T23:18:00Z,288-1-1-115,LPA,
1711063140000,2024-03-21T23:19:00Z,288-1-1-115,LPA,
1711063200000,2024-03-21T23:20:00Z,288-1-1-115,MPA,
1711063260000,2024-03-21T23:21:00Z,288-1-1-115,MPA,
1711063320000,2024-03-21T23:22:00Z,288-1-1-115,LPA,
1711063380000,2024-03-21T23:23:00Z,288-1-1-115,MPA,
1711063440000,2024-03-21T23:24:00Z,288-1-1-115,MPA,
1711063500000,2024-03-21T23:25:00Z,288-1-1-115,LPA,
1711063560000,2024-03-21T23:26:00Z,288-1-1-115,LPA,
1711063620000,2024-03-21T23:27:00Z,288-1-1-115,LPA,
1711063680000,2024-03-21T23:28:00Z,288-1-1-115,sedentary,
1711063740000,2024-03-21T23:29:00Z,288-1-1-115,sedentary,
1711063800000,2024-03-21T23:30:00Z,288-1-1-115,sedentary,
1711063860000,2024-03-21T23:31:00Z,288-1-1-115,sedentary,
1711063920000,2024-03-21T23:32:00Z,288-1-1-115,sedentary,
1711063980000,2024-03-21T23:33:00Z,288-1-1-115,sedentary,
1711064040000,2024-03-21T23:34:00Z,288-1-1-115,sedentary,
1711064100000,2024-03-21T23:35:00Z,288-1-1-115,sedentary,
1711064160000,2024-03-21T23:36:00Z,288-1-1-115,sedentary,
1711064220000,2024-03-21T23:37:00Z,288-1-1-115,LPA,
1711064280000,2024-03-21T23:38:00Z,288-1-1-115,sedentary,
1711064340000,2024-03-21T23:39:00Z,288-1-1-115,LPA,
1711064400000,2024-03-21T23:40:00Z,288-1-1-115,sedentary,
1711064460000,2024-03-21T23:41:00Z,288-1-1-115,sedentary,
1711064520000,2024-03-21T23:42:00Z,288-1-1-115,sedentary,
1711064580000,2024-03-21T23:43:00Z,288-1-1-115,LPA,
1711064640000,2024-03-21T23:44:00Z,288-1-1-115,LPA,
1711064700000,2024-03-21T23:45:00Z,288-1-1-115,LPA,
1711064760000,2024-03-21T23:46:00Z,288-1-1-115,MPA,
1711064820000,2024-03-21T23:47:00Z,288-1-1-115,LPA,
1711064880000,2024-03-21T23:48:00Z,288-1-1-115,LPA,
1711064940000,2024-03-21T23:49:00Z,288-1-1-115,MPA,
1711065000000,2024-03-21T23:50:00Z,288-1-1-115,,device_not_recording
1711065060000,2024-03-21T23:51:00Z,288-1-1-115,,device_not_recording
1711065120000,2024-03-21T23:52:00Z,288-1-1-115,,device_not_recording
1711065180000,2024-03-21T23:53:00Z,288-1-1-115,,device_not_recording
1711065240000,2024-03-21T23:54:00Z,288-1-1-115,,device_not_recording
1711065300000,2024-03-21T23:55:00Z,288-1-1-115,,device_not_recording
1711065360000,2024-03-21T23:56:00Z,288-1-1-115,,device_not_recording
1711065420000,2024-03-21T23:57:00Z,288-1-1-115,,device_not_recording
1711065480000,2024-03-21T23:58:00Z,288-1-1-115,,device_not_recording
1711065540000,2024-03-21T23:59:00Z,288-1-1-115,,device_not_recording
