timestamp_unix,timestamp_iso,participant_full_id,counts_x_axis,counts_y_axis,counts_z_axis,vector_magnitude,missing_value_reason
1710979200000,2024-03-21T00:00:00Z,288-1-1-115,437,582,1019,1252,
1710979260000,2024-03-21T00:01:00Z,288-1-1-115,5385,5586,7339,10680,
1710979320000,2024-03-21T00:02:00Z,288-1-1-115,2127,5266,3850,6861,
1710979380000,2024-03-21T00:03:00Z,288-1-1-115,1450,3674,4007,5626,
1710979440000,2024-03-21T00:04:00Z,288-1-1-115,637,981,1012,1546,
1710979500000,2024-03-21T00:05:00Z,288-1-1-115,52,386,93,400,
1710979560000,2024-03-21T00:06:00Z,288-1-1-115,11,184,15,184,
1710979620000,2024-03-21T00:07:00Z,288-1-1-115,0,29,5,29,
1710979680000,2024-03-21T00:08:00Z,288-1-1-115,0,10,0,10,
1710979740000,2024-03-21T00:09:00Z,288-1-1-115,36,153,72,172,
1710979800000,2024-03-21T00:10:00Z,288-1-1-115,1316,1534,2218,3000,
1710979860000,2024-03-21T00:11:00Z,288-1-1-115,244,631,836,1075,
1710979920000,2024-03-21T00:12:00Z,288-1-1-115,216,163,127,298,
1710979980000,2024-03-21T00:13:00Z,288-1-1-115,368,795,360,947,
1710980040000,2024-03-21T00:14:00Z,288-1-1-115,287,680,322,805,
1710980100000,2024-03-21T00:15:00Z,288-1-1-115,16,174,24,176,
1710980160000,2024-03-21T00:16:00Z,288-1-1-115,0,20,8,21,
1710980220000,2024-03-21T00:17:00Z,288-1-1-115,0,219,30,221,
1710980280000,2024-03-21T00:18:00Z,288-1-1-115,0,81,1,81,
1710980340000,2024-03-21T00:19:00Z,288-1-1-115,0,35,4,35,
1710980400000,2024-03-21T00:20:00Z,288-1-1-115,185,314,149,393,
1710980460000,2024-03-21T00:21:00Z,288-1-1-115,53,251,25,257,
1710980520000,2024-03-21T00:22:00Z,288-1-1-115,0,22,0,22,
1710980580000,2024-03-21T00:23:00Z,288-1-1-115,999,4465,5403,7080,
1710980640000,2024-03-21T00:24:00Z,288-1-1-115,315,336,687,827,
1710980700000,2024-03-21T00:25:00Z,288-1-1-115,0,0,0,0,
1710980760000,2024-03-21T00:26:00Z,288-1-1-115,77,67,280,298,
1710980820000,2024-03-21T00:27:00Z,288-1-1-115,318,1875,4218,4626,
1710980880000,2024-03-21T00:28:00Z,288-1-1-115,1219,1957,830,2450,
1710980940000,2024-03-21T00:29:00Z,288-1-1-115,2005,4119,2222,5091,
1710981000000,2024-03-21T00:30:00Z,288-1-1-115,10,454,435,628,
1710981060000,2024-03-21T00:31:00Z,288-1-1-115,0,31,28,41,
1710981120000,2024-03-21T00:32:00Z,288-1-1-115,327,427,379,657,
1710981180000,2024-03-21T00:33:00Z,288-1-1-115,25,317,235,395,
1710981240000,2024-03-21T00:34:00Z,288-1-1-115,0,200,129,237,
1710981300000,2024-03-21T00:35:00Z,288-1-1-115,10,548,231,594,
1710981360000,2024-03-21T00:36:00Z,288-1-1-115,88,356,449,579,
1710981420000,2024-03-21T00:37:00Z,288-1-1-115,7,329,254,415,
1710981480000,2024-03-21T00:38:00Z,288-1-1-115,0,101,0,101,
1710981540000,2024-03-21T00:39:00Z,288-1-1-115,0,653,330,731,
1710981600000,2024-03-21T00:40:00Z,288-1-1-115,0,64,49,80,
1710981660000,2024-03-21T00:41:00Z,288-1-1-115,0,52,14,53,
1710981720000,2024-03-21T00:42:00Z,288-1-1-115,0,0,0,0,
1710981780000,2024-03-21T00:43:00Z,288-1-1-115,0,0,0,0,
1710981840000,2024-03-21T00:44:00Z,288-1-1-115,0,0,0,0,
1710981900000,2024-03-21T00:45:00Z,288-1-1-115,0,87,6,87,
1710981960000,2024-03-21T00:46:00Z,288-1-1-115,35,211,55,220,
1710982020000,2024-03-21T00:47:00Z,288-1-1-115,5,84,146,168,
1710982080000,2024-03-21T00:48:00Z,288-1-1-115,14,214,135,253,
1710982140000,2024-03-21T00:49:00Z,288-1-1-115,948,1520,1270,2195,
1710982200000,2024-03-21T00:50:00Z,288-1-1-115,0,16,1,16,
1710982260000,2024-03-21T00:51:00Z,288-1-1-115,135,681,192,720,
1710982320000,2024-03-21T00:52:00Z,288-1-1-115,954,1741,989,2217,
1710982380000,2024-03-21T00:53:00Z,288-1-1-115,25,227,250,338,
1710982440000,2024-03-21T00:54:00Z,288-1-1-115,0,35,86,92,
1710982500000,2024-03-21T00:55:00Z,288-1-1-115,0,0,0,0,
1710982560000,2024-03-21T00:56:00Z,288-1-1-115,84,9,33,90,
1710982620000,2024-03-21T00:57:00Z,288-1-1-115,173,476,859,997,
1710982680000,2024-03-21T00:58:00Z,288-1-1-115,730,851,1194,1637,
1710982740000,2024-03-21T00:59:00Z,288-1-1-115,239,63,968,999,
1710982800000,2024-03-21T01:00:00Z,288-1-1-115,841,1165,1399,2005,
1710982860000,2024-03-21T01:01:00Z,288-1-1-115,478,1273,1436,1977,
1710982920000,2024-03-21T01:02:00Z,288-1-1-115,1017,2962,3255,4516,
1710982980000,2024-03-21T01:03:00Z,288-1-1-115,445,929,918,1379,
1710983040000,2024-03-21T01:04:00Z,288-1-1-115,757,1315,1376,2048,
1710983100000,2024-03-21T01:05:00Z,288-1-1-115,3089,3968,4156,6523,
1710983160000,2024-03-21T01:06:00Z,288-1-1-115,13,4,35,37,
1710983220000,2024-03-21T01:07:00Z,288-1-1-115,64,674,815,1059,
1710983280000,2024-03-21T01:08:00Z,288-1-1-115,0,0,0,0,
1710983340000,2024-03-21T01:09:00Z,288-1-1-115,0,0,0,0,
1710983400000,2024-03-21T01:10:00Z,288-1-1-115,0,0,0,0,
1710983460000,2024-03-21T01:11:00Z,288-1-1-115,0,0,0,0,
1710983520000,2024-03-21T01:12:00Z,288-1-1-115,0,0,0,0,
1710983580000,2024-03-21T01:13:00Z,288-1-1-115,0,0,0,0,
1710983640000,2024-03-21T01:14:00Z,288-1-1-115,0,0,0,0,
1710983700000,2024-03-21T01:15:00Z,288-1-1-115,0,0,0,0,
1710983760000,2024-03-21T01:16:00Z,288-1-1-115,0,0,0,0,
1710983820000,2024-03-21T01:17:00Z,288-1-1-115,0,0,0,0,
1710983880000,2024-03-21T01:18:00Z,288-1-1-115,0,0,0,0,
1710983940000,2024-03-21T01:19:00Z,288-1-1-115,0,0,0,0,
1710984000000,2024-03-21T01:20:00Z,288-1-1-115,0,0,0,0,
1710984060000,2024-03-21T01:21:00Z,288-1-1-115,0,0,0,0,
1710984120000,2024-03-21T01:22:00Z,288-1-1-115,0,0,0,0,
1710984180000,2024-03-21T01:23:00Z,288-1-1-115,0,0,0,0,
1710984240000,2024-03-21T01:24:00Z,288-1-1-115,0,0,0,0,
1710984300000,2024-03-21T01:25:00Z,288-1-1-115,0,0,0,0,
1710984360000,2024-03-21T01:26:00Z,288-1-1-115,0,0,0,0,
1710984420000,2024-03-21T01:27:00Z,288-1-1-115,0,0,0,0,
1710984480000,2024-03-21T01:28:00Z,288-1-1-115,0,0,0,0,
1710984540000,2024-03-21T01:29:00Z,288-1-1-115,0,0,0,0,
1710984600000,2024-03-21T01:30:00Z,288-1-1-115,0,0,0,0,
1710984660000,2024-03-21T01:31:00Z,288-1-1-115,0,0,0,0,
1710984720000,2024-03-21T01:32:00Z,288-1-1-115,0,0,0,0,
1710984780000,2024-03-21T01:33:00Z,288-1-1-115,0,0,0,0,
1710984840000,2024-03-21T01:34:00Z,288-1-1-115,0,0,0,0,
1710984900000,2024-03-21T01:35:00Z,288-1-1-115,0,0,0,0,
1710984960000,2024-03-21T01:36:00Z,288-1-1-115,0,0,0,0,
1710985020000,2024-03-21T01:37:00Z,288-1-1-115,0,0,0,0,
1710985080000,2024-03-21T01:38:00Z,288-1-1-115,0,0,0,0,
1710985140000,2024-03-21T01:39:00Z,288-1-1-115,0,0,0,0,
1710985200000,2024-03-21T01:40:00Z,288-1-1-115,0,0,0,0,
1710985260000,2024-03-21T01:41:00Z,288-1-1-115,0,0,0,0,
1710985320000,2024-03-21T01:42:00Z,288-1-1-115,0,0,0,0,
1710985380000,2024-03-21T01:43:00Z,288-1-1-115,0,0,0,0,
1710985440000,2024-03-21T01:44:00Z,288-1-1-115,0,0,0,0,
1710985500000,2024-03-21T01:45:00Z,288-1-1-115,0,0,0,0,
1710985560000,2024-03-21T01:46:00Z,288-1-1-115,0,0,0,0,
1710985620000,2024-03-21T01:47:00Z,288-1-1-115,0,0,0,0,
1710985680000,2024-03-21T01:48:00Z,288-1-1-115,0,0,0,0,
1710985740000,2024-03-21T01:49:00Z,288-1-1-115,0,0,0,0,
1710985800000,2024-03-21T01:50:00Z,288-1-1-115,32,264,613,668,
1710985860000,2024-03-21T01:51:00Z,288-1-1-115,0,0,0,0,
1710985920000,2024-03-21T01:52:00Z,288-1-1-115,0,0,0,0,
1710985980000,2024-03-21T01:53:00Z,288-1-1-115,0,0,0,0,
1710986040000,2024-03-21T01:54:00Z,288-1-1-115,0,0,0,0,
1710986100000,2024-03-21T01:55:00Z,288-1-1-115,0,0,0,0,
1710986160000,2024-03-21T01:56:00Z,288-1-1-115,0,0,0,0,
1710986220000,2024-03-21T01:57:00Z,288-1-1-115,0,0,0,0,
1710986280000,2024-03-21T01:58:00Z,288-1-1-115,304,444,130,553,
1710986340000,2024-03-21T01:59:00Z,288-1-1-115,0,0,0,0,
1710986400000,2024-03-21T02:00:00Z,288-1-1-115,0,0,0,0,
1710986460000,2024-03-21T02:01:00Z,288-1-1-115,0,0,0,0,
1710986520000,2024-03-21T02:02:00Z,288-1-1-115,0,0,0,0,
1710986580000,2024-03-21T02:03:00Z,288-1-1-115,0,0,0,0,
1710986640000,2024-03-21T02:04:00Z,288-1-1-115,0,0,0,0,
1710986700000,2024-03-21T02:05:00Z,288-1-1-115,0,0,0,0,
1710986760000,2024-03-21T02:06:00Z,288-1-1-115,0,0,0,0,
1710986820000,2024-03-21T02:07:00Z,288-1-1-115,0,0,0,0,
1710986880000,2024-03-21T02:08:00Z,288-1-1-115,0,0,0,0,
1710986940000,2024-03-21T02:09:00Z,288-1-1-115,0,0,0,0,
1710987000000,2024-03-21T02:10:00Z,288-1-1-115,0,0,0,0,
1710987060000,2024-03-21T02:11:00Z,288-1-1-115,0,0,0,0,
1710987120000,2024-03-21T02:12:00Z,288-1-1-115,730,1114,956,1639,
1710987180000,2024-03-21T02:13:00Z,288-1-1-115,876,962,629,1445,
1710987240000,2024-03-21T02:14:00Z,288-1-1-115,0,0,0,0,
1710987300000,2024-03-21T02:15:00Z,288-1-1-115,0,0,0,0,
1710987360000,2024-03-21T02:16:00Z,288-1-1-115,0,0,0,0,
1710987420000,2024-03-21T02:17:00Z,288-1-1-115,0,0,0,0,
1710987480000,2024-03-21T02:18:00Z,288-1-1-115,0,0,0,0,
1710987540000,2024-03-21T02:19:00Z,288-1-1-115,0,0,0,0,
1710987600000,2024-03-21T02:20:00Z,288-1-1-115,0,0,0,0,
1710987660000,2024-03-21T02:21:00Z,288-1-1-115,0,0,0,0,
1710987720000,2024-03-21T02:22:00Z,288-1-1-115,0,0,0,0,
1710987780000,2024-03-21T02:23:00Z,288-1-1-115,0,0,0,0,
1710987840000,2024-03-21T02:24:00Z,288-1-1-115,0,0,0,0,
1710987900000,2024-03-21T02:25:00Z,288-1-1-115,0,0,0,0,
1710987960000,2024-03-21T02:26:00Z,288-1-1-115,0,0,0,0,
1710988020000,2024-03-21T02:27:00Z,288-1-1-115,0,0,0,0,
1710988080000,2024-03-21T02:28:00Z,288-1-1-115,0,0,0,0,
1710988140000,2024-03-21T02:29:00Z,288-1-1-115,0,0,0,0,
1710988200000,2024-03-21T02:30:00Z,288-1-1-115,0,0,0,0,
1710988260000,2024-03-21T02:31:00Z,288-1-1-115,0,0,0,0,
1710988320000,2024-03-21T02:32:00Z,288-1-1-115,0,0,0,0,
1710988380000,2024-03-21T02:33:00Z,288-1-1-115,0,0,0,0,
1710988440000,2024-03-21T02:34:00Z,288-1-1-115,0,0,0,0,
1710988500000,2024-03-21T02:35:00Z,288-1-1-115,0,0,0,0,
1710988560000,2024-03-21T02:36:00Z,288-1-1-115,0,0,0,0,
1710988620000,2024-03-21T02:37:00Z,288-1-1-115,0,0,0,0,
1710988680000,2024-03-21T02:38:00Z,288-1-1-115,0,0,0,0,
1710988740000,2024-03-21T02:39:00Z,288-1-1-115,0,0,0,0,
1710988800000,2024-03-21T02:40:00Z,288-1-1-115,0,0,0,0,
1710988860000,2024-03-21T02:41:00Z,288-1-1-115,0,0,0,0,
1710988920000,2024-03-21T02:42:00Z,288-1-1-115,0,0,0,0,
1710988980000,2024-03-21T02:43:00Z,288-1-1-115,0,0,0,0,
1710989040000,2024-03-21T02:44:00Z,288-1-1-115,0,0,0,0,
1710989100000,2024-03-21T02:45:00Z,288-1-1-115,0,0,0,0,
1710989160000,2024-03-21T02:46:00Z,288-1-1-115,0,0,0,0,
1710989220000,2024-03-21T02:47:00Z,288-1-1-115,0,0,0,0,
1710989280000,2024-03-21T02:48:00Z,288-1-1-115,0,0,0,0,
1710989340000,2024-03-21T02:49:00Z,288-1-1-115,313,312,308,538,
1710989400000,2024-03-21T02:50:00Z,288-1-1-115,0,0,0,0,
1710989460000,2024-03-21T02:51:00Z,288-1-1-115,0,0,0,0,
1710989520000,2024-03-21T02:52:00Z,288-1-1-115,0,0,0,0,
1710989580000,2024-03-21T02:53:00Z,288-1-1-115,0,0,0,0,
1710989640000,2024-03-21T02:54:00Z,288-1-1-115,0,0,0,0,
1710989700000,2024-03-21T02:55:00Z,288-1-1-115,0,0,0,0,
1710989760000,2024-03-21T02:56:00Z,288-1-1-115,0,0,0,0,
1710989820000,2024-03-21T02:57:00Z,288-1-1-115,0,0,0,0,
1710989880000,2024-03-21T02:58:00Z,288-1-1-115,301,149,302,451,
1710989940000,2024-03-21T02:59:00Z,288-1-1-115,0,0,0,0,
1710990000000,2024-03-21T03:00:00Z,288-1-1-115,0,0,0,0,
1710990060000,2024-03-21T03:01:00Z,288-1-1-115,0,0,0,0,
1710990120000,2024-03-21T03:02:00Z,288-1-1-115,0,0,0,0,
1710990180000,2024-03-21T03:03:00Z,288-1-1-115,0,0,0,0,
1710990240000,2024-03-21T03:04:00Z,288-1-1-115,0,0,0,0,
1710990300000,2024-03-21T03:05:00Z,288-1-1-115,0,0,0,0,
1710990360000,2024-03-21T03:06:00Z,288-1-1-115,0,0,0,0,
1710990420000,2024-03-21T03:07:00Z,288-1-1-115,0,0,0,0,
1710990480000,2024-03-21T03:08:00Z,288-1-1-115,0,0,0,0,
1710990540000,2024-03-21T03:09:00Z,288-1-1-115,0,0,0,0,
1710990600000,2024-03-21T03:10:00Z,288-1-1-115,0,0,0,0,
1710990660000,2024-03-21T03:11:00Z,288-1-1-115,0,0,0,0,
1710990720000,2024-03-21T03:12:00Z,288-1-1-115,0,0,0,0,
1710990780000,2024-03-21T03:13:00Z,288-1-1-115,0,0,0,0,
1710990840000,2024-03-21T03:14:00Z,288-1-1-115,370,735,889,1211,
1710990900000,2024-03-21T03:15:00Z,288-1-1-115,0,0,0,0,
1710990960000,2024-03-21T03:16:00Z,288-1-1-115,0,0,0,0,
1710991020000,2024-03-21T03:17:00Z,288-1-1-115,0,0,0,0,
1710991080000,2024-03-21T03:18:00Z,288-1-1-115,0,0,0,0,
1710991140000,2024-03-21T03:19:00Z,288-1-1-115,0,0,0,0,
1710991200000,2024-03-21T03:20:00Z,288-1-1-115,0,0,0,0,
1710991260000,2024-03-21T03:21:00Z,288-1-1-115,0,0,0,0,
1710991320000,2024-03-21T03:22:00Z,288-1-1-115,0,0,0,0,
1710991380000,2024-03-21T03:23:00Z,288-1-1-115,0,0,0,0,
1710991440000,2024-03-21T03:24:00Z,288-1-1-115,0,0,0,0,
1710991500000,2024-03-21T03:25:00Z,288-1-1-115,0,0,0,0,
1710991560000,2024-03-21T03:26:00Z,288-1-1-115,0,0,0,0,
1710991620000,2024-03-21T03:27:00Z,288-1-1-115,0,0,0,0,
1710991680000,2024-03-21T03:28:00Z,288-1-1-115,0,0,0,0,
1710991740000,2024-03-21T03:29:00Z,288-1-1-115,0,0,0,0,
1710991800000,2024-03-21T03:30:00Z,288-1-1-115,0,0,0,0,
1710991860000,2024-03-21T03:31:00Z,288-1-1-115,0,0,0,0,
1710991920000,2024-03-21T03:32:00Z,288-1-1-115,0,0,0,0,
1710991980000,2024-03-21T03:33:00Z,288-1-1-115,0,0,0,0,
1710992040000,2024-03-21T03:34:00Z,288-1-1-115,0,0,0,0,
1710992100000,2024-03-21T03:35:00Z,288-1-1-115,0,0,0,0,
1710992160000,2024-03-21T03:36:00Z,288-1-1-115,0,0,0,0,
1710992220000,2024-03-21T03:37:00Z,288-1-1-115,0,0,0,0,
1710992280000,2024-03-21T03:38:00Z,288-1-1-115,0,0,0,0,
1710992340000,2024-03-21T03:39:00Z,288-1-1-115,0,0,0,0,
1710992400000,2024-03-21T03:40:00Z,288-1-1-115,0,0,0,0,
1710992460000,2024-03-21T03:41:00Z,288-1-1-115,0,0,0,0,
1710992520000,2024-03-21T03:42:00Z,288-1-1-115,0,0,0,0,
1710992580000,2024-03-21T03:43:00Z,288-1-1-115,0,0,0,0,
1710992640000,2024-03-21T03:44:00Z,288-1-1-115,0,0,0,0,
1710992700000,2024-03-21T03:45:00Z,288-1-1-115,0,0,0,0,
1710992760000,2024-03-21T03:46:00Z,288-1-1-115,0,0,0,0,
1710992820000,2024-03-21T03:47:00Z,288-1-1-115,0,0,0,0,
1710992880000,2024-03-21T03:48:00Z,288-1-1-115,394,778,557,1034,
1710992940000,2024-03-21T03:49:00Z,288-1-1-115,0,0,0,0,
1710993000000,2024-03-21T03:50:00Z,288-1-1-115,0,0,0,0,
1710993060000,2024-03-21T03:51:00Z,288-1-1-115,0,0,0,0,
1710993120000,2024-03-21T03:52:00Z,288-1-1-115,0,0,0,0,
1710993180000,2024-03-21T03:53:00Z,288-1-1-115,0,0,0,0,
1710993240000,2024-03-21T03:54:00Z,288-1-1-115,0,0,0,0,
1710993300000,2024-03-21T03:55:00Z,288-1-1-115,0,0,0,0,
1710993360000,2024-03-21T03:56:00Z,288-1-1-115,0,0,0,0,
1710993420000,2024-03-21T03:57:00Z,288-1-1-115,0,0,0,0,
1710993480000,2024-03-21T03:58:00Z,288-1-1-115,0,0,0,0,
1710993540000,2024-03-21T03:59:00Z,288-1-1-115,0,0,0,0,
1710993600000,2024-03-21T04:00:00Z,288-1-1-115,0,0,0,0,
1710993660000,2024-03-21T04:01:00Z,288-1-1-115,0,0,0,0,
1710993720000,2024-03-21T04:02:00Z,288-1-1-115,0,0,0,0,
1710993780000,2024-03-21T04:03:00Z,288-1-1-115,0,0,0,0,
1710993840000,2024-03-21T04:04:00Z,288-1-1-115,0,0,0,0,
1710993900000,2024-03-21T04:05:00Z,288-1-1-115,0,0,0,0,
1710993960000,2024-03-21T04:06:00Z,288-1-1-115,948,1085,823,1659,
1710994020000,2024-03-21T04:07:00Z,288-1-1-115,292,571,227,680,
1710994080000,2024-03-21T04:08:00Z,288-1-1-115,0,0,0,0,
1710994140000,2024-03-21T04:09:00Z,288-1-1-115,0,0,0,0,
1710994200000,2024-03-21T04:10:00Z,288-1-1-115,120,389,401,571,
1710994260000,2024-03-21T04:11:00Z,288-1-1-115,0,0,0,0,
1710994320000,2024-03-21T04:12:00Z,288-1-1-115,0,0,0,0,
1710994380000,2024-03-21T04:13:00Z,288-1-1-115,0,0,0,0,
1710994440000,2024-03-21T04:14:00Z,288-1-1-115,0,0,0,0,
1710994500000,2024-03-21T04:15:00Z,288-1-1-115,0,0,0,0,
1710994560000,2024-03-21T04:16:00Z,288-1-1-115,0,0,0,0,
1710994620000,2024-03-21T04:17:00Z,288-1-1-115,0,0,0,0,
1710994680000,2024-03-21T04:18:00Z,288-1-1-115,0,0,0,0,
1710994740000,2024-03-21T04:19:00Z,288-1-1-115,0,0,0,0,
1710994800000,2024-03-21T04:20:00Z,288-1-1-115,0,0,0,0,
1710994860000,2024-03-21T04:21:00Z,288-1-1-115,0,0,0,0,
1710994920000,2024-03-21T04:22:00Z,288-1-1-115,0,0,0,0,
1710994980000,2024-03-21T04:23:00Z,288-1-1-115,125,328,179,394,
1710995040000,2024-03-21T04:24:00Z,288-1-1-115,502,981,1199,1628,
1710995100000,2024-03-21T04:25:00Z,288-1-1-115,0,0,0,0,
1710995160000,2024-03-21T04:26:00Z,288-1-1-115,0,0,0,0,
1710995220000,2024-03-21T04:27:00Z,288-1-1-115,0,0,0,0,
1710995280000,2024-03-21T04:28:00Z,288-1-1-115,619,833,886,1364,
1710995340000,2024-03-21T04:29:00Z,288-1-1-115,0,9,1,9,
1710995400000,2024-03-21T04:30:00Z,288-1-1-115,0,0,0,0,
1710995460000,2024-03-21T04:31:00Z,288-1-1-115,0,0,0,0,
1710995520000,2024-03-21T04:32:00Z,288-1-1-115,0,0,0,0,
1710995580000,2024-03-21T04:33:00Z,288-1-1-115,0,0,0,0,
1710995640000,2024-03-21T04:34:00Z,288-1-1-115,0,0,0,0,
1710995700000,2024-03-21T04:35:00Z,288-1-1-115,0,0,0,0,
1710995760000,2024-03-21T04:36:00Z,288-1-1-115,0,0,0,0,
1710995820000,2024-03-21T04:37:00Z,288-1-1-115,0,0,0,0,
1710995880000,2024-03-21T04:38:00Z,288-1-1-115,336,181,482,614,
1710995940000,2024-03-21T04:39:00Z,288-1-1-115,0,0,0,0,
1710996000000,2024-03-21T04:40:00Z,288-1-1-115,0,0,0,0,
1710996060000,2024-03-21T04:41:00Z,288-1-1-115,0,0,0,0,
1710996120000,2024-03-21T04:42:00Z,288-1-1-115,0,0,0,0,
1710996180000,2024-03-21T04:43:00Z,288-1-1-115,0,0,0,0,
1710996240000,2024-03-21T04:44:00Z,288-1-1-115,420,339,1076,1203,
1710996300000,2024-03-21T04:45:00Z,288-1-1-115,0,0,0,0,
1710996360000,2024-03-21T04:46:00Z,288-1-1-115,0,0,0,0,
1710996420000,2024-03-21T04:47:00Z,288-1-1-115,0,0,0,0,
1710996480000,2024-03-21T04:48:00Z,288-1-1-115,0,0,0,0,
1710996540000,2024-03-21T04:49:00Z,288-1-1-115,0,0,0,0,
1710996600000,2024-03-21T04:50:00Z,288-1-1-115,0,0,0,0,
1710996660000,2024-03-21T04:51:00Z,288-1-1-115,0,0,0,0,
1710996720000,2024-03-21T04:52:00Z,288-1-1-115,33,108,96,148,
1710996780000,2024-03-21T04:53:00Z,288-1-1-115,0,0,0,0,
1710996840000,2024-03-21T04:54:00Z,288-1-1-115,0,0,0,0,
1710996900000,2024-03-21T04:55:00Z,288-1-1-115,0,0,0,0,
1710996960000,2024-03-21T04:56:00Z,288-1-1-115,0,0,0,0,
1710997020000,2024-03-21T04:57:00Z,288-1-1-115,0,0,0,0,
1710997080000,2024-03-21T04:58:00Z,288-1-1-115,0,0,0,0,
1710997140000,2024-03-21T04:59:00Z,288-1-1-115,0,0,0,0,
1710997200000,2024-03-21T05:00:00Z,288-1-1-115,0,0,0,0,
1710997260000,2024-03-21T05:01:00Z,288-1-1-115,0,0,0,0,
1710997320000,2024-03-21T05:02:00Z,288-1-1-115,0,0,0,0,
1710997380000,2024-03-21T05:03:00Z,288-1-1-115,0,0,0,0,
1710997440000,2024-03-21T05:04:00Z,288-1-1-115,0,0,0,0,
1710997500000,2024-03-21T05:05:00Z,288-1-1-115,0,0,0,0,
1710997560000,2024-03-21T05:06:00Z,288-1-1-115,0,0,0,0,
1710997620000,2024-03-21T05:07:00Z,288-1-1-115,0,0,0,0,
1710997680000,2024-03-21T05:08:00Z,288-1-1-115,0,0,0,0,
1710997740000,2024-03-21T05:09:00Z,288-1-1-115,0,0,0,0,
1710997800000,2024-03-21T05:10:00Z,288-1-1-115,0,0,0,0,
1710997860000,2024-03-21T05:11:00Z,288-1-1-115,0,0,0,0,
1710997920000,2024-03-21T05:12:00Z,288-1-1-115,0,0,0,0,
1710997980000,2024-03-21T05:13:00Z,288-1-1-115,0,0,0,0,
1710998040000,2024-03-21T05:14:00Z,288-1-1-115,0,0,0,0,
1710998100000,2024-03-21T05:15:00Z,288-1-1-115,0,0,0,0,
1710998160000,2024-03-21T05:16:00Z,288-1-1-115,0,0,0,0,
1710998220000,2024-03-21T05:17:00Z,288-1-1-115,0,0,0,0,
1710998280000,2024-03-21T05:18:00Z,288-1-1-115,0,0,0,0,
1710998340000,2024-03-21T05:19:00Z,288-1-1-115,0,0,0,0,
1710998400000,2024-03-21T05:20:00Z,288-1-1-115,0,0,0,0,
1710998460000,2024-03-21T05:21:00Z,288-1-1-115,0,0,0,0,
1710998520000,2024-03-21T05:22:00Z,288-1-1-115,0,0,0,0,
1710998580000,2024-03-21T05:23:00Z,288-1-1-115,0,0,0,0,
1710998640000,2024-03-21T05:24:00Z,288-1-1-115,0,0,0,0,
1710998700000,2024-03-21T05:25:00Z,288-1-1-115,0,0,0,0,
1710998760000,2024-03-21T05:26:00Z,288-1-1-115,0,0,0,0,
1710998820000,2024-03-21T05:27:00Z,288-1-1-115,0,0,0,0,
1710998880000,2024-03-21T05:28:00Z,288-1-1-115,0,0,0,0,
1710998940000,2024-03-21T05:29:00Z,288-1-1-115,0,0,0,0,
1710999000000,2024-03-21T05:30:00Z,288-1-1-115,0,0,0,0,
1710999060000,2024-03-21T05:31:00Z,288-1-1-115,0,0,0,0,
1710999120000,2024-03-21T05:32:00Z,288-1-1-115,0,0,0,0,
1710999180000,2024-03-21T05:33:00Z,288-1-1-115,0,0,0,0,
1710999240000,2024-03-21T05:34:00Z,288-1-1-115,0,0,0,0,
1710999300000,2024-03-21T05:35:00Z,288-1-1-115,0,0,0,0,
1710999360000,2024-03-21T05:36:00Z,288-1-1-115,0,0,0,0,
1710999420000,2024-03-21T05:37:00Z,288-1-1-115,0,0,0,0,
1710999480000,2024-03-21T05:38:00Z,288-1-1-115,0,0,0,0,
1710999540000,2024-03-21T05:39:00Z,288-1-1-115,0,0,0,0,
1710999600000,2024-03-21T05:40:00Z,288-1-1-115,0,0,0,0,
1710999660000,2024-03-21T05:41:00Z,288-1-1-115,0,0,0,0,
1710999720000,2024-03-21T05:42:00Z,288-1-1-115,950,2185,2426,3400,
1710999780000,2024-03-21T05:43:00Z,288-1-1-115,0,0,0,0,
1710999840000,2024-03-21T05:44:00Z,288-1-1-115,0,0,0,0,
1710999900000,2024-03-21T05:45:00Z,288-1-1-115,12,9,0,15,
1710999960000,2024-03-21T05:46:00Z,288-1-1-115,0,0,0,0,
1711000020000,2024-03-21T05:47:00Z,288-1-1-115,0,0,0,0,
1711000080000,2024-03-21T05:48:00Z,288-1-1-115,0,0,0,0,
1711000140000,2024-03-21T05:49:00Z,288-1-1-115,0,0,0,0,
1711000200000,2024-03-21T05:50:00Z,288-1-1-115,0,0,0,0,
1711000260000,2024-03-21T05:51:00Z,288-1-1-115,0,0,0,0,
1711000320000,2024-03-21T05:52:00Z,288-1-1-115,0,0,0,0,
1711000380000,2024-03-21T05:53:00Z,288-1-1-115,246,122,147,311,
1711000440000,2024-03-21T05:54:00Z,288-1-1-115,115,109,205,259,
1711000500000,2024-03-21T05:55:00Z,288-1-1-115,609,1148,1566,2034,
1711000560000,2024-03-21T05:56:00Z,288-1-1-115,0,0,0,0,
1711000620000,2024-03-21T05:57:00Z,288-1-1-115,0,0,0,0,
1711000680000,2024-03-21T05:58:00Z,288-1-1-115,0,0,0,0,
1711000740000,2024-03-21T05:59:00Z,288-1-1-115,0,0,0,0,
1711000800000,2024-03-21T06:00:00Z,288-1-1-115,0,0,0,0,
1711000860000,2024-03-21T06:01:00Z,288-1-1-115,0,0,0,0,
1711000920000,2024-03-21T06:02:00Z,288-1-1-115,0,0,0,0,
1711000980000,2024-03-21T06:03:00Z,288-1-1-115,0,0,0,0,
1711001040000,2024-03-21T06:04:00Z,288-1-1-115,0,0,0,0,
1711001100000,2024-03-21T06:05:00Z,288-1-1-115,0,0,0,0,
1711001160000,2024-03-21T06:06:00Z,288-1-1-115,0,0,0,0,
1711001220000,2024-03-21T06:07:00Z,288-1-1-115,0,0,0,0,
1711001280000,2024-03-21T06:08:00Z,288-1-1-115,0,0,0,0,
1711001340000,2024-03-21T06:09:00Z,288-1-1-115,70,79,133,169,
1711001400000,2024-03-21T06:10:00Z,288-1-1-115,0,0,0,0,
1711001460000,2024-03-21T06:11:00Z,288-1-1-115,0,0,0,0,
1711001520000,2024-03-21T06:12:00Z,288-1-1-115,0,0,0,0,
1711001580000,2024-03-21T06:13:00Z,288-1-1-115,0,0,0,0,
1711001640000,2024-03-21T06:14:00Z,288-1-1-115,0,0,0,0,
1711001700000,2024-03-21T06:15:00Z,288-1-1-115,0,0,0,0,
1711001760000,2024-03-21T06:16:00Z,288-1-1-115,295,754,648,1037,
1711001820000,2024-03-21T06:17:00Z,288-1-1-115,0,0,0,0,
1711001880000,2024-03-21T06:18:00Z,288-1-1-115,0,0,0,0,
1711001940000,2024-03-21T06:19:00Z,288-1-1-115,0,0,0,0,
1711002000000,2024-03-21T06:20:00Z,288-1-1-115,0,0,0,0,
1711002060000,2024-03-21T06:21:00Z,288-1-1-115,0,0,0,0,
1711002120000,2024-03-21T06:22:00Z,288-1-1-115,0,0,0,0,
1711002180000,2024-03-21T06:23:00Z,288-1-1-115,0,0,0,0,
1711002240000,2024-03-21T06:24:00Z,288-1-1-115,0,0,0,0,
1711002300000,2024-03-21T06:25:00Z,288-1-1-115,0,0,0,0,
1711002360000,2024-03-21T06:26:00Z,288-1-1-115,0,0,0,0,
1711002420000,2024-03-21T06:27:00Z,288-1-1-115,0,0,0,0,
1711002480000,2024-03-21T06:28:00Z,288-1-1-115,345,1458,875,1735,
1711002540000,2024-03-21T06:29:00Z,288-1-1-115,0,9,0,9,
1711002600000,2024-03-21T06:30:00Z,288-1-1-115,0,0,0,0,
1711002660000,2024-03-21T06:31:00Z,288-1-1-115,0,0,0,0,
1711002720000,2024-03-21T06:32:00Z,288-1-1-115,600,589,1104,1387,
1711002780000,2024-03-21T06:33:00Z,288-1-1-115,0,0,0,0,
1711002840000,2024-03-21T06:34:00Z,288-1-1-115,0,0,0,0,
1711002900000,2024-03-21T06:35:00Z,288-1-1-115,0,0,0,0,
1711002960000,2024-03-21T06:36:00Z,288-1-1-115,0,0,0,0,
1711003020000,2024-03-21T06:37:00Z,288-1-1-115,0,0,0,0,
1711003080000,2024-03-21T06:38:00Z,288-1-1-115,0,0,0,0,
1711003140000,2024-03-21T06:39:00Z,288-1-1-115,0,0,0,0,
1711003200000,2024-03-21T06:40:00Z,288-1-1-115,0,0,0,0,
1711003260000,2024-03-21T06:41:00Z,288-1-1-115,0,0,0,0,
1711003320000,2024-03-21T06:42:00Z,288-1-1-115,0,0,0,0,
1711003380000,2024-03-21T06:43:00Z,288-1-1-115,0,0,0,0,
1711003440000,2024-03-21T06:44:00Z,288-1-1-115,0,0,0,0,
1711003500000,2024-03-21T06:45:00Z,288-1-1-115,1123,2118,1613,2889,
1711003560000,2024-03-21T06:46:00Z,288-1-1-115,0,0,0,0,
1711003620000,2024-03-21T06:47:00Z,288-1-1-115,0,0,0,0,
1711003680000,2024-03-21T06:48:00Z,288-1-1-115,0,48,0,48,
1711003740000,2024-03-21T06:49:00Z,288-1-1-115,0,0,0,0,
1711003800000,2024-03-21T06:50:00Z,288-1-1-115,0,0,0,0,
1711003860000,2024-03-21T06:51:00Z,288-1-1-115,621,677,556,1073,
1711003920000,2024-03-21T06:52:00Z,288-1-1-115,0,0,0,0,
1711003980000,2024-03-21T06:53:00Z,288-1-1-115,0,0,0,0,
1711004040000,2024-03-21T06:54:00Z,288-1-1-115,0,0,0,0,
1711004100000,2024-03-21T06:55:00Z,288-1-1-115,0,0,0,0,
1711004160000,2024-03-21T06:56:00Z,288-1-1-115,0,0,0,0,
1711004220000,2024-03-21T06:57:00Z,288-1-1-115,0,0,0,0,
1711004280000,2024-03-21T06:58:00Z,288-1-1-115,0,0,0,0,
1711004340000,2024-03-21T06:59:00Z,288-1-1-115,0,0,0,0,
1711004400000,2024-03-21T07:00:00Z,288-1-1-115,0,0,0,0,
1711004460000,2024-03-21T07:01:00Z,288-1-1-115,0,0,0,0,
1711004520000,2024-03-21T07:02:00Z,288-1-1-115,0,0,0,0,
1711004580000,2024-03-21T07:03:00Z,288-1-1-115,107,436,140,470,
1711004640000,2024-03-21T07:04:00Z,288-1-1-115,757,1118,1429,1965,
1711004700000,2024-03-21T07:05:00Z,288-1-1-115,0,0,0,0,
1711004760000,2024-03-21T07:06:00Z,288-1-1-115,0,0,0,0,
1711004820000,2024-03-21T07:07:00Z,288-1-1-115,0,0,0,0,
1711004880000,2024-03-21T07:08:00Z,288-1-1-115,0,0,0,0,
1711004940000,2024-03-21T07:09:00Z,288-1-1-115,0,0,0,0,
1711005000000,2024-03-21T07:10:00Z,288-1-1-115,0,0,0,0,
1711005060000,2024-03-21T07:11:00Z,288-1-1-115,0,0,0,0,
1711005120000,2024-03-21T07:12:00Z,288-1-1-115,0,0,0,0,
1711005180000,2024-03-21T07:13:00Z,288-1-1-115,0,0,0,0,
1711005240000,2024-03-21T07:14:00Z,288-1-1-115,0,0,0,0,
1711005300000,2024-03-21T07:15:00Z,288-1-1-115,0,0,0,0,
1711005360000,2024-03-21T07:16:00Z,288-1-1-115,0,0,0,0,
1711005420000,2024-03-21T07:17:00Z,288-1-1-115,0,0,0,0,
1711005480000,2024-03-21T07:18:00Z,288-1-1-115,0,0,0,0,
1711005540000,2024-03-21T07:19:00Z,288-1-1-115,0,0,0,0,
1711005600000,2024-03-21T07:20:00Z,288-1-1-115,0,0,0,0,
1711005660000,2024-03-21T07:21:00Z,288-1-1-115,0,0,0,0,
1711005720000,2024-03-21T07:22:00Z,288-1-1-115,0,0,0,0,
1711005780000,2024-03-21T07:23:00Z,288-1-1-115,0,0,0,0,
1711005840000,2024-03-21T07:24:00Z,288-1-1-115,0,0,0,0,
1711005900000,2024-03-21T07:25:00Z,288-1-1-115,0,0,0,0,
1711005960000,2024-03-21T07:26:00Z,288-1-1-115,0,0,8,8,
1711006020000,2024-03-21T07:27:00Z,288-1-1-115,0,0,0,0,
1711006080000,2024-03-21T07:28:00Z,288-1-1-115,0,0,0,0,
1711006140000,2024-03-21T07:29:00Z,288-1-1-115,0,0,0,0,
1711006200000,2024-03-21T07:30:00Z,288-1-1-115,0,0,0,0,
1711006260000,2024-03-21T07:31:00Z,288-1-1-115,0,0,0,0,
1711006320000,2024-03-21T07:32:00Z,288-1-1-115,0,0,0,0,
1711006380000,2024-03-21T07:33:00Z,288-1-1-115,0,0,0,0,
1711006440000,2024-03-21T07:34:00Z,288-1-1-115,0,0,0,0,
1711006500000,2024-03-21T07:35:00Z,288-1-1-115,0,0,0,0,
1711006560000,2024-03-21T07:36:00Z,288-1-1-115,0,0,0,0,
1711006620000,2024-03-21T07:37:00Z,288-1-1-115,0,0,0,0,
1711006680000,2024-03-21T07:38:00Z,288-1-1-115,84,430,260,509,
1711006740000,2024-03-21T07:39:00Z,288-1-1-115,3,81,69,106,
1711006800000,2024-03-21T07:40:00Z,288-1-1-115,117,43,207,241,
1711006860000,2024-03-21T07:41:00Z,288-1-1-115,0,0,0,0,
1711006920000,2024-03-21T07:42:00Z,288-1-1-115,0,0,0,0,
1711006980000,2024-03-21T07:43:00Z,288-1-1-115,0,0,0,0,
1711007040000,2024-03-21T07:44:00Z,288-1-1-115,432,635,628,992,
1711007100000,2024-03-21T07:45:00Z,288-1-1-115,327,515,339,697,
1711007160000,2024-03-21T07:46:00Z,288-1-1-115,0,0,0,0,
1711007220000,2024-03-21T07:47:00Z,288-1-1-115,0,0,0,0,
1711007280000,2024-03-21T07:48:00Z,288-1-1-115,0,0,0,0,
1711007340000,2024-03-21T07:49:00Z,288-1-1-115,0,0,0,0,
1711007400000,2024-03-21T07:50:00Z,288-1-1-115,0,0,0,0,
1711007460000,2024-03-21T07:51:00Z,288-1-1-115,0,0,0,0,
1711007520000,2024-03-21T07:52:00Z,288-1-1-115,620,943,315,1171,
1711007580000,2024-03-21T07:53:00Z,288-1-1-115,0,0,0,0,
1711007640000,2024-03-21T07:54:00Z,288-1-1-115,0,0,0,0,
1711007700000,2024-03-21T07:55:00Z,288-1-1-115,0,0,0,0,
1711007760000,2024-03-21T07:56:00Z,288-1-1-115,0,0,0,0,
1711007820000,2024-03-21T07:57:00Z,288-1-1-115,0,0,0,0,
1711007880000,2024-03-21T07:58:00Z,288-1-1-115,0,0,0,0,
1711007940000,2024-03-21T07:59:00Z,288-1-1-115,392,638,477,887,
1711008000000,2024-03-21T08:00:00Z,288-1-1-115,0,0,0,0,
1711008060000,2024-03-21T08:01:00Z,288-1-1-115,0,0,0,0,
1711008120000,2024-03-21T08:02:00Z,288-1-1-115,0,0,0,0,
1711008180000,2024-03-21T08:03:00Z,288-1-1-115,0,0,0,0,
1711008240000,2024-03-21T08:04:00Z,288-1-1-115,0,0,0,0,
1711008300000,2024-03-21T08:05:00Z,288-1-1-115,0,0,0,0,
1711008360000,2024-03-21T08:06:00Z,288-1-1-115,0,0,0,0,
1711008420000,2024-03-21T08:07:00Z,288-1-1-115,0,0,0,0,
1711008480000,2024-03-21T08:08:00Z,288-1-1-115,0,0,0,0,
1711008540000,2024-03-21T08:09:00Z,288-1-1-115,0,0,0,0,
1711008600000,2024-03-21T08:10:00Z,288-1-1-115,757,1391,1241,2011,
1711008660000,2024-03-21T08:11:00Z,288-1-1-115,340,490,66,600,
1711008720000,2024-03-21T08:12:00Z,288-1-1-115,0,15,0,15,
1711008780000,2024-03-21T08:13:00Z,288-1-1-115,0,0,0,0,
1711008840000,2024-03-21T08:14:00Z,288-1-1-115,0,0,0,0,
1711008900000,2024-03-21T08:15:00Z,288-1-1-115,0,0,0,0,
1711008960000,2024-03-21T08:16:00Z,288-1-1-115,0,0,0,0,
1711009020000,2024-03-21T08:17:00Z,288-1-1-115,0,0,0,0,
1711009080000,2024-03-21T08:18:00Z,288-1-1-115,0,0,0,0,
1711009140000,2024-03-21T08:19:00Z,288-1-1-115,0,0,0,0,
1711009200000,2024-03-21T08:20:00Z,288-1-1-115,0,0,0,0,
1711009260000,2024-03-21T08:21:00Z,288-1-1-115,0,0,0,0,
1711009320000,2024-03-21T08:22:00Z,288-1-1-115,806,1116,883,1635,
1711009380000,2024-03-21T08:23:00Z,288-1-1-115,0,0,0,0,
1711009440000,2024-03-21T08:24:00Z,288-1-1-115,0,0,0,0,
1711009500000,2024-03-21T08:25:00Z,288-1-1-115,0,0,0,0,
1711009560000,2024-03-21T08:26:00Z,288-1-1-115,0,0,0,0,
1711009620000,2024-03-21T08:27:00Z,288-1-1-115,0,0,0,0,
1711009680000,2024-03-21T08:28:00Z,288-1-1-115,0,0,0,0,
1711009740000,2024-03-21T08:29:00Z,288-1-1-115,0,0,0,0,
1711009800000,2024-03-21T08:30:00Z,288-1-1-115,0,0,0,0,
1711009860000,2024-03-21T08:31:00Z,288-1-1-115,0,0,0,0,
1711009920000,2024-03-21T08:32:00Z,288-1-1-115,0,0,0,0,
1711009980000,2024-03-21T08:33:00Z,288-1-1-115,0,0,0,0,
1711010040000,2024-03-21T08:34:00Z,288-1-1-115,0,0,0,0,
1711010100000,2024-03-21T08:35:00Z,288-1-1-115,0,0,0,0,
1711010160000,2024-03-21T08:36:00Z,288-1-1-115,0,0,0,0,
1711010220000,2024-03-21T08:37:00Z,288-1-1-115,0,0,0,0,
1711010280000,2024-03-21T08:38:00Z,288-1-1-115,0,0,0,0,
1711010340000,2024-03-21T08:39:00Z,288-1-1-115,0,0,0,0,
1711010400000,2024-03-21T08:40:00Z,288-1-1-115,0,0,0,0,
1711010460000,2024-03-21T08:41:00Z,288-1-1-115,532,1006,1008,1520,
1711010520000,2024-03-21T08:42:00Z,288-1-1-115,0,0,0,0,
1711010580000,2024-03-21T08:43:00Z,288-1-1-115,0,0,0,0,
1711010640000,2024-03-21T08:44:00Z,288-1-1-115,0,0,0,0,
1711010700000,2024-03-21T08:45:00Z,288-1-1-115,0,0,0,0,
1711010760000,2024-03-21T08:46:00Z,288-1-1-115,0,0,0,0,
1711010820000,2024-03-21T08:47:00Z,288-1-1-115,0,0,0,0,
1711010880000,2024-03-21T08:48:00Z,288-1-1-115,0,0,0,0,
1711010940000,2024-03-21T08:49:00Z,288-1-1-115,0,0,0,0,
1711011000000,2024-03-21T08:50:00Z,288-1-1-115,0,0,0,0,
1711011060000,2024-03-21T08:51:00Z,288-1-1-115,0,0,0,0,
1711011120000,2024-03-21T08:52:00Z,288-1-1-115,0,0,0,0,
1711011180000,2024-03-21T08:53:00Z,288-1-1-115,0,0,0,0,
1711011240000,2024-03-21T08:54:00Z,288-1-1-115,0,0,0,0,
1711011300000,2024-03-21T08:55:00Z,288-1-1-115,0,0,0,0,
1711011360000,2024-03-21T08:56:00Z,288-1-1-115,0,0,0,0,
1711011420000,2024-03-21T08:57:00Z,288-1-1-115,0,0,0,0,
1711011480000,2024-03-21T08:58:00Z,288-1-1-115,0,0,0,0,
1711011540000,2024-03-21T08:59:00Z,288-1-1-115,0,0,0,0,
1711011600000,2024-03-21T09:00:00Z,288-1-1-115,0,0,0,0,
1711011660000,2024-03-21T09:01:00Z,288-1-1-115,0,0,0,0,
1711011720000,2024-03-21T09:02:00Z,288-1-1-115,0,0,0,0,
1711011780000,2024-03-21T09:03:00Z,288-1-1-115,0,0,0,0,
1711011840000,2024-03-21T09:04:00Z,288-1-1-115,0,0,0,0,
1711011900000,2024-03-21T09:05:00Z,288-1-1-115,0,0,0,0,
1711011960000,2024-03-21T09:06:00Z,288-1-1-115,0,0,0,0,
1711012020000,2024-03-21T09:07:00Z,288-1-1-115,0,0,0,0,
1711012080000,2024-03-21T09:08:00Z,288-1-1-115,0,0,0,0,
1711012140000,2024-03-21T09:09:00Z,288-1-1-115,0,0,0,0,
1711012200000,2024-03-21T09:10:00Z,288-1-1-115,0,0,0,0,
1711012260000,2024-03-21T09:11:00Z,288-1-1-115,0,0,0,0,
1711012320000,2024-03-21T09:12:00Z,288-1-1-115,0,0,0,0,
1711012380000,2024-03-21T09:13:00Z,288-1-1-115,0,0,0,0,
1711012440000,2024-03-21T09:14:00Z,288-1-1-115,0,0,0,0,
1711012500000,2024-03-21T09:15:00Z,288-1-1-115,0,0,0,0,
1711012560000,2024-03-21T09:16:00Z,288-1-1-115,0,0,0,0,
1711012620000,2024-03-21T09:17:00Z,288-1-1-115,757,1370,1035,1876,
1711012680000,2024-03-21T09:18:00Z,288-1-1-115,59,42,36,80,
1711012740000,2024-03-21T09:19:00Z,288-1-1-115,55,14,230,236,
1711012800000,2024-03-21T09:20:00Z,288-1-1-115,0,0,0,0,
1711012860000,2024-03-21T09:21:00Z,288-1-1-115,0,0,0,0,
1711012920000,2024-03-21T09:22:00Z,288-1-1-115,0,0,0,0,
1711012980000,2024-03-21T09:23:00Z,288-1-1-115,0,0,0,0,
1711013040000,2024-03-21T09:24:00Z,288-1-1-115,0,0,0,0,
1711013100000,2024-03-21T09:25:00Z,288-1-1-115,0,0,0,0,
1711013160000,2024-03-21T09:26:00Z,288-1-1-115,59,451,562,722,
1711013220000,2024-03-21T09:27:00Z,288-1-1-115,0,0,0,0,
1711013280000,2024-03-21T09:28:00Z,288-1-1-115,0,0,0,0,
1711013340000,2024-03-21T09:29:00Z,288-1-1-115,0,0,0,0,
1711013400000,2024-03-21T09:30:00Z,288-1-1-115,0,0,0,0,
1711013460000,2024-03-21T09:31:00Z,288-1-1-115,0,0,0,0,
1711013520000,2024-03-21T09:32:00Z,288-1-1-115,0,0,0,0,
1711013580000,2024-03-21T09:33:00Z,288-1-1-115,0,0,0,0,
1711013640000,2024-03-21T09:34:00Z,288-1-1-115,0,0,0,0,
1711013700000,2024-03-21T09:35:00Z,288-1-1-115,0,0,0,0,
1711013760000,2024-03-21T09:36:00Z,288-1-1-115,0,0,0,0,
1711013820000,2024-03-21T09:37:00Z,288-1-1-115,0,0,0,0,
1711013880000,2024-03-21T09:38:00Z,288-1-1-115,0,0,0,0,
1711013940000,2024-03-21T09:39:00Z,288-1-1-115,772,1008,843,1524,
1711014000000,2024-03-21T09:40:00Z,288-1-1-115,0,0,0,0,
1711014060000,2024-03-21T09:41:00Z,288-1-1-115,0,0,0,0,
1711014120000,2024-03-21T09:42:00Z,288-1-1-115,0,0,0,0,
1711014180000,2024-03-21T09:43:00Z,288-1-1-115,0,0,0,0,
1711014240000,2024-03-21T09:44:00Z,288-1-1-115,0,0,0,0,
1711014300000,2024-03-21T09:45:00Z,288-1-1-115,0,0,0,0,
1711014360000,2024-03-21T09:46:00Z,288-1-1-115,0,0,0,0,
1711014420000,2024-03-21T09:47:00Z,288-1-1-115,517,400,432,783,
1711014480000,2024-03-21T09:48:00Z,288-1-1-115,0,0,0,0,
1711014540000,2024-03-21T09:49:00Z,288-1-1-115,0,0,0,0,
1711014600000,2024-03-21T09:50:00Z,288-1-1-115,0,0,0,0,
1711014660000,2024-03-21T09:51:00Z,288-1-1-115,0,0,0,0,
1711014720000,2024-03-21T09:52:00Z,288-1-1-115,0,0,0,0,
1711014780000,2024-03-21T09:53:00Z,288-1-1-115,0,0,0,0,
1711014840000,2024-03-21T09:54:00Z,288-1-1-115,0,0,0,0,
1711014900000,2024-03-21T09:55:00Z,288-1-1-115,0,0,0,0,
1711014960000,2024-03-21T09:56:00Z,288-1-1-115,0,0,0,0,
1711015020000,2024-03-21T09:57:00Z,288-1-1-115,689,1065,873,1539,
1711015080000,2024-03-21T09:58:00Z,288-1-1-115,0,0,0,0,
1711015140000,2024-03-21T09:59:00Z,288-1-1-115,0,0,0,0,
1711015200000,2024-03-21T10:00:00Z,288-1-1-115,0,0,0,0,
1711015260000,2024-03-21T10:01:00Z,288-1-1-115,1539,2107,2163,3389,
1711015320000,2024-03-21T10:02:00Z,288-1-1-115,743,1107,754,1531,
1711015380000,2024-03-21T10:03:00Z,288-1-1-115,0,0,0,0,
1711015440000,2024-03-21T10:04:00Z,288-1-1-115,0,0,0,0,
1711015500000,2024-03-21T10:05:00Z,288-1-1-115,0,0,0,0,
1711015560000,2024-03-21T10:06:00Z,288-1-1-115,0,0,0,0,
1711015620000,2024-03-21T10:07:00Z,288-1-1-115,0,0,0,0,
1711015680000,2024-03-21T10:08:00Z,288-1-1-115,0,0,0,0,
1711015740000,2024-03-21T10:09:00Z,288-1-1-115,0,0,0,0,
1711015800000,2024-03-21T10:10:00Z,288-1-1-115,0,0,0,0,
1711015860000,2024-03-21T10:11:00Z,288-1-1-115,0,0,0,0,
1711015920000,2024-03-21T10:12:00Z,288-1-1-115,0,0,0,0,
1711015980000,2024-03-21T10:13:00Z,288-1-1-115,0,0,0,0,
1711016040000,2024-03-21T10:14:00Z,288-1-1-115,0,0,0,0,
1711016100000,2024-03-21T10:15:00Z,288-1-1-115,0,0,0,0,
1711016160000,2024-03-21T10:16:00Z,288-1-1-115,0,0,0,0,
1711016220000,2024-03-21T10:17:00Z,288-1-1-115,0,0,0,0,
1711016280000,2024-03-21T10:18:00Z,288-1-1-115,0,0,0,0,
1711016340000,2024-03-21T10:19:00Z,288-1-1-115,0,0,0,0,
1711016400000,2024-03-21T10:20:00Z,288-1-1-115,0,0,0,0,
1711016460000,2024-03-21T10:21:00Z,288-1-1-115,0,0,0,0,
1711016520000,2024-03-21T10:22:00Z,288-1-1-115,0,0,0,0,
1711016580000,2024-03-21T10:23:00Z,288-1-1-115,0,0,0,0,
1711016640000,2024-03-21T10:24:00Z,288-1-1-115,0,0,0,0,
1711016700000,2024-03-21T10:25:00Z,288-1-1-115,0,0,0,0,
1711016760000,2024-03-21T10:26:00Z,288-1-1-115,0,0,0,0,
1711016820000,2024-03-21T10:27:00Z,288-1-1-115,0,0,0,0,
1711016880000,2024-03-21T10:28:00Z,288-1-1-115,127,383,108,417,
1711016940000,2024-03-21T10:29:00Z,288-1-1-115,0,0,0,0,
1711017000000,2024-03-21T10:30:00Z,288-1-1-115,0,0,0,0,
1711017060000,2024-03-21T10:31:00Z,288-1-1-115,1460,2256,818,2808,
1711017120000,2024-03-21T10:32:00Z,288-1-1-115,472,1255,643,1487,
1711017180000,2024-03-21T10:33:00Z,288-1-1-115,0,0,0,0,
1711017240000,2024-03-21T10:34:00Z,288-1-1-115,0,0,0,0,
1711017300000,2024-03-21T10:35:00Z,288-1-1-115,0,0,0,0,
1711017360000,2024-03-21T10:36:00Z,288-1-1-115,194,602,660,914,
1711017420000,2024-03-21T10:37:00Z,288-1-1-115,326,641,300,779,
1711017480000,2024-03-21T10:38:00Z,288-1-1-115,990,1820,2390,3163,
1711017540000,2024-03-21T10:39:00Z,288-1-1-115,0,0,0,0,
1711017600000,2024-03-21T10:40:00Z,288-1-1-115,0,0,0,0,
1711017660000,2024-03-21T10:41:00Z,288-1-1-115,29,35,9,46,
1711017720000,2024-03-21T10:42:00Z,288-1-1-115,525,275,508,780,
1711017780000,2024-03-21T10:43:00Z,288-1-1-115,0,0,0,0,
1711017840000,2024-03-21T10:44:00Z,288-1-1-115,0,43,12,44,
1711017900000,2024-03-21T10:45:00Z,288-1-1-115,0,0,0,0,
1711017960000,2024-03-21T10:46:00Z,288-1-1-115,926,1024,685,1541,
1711018020000,2024-03-21T10:47:00Z,288-1-1-115,0,0,0,0,
1711018080000,2024-03-21T10:48:00Z,288-1-1-115,0,0,0,0,
1711018140000,2024-03-21T10:49:00Z,288-1-1-115,0,0,0,0,
1711018200000,2024-03-21T10:50:00Z,288-1-1-115,0,0,0,0,
1711018260000,2024-03-21T10:51:00Z,288-1-1-115,88,341,392,526,
1711018320000,2024-03-21T10:52:00Z,288-1-1-115,0,0,0,0,
1711018380000,2024-03-21T10:53:00Z,288-1-1-115,0,0,0,0,
1711018440000,2024-03-21T10:54:00Z,288-1-1-115,0,0,0,0,
1711018500000,2024-03-21T10:55:00Z,288-1-1-115,0,0,0,0,
1711018560000,2024-03-21T10:56:00Z,288-1-1-115,0,0,0,0,
1711018620000,2024-03-21T10:57:00Z,288-1-1-115,2,4,6,7,
1711018680000,2024-03-21T10:58:00Z,288-1-1-115,0,0,0,0,
1711018740000,2024-03-21T10:59:00Z,288-1-1-115,0,0,0,0,
1711018800000,2024-03-21T11:00:00Z,288-1-1-115,0,0,0,0,
1711018860000,2024-03-21T11:01:00Z,288-1-1-115,518,299,697,918,
1711018920000,2024-03-21T11:02:00Z,288-1-1-115,969,1040,1417,2007,
1711018980000,2024-03-21T11:03:00Z,288-1-1-115,0,0,0,0,
1711019040000,2024-03-21T11:04:00Z,288-1-1-115,0,78,0,78,
1711019100000,2024-03-21T11:05:00Z,288-1-1-115,34,71,265,276,
1711019160000,2024-03-21T11:06:00Z,288-1-1-115,860,1985,874,2333,
1711019220000,2024-03-21T11:07:00Z,288-1-1-115,274,150,364,479,
1711019280000,2024-03-21T11:08:00Z,288-1-1-115,0,0,4,4,
1711019340000,2024-03-21T11:09:00Z,288-1-1-115,0,0,0,0,
1711019400000,2024-03-21T11:10:00Z,288-1-1-115,48,61,249,260,
1711019460000,2024-03-21T11:11:00Z,288-1-1-115,0,0,36,36,
1711019520000,2024-03-21T11:12:00Z,288-1-1-115,0,0,6,6,
1711019580000,2024-03-21T11:13:00Z,288-1-1-115,0,0,59,59,
1711019640000,2024-03-21T11:14:00Z,288-1-1-115,0,10,7,12,
1711019700000,2024-03-21T11:15:00Z,288-1-1-115,30,76,117,142,
1711019760000,2024-03-21T11:16:00Z,288-1-1-115,0,0,0,0,
1711019820000,2024-03-21T11:17:00Z,288-1-1-115,0,0,0,0,
1711019880000,2024-03-21T11:18:00Z,288-1-1-115,0,0,20,20,
1711019940000,2024-03-21T11:19:00Z,288-1-1-115,1689,2979,2028,3979,
1711020000000,2024-03-21T11:20:00Z,288-1-1-115,0,87,0,87,
1711020060000,2024-03-21T11:21:00Z,288-1-1-115,0,14,55,56,
1711020120000,2024-03-21T11:22:00Z,288-1-1-115,0,362,59,366,
1711020180000,2024-03-21T11:23:00Z,288-1-1-115,3,288,56,293,
1711020240000,2024-03-21T11:24:00Z,288-1-1-115,0,119,0,119,
1711020300000,2024-03-21T11:25:00Z,288-1-1-115,141,594,155,629,
1711020360000,2024-03-21T11:26:00Z,288-1-1-115,1032,2320,2022,3245,
1711020420000,2024-03-21T11:27:00Z,288-1-1-115,0,125,0,125,
1711020480000,2024-03-21T11:28:00Z,288-1-1-115,0,393,6,393,
1711020540000,2024-03-21T11:29:00Z,288-1-1-115,0,155,8,155,
1711020600000,2024-03-21T11:30:00Z,288-1-1-115,0,55,2,55,
1711020660000,2024-03-21T11:31:00Z,288-1-1-115,0,0,0,0,
1711020720000,2024-03-21T11:32:00Z,288-1-1-115,2,333,31,334,
1711020780000,2024-03-21T11:33:00Z,288-1-1-115,0,285,101,302,
1711020840000,2024-03-21T11:34:00Z,288-1-1-115,0,64,21,67,
1711020900000,2024-03-21T11:35:00Z,288-1-1-115,8,379,61,383,
1711020960000,2024-03-21T11:36:00Z,288-1-1-115,1,31,0,31,
1711021020000,2024-03-21T11:37:00Z,288-1-1-115,0,78,20,80,
1711021080000,2024-03-21T11:38:00Z,288-1-1-115,219,279,63,360,
1711021140000,2024-03-21T11:39:00Z,288-1-1-115,1104,2456,936,2850,
1711021200000,2024-03-21T11:40:00Z,288-1-1-115,579,1415,405,1581,
1711021260000,2024-03-21T11:41:00Z,288-1-1-115,1032,1944,941,2393,
1711021320000,2024-03-21T11:42:00Z,288-1-1-115,366,1324,968,1680,
1711021380000,2024-03-21T11:43:00Z,288-1-1-115,732,1626,611,1884,
1711021440000,2024-03-21T11:44:00Z,288-1-1-115,215,266,220,406,
1711021500000,2024-03-21T11:45:00Z,288-1-1-115,29,956,479,1069,
1711021560000,2024-03-21T11:46:00Z,288-1-1-115,6,567,58,569,
1711021620000,2024-03-21T11:47:00Z,288-1-1-115,5,634,7,634,
1711021680000,2024-03-21T11:48:00Z,288-1-1-115,10,291,12,291,
1711021740000,2024-03-21T11:49:00Z,288-1-1-115,1,129,0,129,
1711021800000,2024-03-21T11:50:00Z,288-1-1-115,0,35,0,35,
1711021860000,2024-03-21T11:51:00Z,288-1-1-115,165,415,115,461,
1711021920000,2024-03-21T11:52:00Z,288-1-1-115,203,639,239,711,
1711021980000,2024-03-21T11:53:00Z,288-1-1-115,4,737,36,737,
1711022040000,2024-03-21T11:54:00Z,288-1-1-115,0,652,11,652,
1711022100000,2024-03-21T11:55:00Z,288-1-1-115,595,293,274,717,
1711022160000,2024-03-21T11:56:00Z,288-1-1-115,0,44,13,45,
1711022220000,2024-03-21T11:57:00Z,288-1-1-115,13,367,111,383,
1711022280000,2024-03-21T11:58:00Z,288-1-1-115,0,343,104,358,
1711022340000,2024-03-21T11:59:00Z,288-1-1-115,0,107,14,107,
1711022400000,2024-03-21T12:00:00Z,288-1-1-115,63,163,277,327,
1711022460000,2024-03-21T12:01:00Z,288-1-1-115,50,109,110,162,
1711022520000,2024-03-21T12:02:00Z,288-1-1-115,0,7,0,7,
1711022580000,2024-03-21T12:03:00Z,288-1-1-115,0,0,0,0,
1711022640000,2024-03-21T12:04:00Z,288-1-1-115,0,0,0,0,
1711022700000,2024-03-21T12:05:00Z,288-1-1-115,2,49,20,52,
1711022760000,2024-03-21T12:06:00Z,288-1-1-115,0,0,0,0,
1711022820000,2024-03-21T12:07:00Z,288-1-1-115,0,0,0,0,
1711022880000,2024-03-21T12:08:00Z,288-1-1-115,0,0,0,0,
1711022940000,2024-03-21T12:09:00Z,288-1-1-115,0,0,0,0,
1711023000000,2024-03-21T12:10:00Z,288-1-1-115,151,303,266,430,
1711023060000,2024-03-21T12:11:00Z,288-1-1-115,16,43,0,45,
1711023120000,2024-03-21T12:12:00Z,288-1-1-115,0,0,0,0,
1711023180000,2024-03-21T12:13:00Z,288-1-1-115,1356,2310,1702,3173,
1711023240000,2024-03-21T12:14:00Z,288-1-1-115,6,0,50,50,
1711023300000,2024-03-21T12:15:00Z,288-1-1-115,0,0,51,51,
1711023360000,2024-03-21T12:16:00Z,288-1-1-115,0,0,10,10,
1711023420000,2024-03-21T12:17:00Z,288-1-1-115,0,6,17,18,
1711023480000,2024-03-21T12:18:00Z,288-1-1-115,0,0,26,26,
1711023540000,2024-03-21T12:19:00Z,288-1-1-115,0,0,0,0,
1711023600000,2024-03-21T12:20:00Z,288-1-1-115,0,1,53,53,
1711023660000,2024-03-21T12:21:00Z,288-1-1-115,0,0,15,15,
1711023720000,2024-03-21T12:22:00Z,288-1-1-115,0,0,47,47,
1711023780000,2024-03-21T12:23:00Z,288-1-1-115,0,0,1,1,
1711023840000,2024-03-21T12:24:00Z,288-1-1-115,0,1,0,1,
1711023900000,2024-03-21T12:25:00Z,288-1-1-115,0,0,79,79,
1711023960000,2024-03-21T12:26:00Z,288-1-1-115,0,6,35,35,
1711024020000,2024-03-21T12:27:00Z,288-1-1-115,0,0,0,0,
1711024080000,2024-03-21T12:28:00Z,288-1-1-115,304,238,471,609,
1711024140000,2024-03-21T12:29:00Z,288-1-1-115,0,0,0,0,
1711024200000,2024-03-21T12:30:00Z,288-1-1-115,0,0,47,47,
1711024260000,2024-03-21T12:31:00Z,288-1-1-115,2733,3625,3468,5712,
1711024320000,2024-03-21T12:32:00Z,288-1-1-115,1749,1630,3681,4389,
1711024380000,2024-03-21T12:33:00Z,288-1-1-115,2537,2599,3203,4842,
1711024440000,2024-03-21T12:34:00Z,288-1-1-115,1080,885,1518,2062,
1711024500000,2024-03-21T12:35:00Z,288-1-1-115,0,38,45,58,
1711024560000,2024-03-21T12:36:00Z,288-1-1-115,441,678,1232,1473,
1711024620000,2024-03-21T12:37:00Z,288-1-1-115,2150,1675,4460,5226,
1711024680000,2024-03-21T12:38:00Z,288-1-1-115,1973,1573,3491,4307,
1711024740000,2024-03-21T12:39:00Z,288-1-1-115,2747,2352,4851,6050,
1711024800000,2024-03-21T12:40:00Z,288-1-1-115,3988,2899,3907,6290,
1711024860000,2024-03-21T12:41:00Z,288-1-1-115,2413,1469,1651,3272,
1711024920000,2024-03-21T12:42:00Z,288-1-1-115,1490,732,828,1855,
1711024980000,2024-03-21T12:43:00Z,288-1-1-115,1189,1092,1906,2497,
1711025040000,2024-03-21T12:44:00Z,288-1-1-115,1996,1682,1715,3123,
1711025100000,2024-03-21T12:45:00Z,288-1-1-115,2824,3960,5688,7483,
1711025160000,2024-03-21T12:46:00Z,288-1-1-115,2154,3424,5757,7036,
1711025220000,2024-03-21T12:47:00Z,288-1-1-115,1109,1348,2019,2668,
1711025280000,2024-03-21T12:48:00Z,288-1-1-115,1563,1344,1911,2810,
1711025340000,2024-03-21T12:49:00Z,288-1-1-115,1540,1859,2946,3808,
1711025400000,2024-03-21T12:50:00Z,288-1-1-115,736,396,890,1220,
1711025460000,2024-03-21T12:51:00Z,288-1-1-115,0,0,0,0,
1711025520000,2024-03-21T12:52:00Z,288-1-1-115,432,365,357,668,
1711025580000,2024-03-21T12:53:00Z,288-1-1-115,359,429,371,671,
1711025640000,2024-03-21T12:54:00Z,288-1-1-115,0,0,0,0,
1711025700000,2024-03-21T12:55:00Z,288-1-1-115,0,33,128,132,
1711025760000,2024-03-21T12:56:00Z,288-1-1-115,944,1606,1822,2605,
1711025820000,2024-03-21T12:57:00Z,288-1-1-115,5620,6936,6412,10991,
1711025880000,2024-03-21T12:58:00Z,288-1-1-115,3185,3163,4662,6471,
1711025940000,2024-03-21T12:59:00Z,288-1-1-115,3585,4022,4797,7213,
1711026000000,2024-03-21T13:00:00Z,288-1-1-115,1343,1487,779,2149,
1711026060000,2024-03-21T13:01:00Z,288-1-1-115,1031,3382,3739,5145,
1711026120000,2024-03-21T13:02:00Z,288-1-1-115,664,3050,4863,5778,
1711026180000,2024-03-21T13:03:00Z,288-1-1-115,938,1776,2937,3558,
1711026240000,2024-03-21T13:04:00Z,288-1-1-115,1032,2345,1944,3216,
1711026300000,2024-03-21T13:05:00Z,288-1-1-115,2726,3064,1755,4460,
1711026360000,2024-03-21T13:06:00Z,288-1-1-115,1047,1510,2629,3207,
1711026420000,2024-03-21T13:07:00Z,288-1-1-115,964,1202,2663,3076,
1711026480000,2024-03-21T13:08:00Z,288-1-1-115,1548,1501,2521,3317,
1711026540000,2024-03-21T13:09:00Z,288-1-1-115,1097,411,1323,1767,
1711026600000,2024-03-21T13:10:00Z,288-1-1-115,2611,2813,2701,4693,
1711026660000,2024-03-21T13:11:00Z,288-1-1-115,2022,1412,1399,2835,
1711026720000,2024-03-21T13:12:00Z,288-1-1-115,171,258,538,620,
1711026780000,2024-03-21T13:13:00Z,288-1-1-115,562,571,630,1019,
1711026840000,2024-03-21T13:14:00Z,288-1-1-115,64,601,510,790,
1711026900000,2024-03-21T13:15:00Z,288-1-1-115,61,333,173,380,
1711026960000,2024-03-21T13:16:00Z,288-1-1-115,40,409,68,416,
1711027020000,2024-03-21T13:17:00Z,288-1-1-115,936,906,1312,1848,
1711027080000,2024-03-21T13:18:00Z,288-1-1-115,0,0,0,0,
1711027140000,2024-03-21T13:19:00Z,288-1-1-115,65,246,118,280,
1711027200000,2024-03-21T13:20:00Z,288-1-1-115,159,332,684,776,
1711027260000,2024-03-21T13:21:00Z,288-1-1-115,144,320,441,563,
1711027320000,2024-03-21T13:22:00Z,288-1-1-115,176,694,290,772,
1711027380000,2024-03-21T13:23:00Z,288-1-1-115,0,0,0,0,
1711027440000,2024-03-21T13:24:00Z,288-1-1-115,0,0,0,0,
1711027500000,2024-03-21T13:25:00Z,288-1-1-115,0,0,0,0,
1711027560000,2024-03-21T13:26:00Z,288-1-1-115,570,516,636,997,
1711027620000,2024-03-21T13:27:00Z,288-1-1-115,757,1801,607,2045,
1711027680000,2024-03-21T13:28:00Z,288-1-1-115,399,565,487,845,
1711027740000,2024-03-21T13:29:00Z,288-1-1-115,1122,1208,2174,2728,
1711027800000,2024-03-21T13:30:00Z,288-1-1-115,462,799,478,1039,
1711027860000,2024-03-21T13:31:00Z,288-1-1-115,0,176,34,179,
1711027920000,2024-03-21T13:32:00Z,288-1-1-115,212,583,228,660,
1711027980000,2024-03-21T13:33:00Z,288-1-1-115,2815,4899,2936,6367,
1711028040000,2024-03-21T13:34:00Z,288-1-1-115,426,1548,939,1859,
1711028100000,2024-03-21T13:35:00Z,288-1-1-115,1448,1725,1754,2854,
1711028160000,2024-03-21T13:36:00Z,288-1-1-115,1826,3016,5134,6228,
1711028220000,2024-03-21T13:37:00Z,288-1-1-115,2421,2863,6441,7452,
1711028280000,2024-03-21T13:38:00Z,288-1-1-115,3018,5288,5439,8164,
1711028340000,2024-03-21T13:39:00Z,288-1-1-115,3051,4392,6123,8129,
1711028400000,2024-03-21T13:40:00Z,288-1-1-115,2330,3941,5979,7530,
1711028460000,2024-03-21T13:41:00Z,288-1-1-115,1601,1510,1661,2757,
1711028520000,2024-03-21T13:42:00Z,288-1-1-115,2078,2146,2560,3934,
1711028580000,2024-03-21T13:43:00Z,288-1-1-115,2968,3502,3465,5751,
1711028640000,2024-03-21T13:44:00Z,288-1-1-115,1137,2038,2063,3114,
1711028700000,2024-03-21T13:45:00Z,288-1-1-115,51,271,928,968,
1711028760000,2024-03-21T13:46:00Z,288-1-1-115,161,338,1649,1690,
1711028820000,2024-03-21T13:47:00Z,288-1-1-115,124,44,631,644,
1711028880000,2024-03-21T13:48:00Z,288-1-1-115,60,30,434,439,
1711028940000,2024-03-21T13:49:00Z,288-1-1-115,4,29,247,248,
1711029000000,2024-03-21T13:50:00Z,288-1-1-115,46,24,363,366,
1711029060000,2024-03-21T13:51:00Z,288-1-1-115,0,8,476,476,
1711029120000,2024-03-21T13:52:00Z,288-1-1-115,0,0,363,363,
1711029180000,2024-03-21T13:53:00Z,288-1-1-115,191,45,33,198,
1711029240000,2024-03-21T13:54:00Z,288-1-1-115,146,34,77,168,
1711029300000,2024-03-21T13:55:00Z,288-1-1-115,95,151,175,249,
1711029360000,2024-03-21T13:56:00Z,288-1-1-115,0,6,54,54,
1711029420000,2024-03-21T13:57:00Z,288-1-1-115,2234,2978,3340,5001,
1711029480000,2024-03-21T13:58:00Z,288-1-1-115,263,439,661,835,
1711029540000,2024-03-21T13:59:00Z,288-1-1-115,0,5,63,63,
1711029600000,2024-03-21T14:00:00Z,288-1-1-115,14,46,200,205,
1711029660000,2024-03-21T14:01:00Z,288-1-1-115,500,834,1125,1487,
1711029720000,2024-03-21T14:02:00Z,288-1-1-115,1806,2272,3465,4519,
1711029780000,2024-03-21T14:03:00Z,288-1-1-115,1810,3131,3343,4924,
1711029840000,2024-03-21T14:04:00Z,288-1-1-115,2917,3419,5912,7426,
1711029900000,2024-03-21T14:05:00Z,288-1-1-115,,,,,device_not_worn_correctly
1711029960000,2024-03-21T14:06:00Z,288-1-1-115,,,,,device_not_worn_correctly
1711030020000,2024-03-21T14:07:00Z,288-1-1-115,,,,,device_not_worn_correctly
1711030080000,2024-03-21T14:08:00Z,288-1-1-115,,,,,device_not_worn_correctly
1711030140000,2024-03-21T14:09:00Z,288-1-1-115,,,,,device_not_worn_correctly
1711030200000,2024-03-21T14:10:00Z,288-1-1-115,,,,,device_not_worn_correctly
1711030260000,2024-03-21T14:11:00Z,288-1-1-115,,,,,device_not_worn_correctly
1711030320000,2024-03-21T14:12:00Z,288-1-1-115,,,,,device_not_worn_correctly
1711030380000,2024-03-21T14:13:00Z,288-1-1-115,,,,,device_not_worn_correctly
1711030440000,2024-03-21T14:14:00Z,288-1-1-115,,,,,device_not_worn_correctly
1711030500000,2024-03-21T14:15:00Z,288-1-1-115,,,,,device_not_worn_correctly
1711030560000,2024-03-21T14:16:00Z,288-1-1-115,,,,,device_not_worn_correctly
1711030620000,2024-03-21T14:17:00Z,288-1-1-115,,,,,device_not_worn_correctly
1711030680000,2024-03-21T14:18:00Z,288-1-1-115,,,,,device_not_worn_correctly
1711030740000,2024-03-21T14:19:00Z,288-1-1-115,,,,,device_not_worn_correctly
1711030800000,2024-03-21T14:20:00Z,288-1-1-115,,,,,device_not_worn_correctly
1711030860000,2024-03-21T14:21:00Z,288-1-1-115,,,,,device_not_worn_correctly
1711030920000,2024-03-21T14:22:00Z,288-1-1-115,,,,,device_not_worn_correctly
1711030980000,2024-03-21T14:23:00Z,288-1-1-115,,,,,device_not_worn_correctly
1711031040000,2024-03-21T14:24:00Z,288-1-1-115,,,,,device_not_worn_correctly
1711031100000,2024-03-21T14:25:00Z,288-1-1-115,,,,,device_not_worn_correctly
1711031160000,2024-03-21T14:26:00Z,288-1-1-115,,,,,device_not_worn_correctly
1711031220000,2024-03-21T14:27:00Z,288-1-1-115,2150,1966,2568,3883,
1711031280000,2024-03-21T14:28:00Z,288-1-1-115,5858,5812,6423,10457,
1711031340000,2024-03-21T14:29:00Z,288-1-1-115,5709,6271,6246,10532,
1711031400000,2024-03-21T14:30:00Z,288-1-1-115,3795,4632,3804,7094,
1711031460000,2024-03-21T14:31:00Z,288-1-1-115,2363,2475,2831,4441,
1711031520000,2024-03-21T14:32:00Z,288-1-1-115,3453,4461,5612,7957,
1711031580000,2024-03-21T14:33:00Z,288-1-1-115,2493,1110,2038,3405,
1711031640000,2024-03-21T14:34:00Z,288-1-1-115,2832,2940,2840,4972,
1711031700000,2024-03-21T14:35:00Z,288-1-1-115,927,3619,4440,5802,
1711031760000,2024-03-21T14:36:00Z,288-1-1-115,1472,3205,3788,5175,
1711031820000,2024-03-21T14:37:00Z,288-1-1-115,1712,1247,1848,2810,
1711031880000,2024-03-21T14:38:00Z,288-1-1-115,1975,2113,3174,4294,
1711031940000,2024-03-21T14:39:00Z,288-1-1-115,11,210,0,210,
1711032000000,2024-03-21T14:40:00Z,288-1-1-115,186,259,89,331,
1711032060000,2024-03-21T14:41:00Z,288-1-1-115,1363,1126,1307,2198,
1711032120000,2024-03-21T14:42:00Z,288-1-1-115,2602,3298,3788,5656,
1711032180000,2024-03-21T14:43:00Z,288-1-1-115,1287,874,1355,2063,
1711032240000,2024-03-21T14:44:00Z,288-1-1-115,0,0,390,390,
1711032300000,2024-03-21T14:45:00Z,288-1-1-115,0,0,42,42,
1711032360000,2024-03-21T14:46:00Z,288-1-1-115,137,539,790,966,
1711032420000,2024-03-21T14:47:00Z,288-1-1-115,443,549,835,1093,
1711032480000,2024-03-21T14:48:00Z,288-1-1-115,1410,1971,3038,3886,
1711032540000,2024-03-21T14:49:00Z,288-1-1-115,3653,2852,2001,5048,
1711032600000,2024-03-21T14:50:00Z,288-1-1-115,1515,820,1051,2017,
1711032660000,2024-03-21T14:51:00Z,288-1-1-115,321,372,770,913,
1711032720000,2024-03-21T14:52:00Z,288-1-1-115,888,1444,1147,2046,
1711032780000,2024-03-21T14:53:00Z,288-1-1-115,1041,2143,1518,2824,
1711032840000,2024-03-21T14:54:00Z,288-1-1-115,368,2121,679,2257,
1711032900000,2024-03-21T14:55:00Z,288-1-1-115,753,1602,1336,2217,
1711032960000,2024-03-21T14:56:00Z,288-1-1-115,0,0,0,0,
1711033020000,2024-03-21T14:57:00Z,288-1-1-115,50,266,11,270,
1711033080000,2024-03-21T14:58:00Z,288-1-1-115,379,983,1130,1544,
1711033140000,2024-03-21T14:59:00Z,288-1-1-115,54,304,86,320,
1711033200000,2024-03-21T15:00:00Z,288-1-1-115,79,312,19,322,
1711033260000,2024-03-21T15:01:00Z,288-1-1-115,222,51,348,415,
1711033320000,2024-03-21T15:02:00Z,288-1-1-115,367,806,1004,1338,
1711033380000,2024-03-21T15:03:00Z,288-1-1-115,7,237,357,428,
1711033440000,2024-03-21T15:04:00Z,288-1-1-115,0,0,0,0,
1711033500000,2024-03-21T15:05:00Z,288-1-1-115,105,201,459,511,
1711033560000,2024-03-21T15:06:00Z,288-1-1-115,604,1222,1442,1984,
1711033620000,2024-03-21T15:07:00Z,288-1-1-115,1074,1939,1848,2885,
1711033680000,2024-03-21T15:08:00Z,288-1-1-115,5171,3793,3211,7171,
1711033740000,2024-03-21T15:09:00Z,288-1-1-115,6347,4719,4012,8868,
1711033800000,2024-03-21T15:10:00Z,288-1-1-115,2307,2050,3053,4341,
1711033860000,2024-03-21T15:11:00Z,288-1-1-115,810,1253,1210,1920,
1711033920000,2024-03-21T15:12:00Z,288-1-1-115,1835,1683,1551,2933,
1711033980000,2024-03-21T15:13:00Z,288-1-1-115,2154,1287,880,2659,
1711034040000,2024-03-21T15:14:00Z,288-1-1-115,1770,1085,3027,3670,
1711034100000,2024-03-21T15:15:00Z,288-1-1-115,1293,1101,1746,2435,
1711034160000,2024-03-21T15:16:00Z,288-1-1-115,334,167,432,571,
1711034220000,2024-03-21T15:17:00Z,288-1-1-115,2331,1977,2841,4172,
1711034280000,2024-03-21T15:18:00Z,288-1-1-115,2675,3204,3864,5687,
1711034340000,2024-03-21T15:19:00Z,288-1-1-115,933,813,1469,1920,
1711034400000,2024-03-21T15:20:00Z,288-1-1-115,1858,1284,1906,2955,
1711034460000,2024-03-21T15:21:00Z,288-1-1-115,0,0,2,2,
1711034520000,2024-03-21T15:22:00Z,288-1-1-115,0,25,0,25,
1711034580000,2024-03-21T15:23:00Z,288-1-1-115,0,10,6,11,
1711034640000,2024-03-21T15:24:00Z,288-1-1-115,10,0,2,10,
1711034700000,2024-03-21T15:25:00Z,288-1-1-115,0,8,78,78,
1711034760000,2024-03-21T15:26:00Z,288-1-1-115,893,555,1615,1927,
1711034820000,2024-03-21T15:27:00Z,288-1-1-115,750,543,2039,2239,
1711034880000,2024-03-21T15:28:00Z,288-1-1-115,1365,1320,1039,2164,
1711034940000,2024-03-21T15:29:00Z,288-1-1-115,995,1409,931,1960,
1711035000000,2024-03-21T15:30:00Z,288-1-1-115,500,621,789,1121,
1711035060000,2024-03-21T15:31:00Z,288-1-1-115,178,137,332,400,
1711035120000,2024-03-21T15:32:00Z,288-1-1-115,284,791,880,1216,
1711035180000,2024-03-21T15:33:00Z,288-1-1-115,557,1549,998,1925,
1711035240000,2024-03-21T15:34:00Z,288-1-1-115,4,229,132,264,
1711035300000,2024-03-21T15:35:00Z,288-1-1-115,42,276,101,296,
1711035360000,2024-03-21T15:36:00Z,288-1-1-115,0,19,7,20,
1711035420000,2024-03-21T15:37:00Z,288-1-1-115,0,0,16,16,
1711035480000,2024-03-21T15:38:00Z,288-1-1-115,2223,2529,2990,4503,
1711035540000,2024-03-21T15:39:00Z,288-1-1-115,2785,3450,5531,7088,
1711035600000,2024-03-21T15:40:00Z,288-1-1-115,3507,4361,3039,6368,
1711035660000,2024-03-21T15:41:00Z,288-1-1-115,2607,4254,2097,5412,
1711035720000,2024-03-21T15:42:00Z,288-1-1-115,1590,1971,1732,3068,
1711035780000,2024-03-21T15:43:00Z,288-1-1-115,1299,1587,1670,2644,
1711035840000,2024-03-21T15:44:00Z,288-1-1-115,3996,3687,4254,6903,
1711035900000,2024-03-21T15:45:00Z,288-1-1-115,1015,904,960,1664,
1711035960000,2024-03-21T15:46:00Z,288-1-1-115,1277,1278,1669,2459,
1711036020000,2024-03-21T15:47:00Z,288-1-1-115,1815,1185,2125,3035,
1711036080000,2024-03-21T15:48:00Z,288-1-1-115,1966,1770,2358,3543,
1711036140000,2024-03-21T15:49:00Z,288-1-1-115,12,67,449,454,
1711036200000,2024-03-21T15:50:00Z,288-1-1-115,1432,1368,1952,2780,
1711036260000,2024-03-21T15:51:00Z,288-1-1-115,2452,2326,2359,4121,
1711036320000,2024-03-21T15:52:00Z,288-1-1-115,966,1204,1336,2041,
1711036380000,2024-03-21T15:53:00Z,288-1-1-115,1096,1107,1875,2437,
1711036440000,2024-03-21T15:54:00Z,288-1-1-115,3002,3938,4624,6775,
1711036500000,2024-03-21T15:55:00Z,288-1-1-115,1627,2887,1928,3833,
1711036560000,2024-03-21T15:56:00Z,288-1-1-115,1543,1463,3093,3753,
1711036620000,2024-03-21T15:57:00Z,288-1-1-115,1370,2561,2167,3623,
1711036680000,2024-03-21T15:58:00Z,288-1-1-115,2747,2243,2952,4614,
1711036740000,2024-03-21T15:59:00Z,288-1-1-115,1422,1191,1360,2300,
1711036800000,2024-03-21T16:00:00Z,288-1-1-115,1903,1649,3229,4094,
1711036860000,2024-03-21T16:01:00Z,288-1-1-115,1489,1667,3236,3932,
1711036920000,2024-03-21T16:02:00Z,288-1-1-115,3386,3851,3466,6189,
1711036980000,2024-03-21T16:03:00Z,288-1-1-115,3160,2898,3515,5544,
1711037040000,2024-03-21T16:04:00Z,288-1-1-115,2981,3298,4395,6251,
1711037100000,2024-03-21T16:05:00Z,288-1-1-115,1368,1307,1651,2511,
1711037160000,2024-03-21T16:06:00Z,288-1-1-115,1107,2686,3676,4685,
1711037220000,2024-03-21T16:07:00Z,288-1-1-115,2938,3143,4630,6320,
1711037280000,2024-03-21T16:08:00Z,288-1-1-115,1478,1587,3105,3787,
1711037340000,2024-03-21T16:09:00Z,288-1-1-115,1762,2177,3982,4868,
1711037400000,2024-03-21T16:10:00Z,288-1-1-115,4314,4218,4149,7322,
1711037460000,2024-03-21T16:11:00Z,288-1-1-115,1841,998,1550,2605,
1711037520000,2024-03-21T16:12:00Z,288-1-1-115,1983,2744,4531,5656,
1711037580000,2024-03-21T16:13:00Z,288-1-1-115,2603,2116,4441,5565,
1711037640000,2024-03-21T16:14:00Z,288-1-1-115,2076,3153,6666,7660,
1711037700000,2024-03-21T16:15:00Z,288-1-1-115,2651,4616,7043,8828,
1711037760000,2024-03-21T16:16:00Z,288-1-1-115,2405,3327,5667,6997,
1711037820000,2024-03-21T16:17:00Z,288-1-1-115,3186,5115,6459,8833,
1711037880000,2024-03-21T16:18:00Z,288-1-1-115,2060,2635,5511,6446,
1711037940000,2024-03-21T16:19:00Z,288-1-1-115,1879,3306,5573,6746,
1711038000000,2024-03-21T16:20:00Z,288-1-1-115,1103,2164,5422,5941,
1711038060000,2024-03-21T16:21:00Z,288-1-1-115,2638,3299,4441,6129,
1711038120000,2024-03-21T16:22:00Z,288-1-1-115,2058,1568,2236,3419,
1711038180000,2024-03-21T16:23:00Z,288-1-1-115,2402,2597,2078,4102,
1711038240000,2024-03-21T16:24:00Z,288-1-1-115,2070,1824,2697,3858,
1711038300000,2024-03-21T16:25:00Z,288-1-1-115,2669,2927,3242,5118,
1711038360000,2024-03-21T16:26:00Z,288-1-1-115,0,137,42,143,
1711038420000,2024-03-21T16:27:00Z,288-1-1-115,0,3,5,5,
1711038480000,2024-03-21T16:28:00Z,288-1-1-115,0,0,0,0,
1711038540000,2024-03-21T16:29:00Z,288-1-1-115,1116,1135,426,1647,
1711038600000,2024-03-21T16:30:00Z,288-1-1-115,4784,5652,5938,9491,
1711038660000,2024-03-21T16:31:00Z,288-1-1-115,6154,5100,5744,9842,
1711038720000,2024-03-21T16:32:00Z,288-1-1-115,5366,4796,7264,10225,
1711038780000,2024-03-21T16:33:00Z,288-1-1-115,3084,3177,3065,5385,
1711038840000,2024-03-21T16:34:00Z,288-1-1-115,3021,2633,2595,4774,
1711038900000,2024-03-21T16:35:00Z,288-1-1-115,2844,4249,3411,6146,
1711038960000,2024-03-21T16:36:00Z,288-1-1-115,888,1885,1579,2614,
1711039020000,2024-03-21T16:37:00Z,288-1-1-115,2479,3138,3421,5262,
1711039080000,2024-03-21T16:38:00Z,288-1-1-115,13,234,49,239,
1711039140000,2024-03-21T16:39:00Z,288-1-1-115,300,576,563,859,
1711039200000,2024-03-21T16:40:00Z,288-1-1-115,448,740,677,1098,
1711039260000,2024-03-21T16:41:00Z,288-1-1-115,819,1201,1254,1919,
1711039320000,2024-03-21T16:42:00Z,288-1-1-115,0,170,0,170,
1711039380000,2024-03-21T16:43:00Z,288-1-1-115,0,0,8,8,
1711039440000,2024-03-21T16:44:00Z,288-1-1-115,432,418,394,718,
1711039500000,2024-03-21T16:45:00Z,288-1-1-115,910,1745,1306,2361,
1711039560000,2024-03-21T16:46:00Z,288-1-1-115,0,150,26,152,
1711039620000,2024-03-21T16:47:00Z,288-1-1-115,392,441,563,815,
1711039680000,2024-03-21T16:48:00Z,288-1-1-115,1091,2415,1341,2969,
1711039740000,2024-03-21T16:49:00Z,288-1-1-115,4377,5870,3819,8258,
1711039800000,2024-03-21T16:50:00Z,288-1-1-115,1705,3203,2385,4342,
1711039860000,2024-03-21T16:51:00Z,288-1-1-115,1808,3532,1904,4401,
1711039920000,2024-03-21T16:52:00Z,288-1-1-115,1877,3615,1559,4361,
1711039980000,2024-03-21T16:53:00Z,288-1-1-115,1868,4329,2574,5371,
1711040040000,2024-03-21T16:54:00Z,288-1-1-115,1795,3762,1296,4365,
1711040100000,2024-03-21T16:55:00Z,288-1-1-115,2760,4407,2161,5631,
1711040160000,2024-03-21T16:56:00Z,288-1-1-115,901,3020,2155,3817,
1711040220000,2024-03-21T16:57:00Z,288-1-1-115,1828,3467,3475,5238,
1711040280000,2024-03-21T16:58:00Z,288-1-1-115,5451,6038,5309,9713,
1711040340000,2024-03-21T16:59:00Z,288-1-1-115,3093,4224,3734,6430,
1711040400000,2024-03-21T17:00:00Z,288-1-1-115,937,1478,1231,2139,
1711040460000,2024-03-21T17:01:00Z,288-1-1-115,4641,5937,3988,8525,
1711040520000,2024-03-21T17:02:00Z,288-1-1-115,1649,1784,1674,2950,
1711040580000,2024-03-21T17:03:00Z,288-1-1-115,2655,2952,2176,4527,
1711040640000,2024-03-21T17:04:00Z,288-1-1-115,2481,2802,1942,4216,
1711040700000,2024-03-21T17:05:00Z,288-1-1-115,379,1977,2691,3360,
1711040760000,2024-03-21T17:06:00Z,288-1-1-115,27,649,209,682,
1711040820000,2024-03-21T17:07:00Z,288-1-1-115,261,1409,2021,2477,
1711040880000,2024-03-21T17:08:00Z,288-1-1-115,658,1765,2098,2819,
1711040940000,2024-03-21T17:09:00Z,288-1-1-115,2759,2432,3665,5192,
1711041000000,2024-03-21T17:10:00Z,288-1-1-115,837,1053,1280,1856,
1711041060000,2024-03-21T17:11:00Z,288-1-1-115,212,650,1079,1277,
1711041120000,2024-03-21T17:12:00Z,288-1-1-115,266,742,690,1047,
1711041180000,2024-03-21T17:13:00Z,288-1-1-115,531,924,765,1311,
1711041240000,2024-03-21T17:14:00Z,288-1-1-115,54,166,71,188,
1711041300000,2024-03-21T17:15:00Z,288-1-1-115,336,269,687,810,
1711041360000,2024-03-21T17:16:00Z,288-1-1-115,333,967,1310,1661,
1711041420000,2024-03-21T17:17:00Z,288-1-1-115,165,777,860,1170,
1711041480000,2024-03-21T17:18:00Z,288-1-1-115,455,527,489,850,
1711041540000,2024-03-21T17:19:00Z,288-1-1-115,964,683,1008,1553,
1711041600000,2024-03-21T17:20:00Z,288-1-1-115,333,686,1119,1354,
1711041660000,2024-03-21T17:21:00Z,288-1-1-115,812,940,1078,1644,
1711041720000,2024-03-21T17:22:00Z,288-1-1-115,858,1015,1198,1789,
1711041780000,2024-03-21T17:23:00Z,288-1-1-115,1091,1166,1834,2431,
1711041840000,2024-03-21T17:24:00Z,288-1-1-115,259,187,315,448,
1711041900000,2024-03-21T17:25:00Z,288-1-1-115,0,19,4,19,
1711041960000,2024-03-21T17:26:00Z,288-1-1-115,1409,1477,3169,3769,
1711042020000,2024-03-21T17:27:00Z,288-1-1-115,61,155,472,500,
1711042080000,2024-03-21T17:28:00Z,288-1-1-115,837,2474,1545,3034,
1711042140000,2024-03-21T17:29:00Z,288-1-1-115,663,966,1192,1671,
1711042200000,2024-03-21T17:30:00Z,288-1-1-115,624,602,533,1017,
1711042260000,2024-03-21T17:31:00Z,288-1-1-115,211,352,347,537,
1711042320000,2024-03-21T17:32:00Z,288-1-1-115,648,990,1910,2246,
1711042380000,2024-03-21T17:33:00Z,288-1-1-115,2457,2132,3791,4995,
1711042440000,2024-03-21T17:34:00Z,288-1-1-115,724,906,1345,1775,
1711042500000,2024-03-21T17:35:00Z,288-1-1-115,305,222,296,479,
1711042560000,2024-03-21T17:36:00Z,288-1-1-115,697,735,441,1104,
1711042620000,2024-03-21T17:37:00Z,288-1-1-115,3130,3147,6214,7636,
1711042680000,2024-03-21T17:38:00Z,288-1-1-115,1809,2670,3601,4834,
1711042740000,2024-03-21T17:39:00Z,288-1-1-115,2485,2818,4526,5882,
1711042800000,2024-03-21T17:40:00Z,288-1-1-115,2469,3533,4366,6135,
1711042860000,2024-03-21T17:41:00Z,288-1-1-115,495,809,921,1322,
1711042920000,2024-03-21T17:42:00Z,288-1-1-115,2,0,85,85,
1711042980000,2024-03-21T17:43:00Z,288-1-1-115,59,13,28,66,
1711043040000,2024-03-21T17:44:00Z,288-1-1-115,133,173,1036,1058,
1711043100000,2024-03-21T17:45:00Z,288-1-1-115,829,1278,2768,3159,
1711043160000,2024-03-21T17:46:00Z,288-1-1-115,139,1377,1259,1870,
1711043220000,2024-03-21T17:47:00Z,288-1-1-115,1107,406,719,1381,
1711043280000,2024-03-21T17:48:00Z,288-1-1-115,964,1379,1717,2403,
1711043340000,2024-03-21T17:49:00Z,288-1-1-115,400,1205,1104,1682,
1711043400000,2024-03-21T17:50:00Z,288-1-1-115,1826,1879,1935,3257,
1711043460000,2024-03-21T17:51:00Z,288-1-1-115,1024,3043,6684,7415,
1711043520000,2024-03-21T17:52:00Z,288-1-1-115,604,499,1250,1475,
1711043580000,2024-03-21T17:53:00Z,288-1-1-115,1431,1900,1658,2899,
1711043640000,2024-03-21T17:54:00Z,288-1-1-115,233,422,720,866,
1711043700000,2024-03-21T17:55:00Z,288-1-1-115,1198,1571,1765,2649,
1711043760000,2024-03-21T17:56:00Z,288-1-1-115,1387,874,1807,2439,
1711043820000,2024-03-21T17:57:00Z,288-1-1-115,2211,4336,3975,6284,
1711043880000,2024-03-21T17:58:00Z,288-1-1-115,733,647,977,1382,
1711043940000,2024-03-21T17:59:00Z,288-1-1-115,520,659,528,991,
1711044000000,2024-03-21T18:00:00Z,288-1-1-115,752,1156,1096,1761,
1711044060000,2024-03-21T18:01:00Z,288-1-1-115,6,168,47,174,
1711044120000,2024-03-21T18:02:00Z,288-1-1-115,672,569,442,985,
1711044180000,2024-03-21T18:03:00Z,288-1-1-115,1502,2456,2049,3533,
1711044240000,2024-03-21T18:04:00Z,288-1-1-115,505,662,1187,1449,
1711044300000,2024-03-21T18:05:00Z,288-1-1-115,59,267,32,275,
1711044360000,2024-03-21T18:06:00Z,288-1-1-115,147,517,225,582,
1711044420000,2024-03-21T18:07:00Z,288-1-1-115,110,687,397,801,
1711044480000,2024-03-21T18:08:00Z,288-1-1-115,597,861,968,1426,
1711044540000,2024-03-21T18:09:00Z,288-1-1-115,770,1041,1288,1826,
1711044600000,2024-03-21T18:10:00Z,288-1-1-115,1485,2155,1645,3091,
1711044660000,2024-03-21T18:11:00Z,288-1-1-115,633,757,321,1037,
1711044720000,2024-03-21T18:12:00Z,288-1-1-115,333,367,184,528,
1711044780000,2024-03-21T18:13:00Z,288-1-1-115,285,572,232,679,
1711044840000,2024-03-21T18:14:00Z,288-1-1-115,675,1113,458,1379,
1711044900000,2024-03-21T18:15:00Z,288-1-1-115,859,1146,818,1649,
1711044960000,2024-03-21T18:16:00Z,288-1-1-115,753,789,1206,1626,
1711045020000,2024-03-21T18:17:00Z,288-1-1-115,141,423,213,494,
1711045080000,2024-03-21T18:18:00Z,288-1-1-115,16,246,10,246,
1711045140000,2024-03-21T18:19:00Z,288-1-1-115,978,1756,1790,2691,
1711045200000,2024-03-21T18:20:00Z,288-1-1-115,463,863,231,1006,
1711045260000,2024-03-21T18:21:00Z,288-1-1-115,877,1126,720,1598,
1711045320000,2024-03-21T18:22:00Z,288-1-1-115,783,1403,2142,2677,
1711045380000,2024-03-21T18:23:00Z,288-1-1-115,1628,2596,5005,5868,
1711045440000,2024-03-21T18:24:00Z,288-1-1-115,1033,1807,2849,3528,
1711045500000,2024-03-21T18:25:00Z,288-1-1-115,1898,2222,2353,3751,
1711045560000,2024-03-21T18:26:00Z,288-1-1-115,1123,1158,1588,2263,
1711045620000,2024-03-21T18:27:00Z,288-1-1-115,1916,2436,2693,4105,
1711045680000,2024-03-21T18:28:00Z,288-1-1-115,1368,1475,1924,2783,
1711045740000,2024-03-21T18:29:00Z,288-1-1-115,403,600,597,937,
1711045800000,2024-03-21T18:30:00Z,288-1-1-115,1458,1808,1618,2830,
1711045860000,2024-03-21T18:31:00Z,288-1-1-115,1988,1741,1713,3149,
1711045920000,2024-03-21T18:32:00Z,288-1-1-115,1934,2442,2955,4293,
1711045980000,2024-03-21T18:33:00Z,288-1-1-115,1567,2973,4153,5342,
1711046040000,2024-03-21T18:34:00Z,288-1-1-115,1391,1729,2298,3194,
1711046100000,2024-03-21T18:35:00Z,288-1-1-115,1175,1129,1484,2203,
1711046160000,2024-03-21T18:36:00Z,288-1-1-115,1903,2445,3056,4351,
1711046220000,2024-03-21T18:37:00Z,288-1-1-115,2165,2764,2634,4389,
1711046280000,2024-03-21T18:38:00Z,288-1-1-115,671,512,557,1011,
1711046340000,2024-03-21T18:39:00Z,288-1-1-115,2698,3638,6052,7559,
1711046400000,2024-03-21T18:40:00Z,288-1-1-115,1397,2665,3523,4633,
1711046460000,2024-03-21T18:41:00Z,288-1-1-115,2047,1562,1700,3085,
1711046520000,2024-03-21T18:42:00Z,288-1-1-115,2394,2788,3750,5250,
1711046580000,2024-03-21T18:43:00Z,288-1-1-115,2068,1698,3837,4677,
1711046640000,2024-03-21T18:44:00Z,288-1-1-115,384,440,595,833,
1711046700000,2024-03-21T18:45:00Z,288-1-1-115,2256,2568,5231,6248,
1711046760000,2024-03-21T18:46:00Z,288-1-1-115,2490,3510,4001,5876,
1711046820000,2024-03-21T18:47:00Z,288-1-1-115,1914,2858,3440,4864,
1711046880000,2024-03-21T18:48:00Z,288-1-1-115,2159,1988,1788,3436,
1711046940000,2024-03-21T18:49:00Z,288-1-1-115,912,1578,1437,2320,
1711047000000,2024-03-21T18:50:00Z,288-1-1-115,758,427,657,1090,
1711047060000,2024-03-21T18:51:00Z,288-1-1-115,1419,681,1755,2357,
1711047120000,2024-03-21T18:52:00Z,288-1-1-115,1343,1571,1592,2608,
1711047180000,2024-03-21T18:53:00Z,288-1-1-115,290,1198,1109,1658,
1711047240000,2024-03-21T18:54:00Z,288-1-1-115,977,832,1428,1919,
1711047300000,2024-03-21T18:55:00Z,288-1-1-115,1927,1598,1967,3183,
1711047360000,2024-03-21T18:56:00Z,288-1-1-115,56,34,0,65,
1711047420000,2024-03-21T18:57:00Z,288-1-1-115,326,282,536,687,
1711047480000,2024-03-21T18:58:00Z,288-1-1-115,0,0,0,0,
1711047540000,2024-03-21T18:59:00Z,288-1-1-115,331,100,478,589,
1711047600000,2024-03-21T19:00:00Z,288-1-1-115,0,67,0,67,
1711047660000,2024-03-21T19:01:00Z,288-1-1-115,574,419,679,982,
1711047720000,2024-03-21T19:02:00Z,288-1-1-115,61,56,0,82,
1711047780000,2024-03-21T19:03:00Z,288-1-1-115,541,690,737,1145,
1711047840000,2024-03-21T19:04:00Z,288-1-1-115,36,237,79,252,
1711047900000,2024-03-21T19:05:00Z,288-1-1-115,725,1529,1748,2432,
1711047960000,2024-03-21T19:06:00Z,288-1-1-115,238,342,76,423,
1711048020000,2024-03-21T19:07:00Z,288-1-1-115,13,178,27,180,
1711048080000,2024-03-21T19:08:00Z,288-1-1-115,1074,729,1299,1836,
1711048140000,2024-03-21T19:09:00Z,288-1-1-115,1188,1257,1515,2299,
1711048200000,2024-03-21T19:10:00Z,288-1-1-115,2531,2175,3129,4574,
1711048260000,2024-03-21T19:11:00Z,288-1-1-115,2848,3536,5503,7134,
1711048320000,2024-03-21T19:12:00Z,288-1-1-115,1602,2132,2576,3707,
1711048380000,2024-03-21T19:13:00Z,288-1-1-115,10,51,19,55,
1711048440000,2024-03-21T19:14:00Z,288-1-1-115,99,142,530,557,
1711048500000,2024-03-21T19:15:00Z,288-1-1-115,2092,1560,1506,3012,
1711048560000,2024-03-21T19:16:00Z,288-1-1-115,260,261,610,712,
1711048620000,2024-03-21T19:17:00Z,288-1-1-115,2887,3733,4725,6678,
1711048680000,2024-03-21T19:18:00Z,288-1-1-115,2448,3255,2757,4918,
1711048740000,2024-03-21T19:19:00Z,288-1-1-115,1644,1786,2553,3522,
1711048800000,2024-03-21T19:20:00Z,288-1-1-115,241,229,205,390,
1711048860000,2024-03-21T19:21:00Z,288-1-1-115,0,28,0,28,
1711048920000,2024-03-21T19:22:00Z,288-1-1-115,1125,1172,1592,2274,
1711048980000,2024-03-21T19:23:00Z,288-1-1-115,1535,1700,1790,2906,
1711049040000,2024-03-21T19:24:00Z,288-1-1-115,775,2263,1181,2667,
1711049100000,2024-03-21T19:25:00Z,288-1-1-115,3604,2328,2518,4974,
1711049160000,2024-03-21T19:26:00Z,288-1-1-115,4364,3296,3268,6370,
1711049220000,2024-03-21T19:27:00Z,288-1-1-115,2128,2503,2454,4100,
1711049280000,2024-03-21T19:28:00Z,288-1-1-115,3570,3042,2697,5410,
1711049340000,2024-03-21T19:29:00Z,288-1-1-115,3037,2094,3022,4768,
1711049400000,2024-03-21T19:30:00Z,288-1-1-115,2203,1344,1357,2915,
1711049460000,2024-03-21T19:31:00Z,288-1-1-115,2533,4133,3710,6104,
1711049520000,2024-03-21T19:32:00Z,288-1-1-115,1274,1647,1986,2877,
1711049580000,2024-03-21T19:33:00Z,288-1-1-115,2886,3479,3818,5916,
1711049640000,2024-03-21T19:34:00Z,288-1-1-115,1445,2000,2482,3499,
1711049700000,2024-03-21T19:35:00Z,288-1-1-115,3031,4405,3619,6456,
1711049760000,2024-03-21T19:36:00Z,288-1-1-115,2601,3177,2489,4801,
1711049820000,2024-03-21T19:37:00Z,288-1-1-115,1600,882,1213,2193,
1711049880000,2024-03-21T19:38:00Z,288-1-1-115,244,1062,1073,1529,
1711049940000,2024-03-21T19:39:00Z,288-1-1-115,448,692,367,902,
1711050000000,2024-03-21T19:40:00Z,288-1-1-115,439,1132,595,1352,
1711050060000,2024-03-21T19:41:00Z,288-1-1-115,1463,1231,1467,2409,
1711050120000,2024-03-21T19:42:00Z,288-1-1-115,680,1195,894,1640,
1711050180000,2024-03-21T19:43:00Z,288-1-1-115,941,1090,639,1575,
1711050240000,2024-03-21T19:44:00Z,288-1-1-115,354,265,362,571,
1711050300000,2024-03-21T19:45:00Z,288-1-1-115,1006,876,563,1447,
1711050360000,2024-03-21T19:46:00Z,288-1-1-115,765,536,388,1011,
1711050420000,2024-03-21T19:47:00Z,288-1-1-115,447,278,187,558,
1711050480000,2024-03-21T19:48:00Z,288-1-1-115,560,551,354,861,
1711050540000,2024-03-21T19:49:00Z,288-1-1-115,1197,1210,940,1944,
1711050600000,2024-03-21T19:50:00Z,288-1-1-115,782,722,569,1206,
1711050660000,2024-03-21T19:51:00Z,288-1-1-115,742,957,1254,1743,
1711050720000,2024-03-21T19:52:00Z,288-1-1-115,0,83,12,83,
1711050780000,2024-03-21T19:53:00Z,288-1-1-115,2057,2937,5538,6597,
1711050840000,2024-03-21T19:54:00Z,288-1-1-115,3416,3645,3561,6134,
1711050900000,2024-03-21T19:55:00Z,288-1-1-115,2435,2672,4200,5541,
1711050960000,2024-03-21T19:56:00Z,288-1-1-115,3690,3076,3978,6237,
1711051020000,2024-03-21T19:57:00Z,288-1-1-115,1055,975,1544,2108,
1711051080000,2024-03-21T19:58:00Z,288-1-1-115,1315,860,2511,2962,
1711051140000,2024-03-21T19:59:00Z,288-1-1-115,2530,2339,5079,6137,
1711051200000,2024-03-21T20:00:00Z,288-1-1-115,303,1339,1151,1791,
1711051260000,2024-03-21T20:01:00Z,288-1-1-115,759,1681,2309,2955,
1711051320000,2024-03-21T20:02:00Z,288-1-1-115,2157,1489,3304,4217,
1711051380000,2024-03-21T20:03:00Z,288-1-1-115,582,437,757,1050,
1711051440000,2024-03-21T20:04:00Z,288-1-1-115,124,33,192,230,
1711051500000,2024-03-21T20:05:00Z,288-1-1-115,392,675,368,862,
1711051560000,2024-03-21T20:06:00Z,288-1-1-115,1128,724,1176,1783,
1711051620000,2024-03-21T20:07:00Z,288-1-1-115,686,1519,1551,2276,
1711051680000,2024-03-21T20:08:00Z,288-1-1-115,2654,3889,4538,6539,
1711051740000,2024-03-21T20:09:00Z,288-1-1-115,1265,1750,3113,3788,
1711051800000,2024-03-21T20:10:00Z,288-1-1-115,269,976,606,1179,
1711051860000,2024-03-21T20:11:00Z,288-1-1-115,2003,3603,5984,7266,
1711051920000,2024-03-21T20:12:00Z,288-1-1-115,2609,2648,3916,5399,
1711051980000,2024-03-21T20:13:00Z,288-1-1-115,850,896,1565,1993,
1711052040000,2024-03-21T20:14:00Z,288-1-1-115,0,32,0,32,
1711052100000,2024-03-21T20:15:00Z,288-1-1-115,0,0,0,0,
1711052160000,2024-03-21T20:16:00Z,288-1-1-115,50,221,8,226,
1711052220000,2024-03-21T20:17:00Z,288-1-1-115,303,547,598,865,
1711052280000,2024-03-21T20:18:00Z,288-1-1-115,0,17,0,17,
1711052340000,2024-03-21T20:19:00Z,288-1-1-115,1224,1181,1700,2404,
1711052400000,2024-03-21T20:20:00Z,288-1-1-115,566,563,390,888,
1711052460000,2024-03-21T20:21:00Z,288-1-1-115,298,249,259,466,
1711052520000,2024-03-21T20:22:00Z,288-1-1-115,1228,1190,1714,2421,
1711052580000,2024-03-21T20:23:00Z,288-1-1-115,3002,3161,2803,5182,
1711052640000,2024-03-21T20:24:00Z,288-1-1-115,3037,1927,2723,4511,
1711052700000,2024-03-21T20:25:00Z,288-1-1-115,1267,689,1411,2017,
1711052760000,2024-03-21T20:26:00Z,288-1-1-115,1000,663,1059,1600,
1711052820000,2024-03-21T20:27:00Z,288-1-1-115,3522,2388,3891,5766,
1711052880000,2024-03-21T20:28:00Z,288-1-1-115,339,279,499,664,
1711052940000,2024-03-21T20:29:00Z,288-1-1-115,3096,3126,6248,7641,
1711053000000,2024-03-21T20:30:00Z,288-1-1-115,4703,4582,6099,8961,
1711053060000,2024-03-21T20:31:00Z,288-1-1-115,0,1,0,1,
1711053120000,2024-03-21T20:32:00Z,288-1-1-115,645,505,328,882,
1711053180000,2024-03-21T20:33:00Z,288-1-1-115,247,149,392,486,
1711053240000,2024-03-21T20:34:00Z,288-1-1-115,1079,819,427,1420,
1711053300000,2024-03-21T20:35:00Z,288-1-1-115,917,470,424,1114,
1711053360000,2024-03-21T20:36:00Z,288-1-1-115,89,357,129,389,
1711053420000,2024-03-21T20:37:00Z,288-1-1-115,989,1004,1689,2199,
1711053480000,2024-03-21T20:38:00Z,288-1-1-115,172,437,367,596,
1711053540000,2024-03-21T20:39:00Z,288-1-1-115,859,717,1396,1789,
1711053600000,2024-03-21T20:40:00Z,288-1-1-115,355,357,412,650,
1711053660000,2024-03-21T20:41:00Z,288-1-1-115,379,911,635,1173,
1711053720000,2024-03-21T20:42:00Z,288-1-1-115,247,406,180,508,
1711053780000,2024-03-21T20:43:00Z,288-1-1-115,124,204,70,248,
1711053840000,2024-03-21T20:44:00Z,288-1-1-115,189,423,812,934,
1711053900000,2024-03-21T20:45:00Z,288-1-1-115,210,569,810,1011,
1711053960000,2024-03-21T20:46:00Z,288-1-1-115,404,528,437,795,
1711054020000,2024-03-21T20:47:00Z,288-1-1-115,815,680,759,1304,
1711054080000,2024-03-21T20:48:00Z,288-1-1-115,2827,2916,3827,5580,
1711054140000,2024-03-21T20:49:00Z,288-1-1-115,1426,2447,4071,4959,
1711054200000,2024-03-21T20:50:00Z,288-1-1-115,1058,1897,3074,3763,
1711054260000,2024-03-21T20:51:00Z,288-1-1-115,462,543,286,768,
1711054320000,2024-03-21T20:52:00Z,288-1-1-115,1098,2130,1842,3022,
1711054380000,2024-03-21T20:53:00Z,288-1-1-115,926,1770,1694,2619,
1711054440000,2024-03-21T20:54:00Z,288-1-1-115,2340,3977,2668,5330,
1711054500000,2024-03-21T20:55:00Z,288-1-1-115,1706,1839,2278,3388,
1711054560000,2024-03-21T20:56:00Z,288-1-1-115,1595,2683,2782,4181,
1711054620000,2024-03-21T20:57:00Z,288-1-1-115,804,1003,1629,2075,
1711054680000,2024-03-21T20:58:00Z,288-1-1-115,1481,1417,2038,2890,
1711054740000,2024-03-21T20:59:00Z,288-1-1-115,1613,1165,1700,2617,
1711054800000,2024-03-21T21:00:00Z,288-1-1-115,219,877,2185,2364,
1711054860000,2024-03-21T21:01:00Z,288-1-1-115,2204,2210,3315,4553,
1711054920000,2024-03-21T21:02:00Z,288-1-1-115,406,549,1862,1983,
1711054980000,2024-03-21T21:03:00Z,288-1-1-115,1093,1157,1569,2234,
1711055040000,2024-03-21T21:04:00Z,288-1-1-115,51,278,398,488,
1711055100000,2024-03-21T21:05:00Z,288-1-1-115,422,412,592,835,
1711055160000,2024-03-21T21:06:00Z,288-1-1-115,76,50,38,98,
1711055220000,2024-03-21T21:07:00Z,288-1-1-115,913,1380,1644,2332,
1711055280000,2024-03-21T21:08:00Z,288-1-1-115,196,630,506,831,
1711055340000,2024-03-21T21:09:00Z,288-1-1-115,2130,1543,2742,3799,
1711055400000,2024-03-21T21:10:00Z,288-1-1-115,1616,1513,1986,2974,
1711055460000,2024-03-21T21:11:00Z,288-1-1-115,902,570,770,1315,
1711055520000,2024-03-21T21:12:00Z,288-1-1-115,1401,865,2035,2617,
1711055580000,2024-03-21T21:13:00Z,288-1-1-115,143,218,5,260,
1711055640000,2024-03-21T21:14:00Z,288-1-1-115,214,601,743,979,
1711055700000,2024-03-21T21:15:00Z,288-1-1-115,579,818,858,1319,
1711055760000,2024-03-21T21:16:00Z,288-1-1-115,836,1140,1495,2057,
1711055820000,2024-03-21T21:17:00Z,288-1-1-115,474,732,732,1138,
1711055880000,2024-03-21T21:18:00Z,288-1-1-115,1390,1150,2643,3200,
1711055940000,2024-03-21T21:19:00Z,288-1-1-115,729,1279,766,1659,
1711056000000,2024-03-21T21:20:00Z,288-1-1-115,0,0,9,9,
1711056060000,2024-03-21T21:21:00Z,288-1-1-115,0,0,25,25,
1711056120000,2024-03-21T21:22:00Z,288-1-1-115,83,70,139,176,
1711056180000,2024-03-21T21:23:00Z,288-1-1-115,0,0,136,136,
1711056240000,2024-03-21T21:24:00Z,288-1-1-115,2,18,62,64,
1711056300000,2024-03-21T21:25:00Z,288-1-1-115,0,0,26,26,
1711056360000,2024-03-21T21:26:00Z,288-1-1-115,9,235,255,346,
1711056420000,2024-03-21T21:27:00Z,288-1-1-115,497,657,792,1142,
1711056480000,2024-03-21T21:28:00Z,288-1-1-115,1886,1625,1584,2950,
1711056540000,2024-03-21T21:29:00Z,288-1-1-115,1573,3408,3090,4861,
1711056600000,2024-03-21T21:30:00Z,288-1-1-115,276,681,1020,1257,
1711056660000,2024-03-21T21:31:00Z,288-1-1-115,1178,1467,2106,2824,
1711056720000,2024-03-21T21:32:00Z,288-1-1-115,139,69,14,155,
1711056780000,2024-03-21T21:33:00Z,288-1-1-115,370,580,1446,1601,
1711056840000,2024-03-21T21:34:00Z,288-1-1-115,895,1249,802,1733,
1711056900000,2024-03-21T21:35:00Z,288-1-1-115,740,827,869,1409,
1711056960000,2024-03-21T21:36:00Z,288-1-1-115,270,414,1155,1256,
1711057020000,2024-03-21T21:37:00Z,288-1-1-115,104,349,169,401,
1711057080000,2024-03-21T21:38:00Z,288-1-1-115,82,362,101,384,
1711057140000,2024-03-21T21:39:00Z,288-1-1-115,126,121,237,294,
1711057200000,2024-03-21T21:40:00Z,288-1-1-115,264,198,328,465,
1711057260000,2024-03-21T21:41:00Z,288-1-1-115,655,601,757,1167,
1711057320000,2024-03-21T21:42:00Z,288-1-1-115,5,20,291,291,
1711057380000,2024-03-21T21:43:00Z,288-1-1-115,4,46,187,192,
1711057440000,2024-03-21T21:44:00Z,288-1-1-115,459,842,817,1259,
1711057500000,2024-03-21T21:45:00Z,288-1-1-115,735,1611,3200,3657,
1711057560000,2024-03-21T21:46:00Z,288-1-1-115,1555,1744,2076,3125,
1711057620000,2024-03-21T21:47:00Z,288-1-1-115,120,1232,574,1364,
1711057680000,2024-03-21T21:48:00Z,288-1-1-115,836,1599,1592,2406,
1711057740000,2024-03-21T21:49:00Z,288-1-1-115,1144,1090,1359,2084,
1711057800000,2024-03-21T21:50:00Z,288-1-1-115,114,477,747,893,
1711057860000,2024-03-21T21:51:00Z,288-1-1-115,27,381,774,863,
1711057920000,2024-03-21T21:52:00Z,288-1-1-115,0,214,748,778,
1711057980000,2024-03-21T21:53:00Z,288-1-1-115,737,691,1124,1511,
1711058040000,2024-03-21T21:54:00Z,288-1-1-115,1359,1640,2388,3199,
1711058100000,2024-03-21T21:55:00Z,288-1-1-115,631,860,1238,1634,
1711058160000,2024-03-21T21:56:00Z,288-1-1-115,969,1060,986,1742,
1711058220000,2024-03-21T21:57:00Z,288-1-1-115,446,1107,2264,2559,
1711058280000,2024-03-21T21:58:00Z,288-1-1-115,580,1631,2025,2664,
1711058340000,2024-03-21T21:59:00Z,288-1-1-115,742,1405,2197,2711,
1711058400000,2024-03-21T22:00:00Z,288-1-1-115,1480,2387,2634,3850,
1711058460000,2024-03-21T22:01:00Z,288-1-1-115,448,768,309,941,
1711058520000,2024-03-21T22:02:00Z,288-1-1-115,1396,2436,2440,3719,
1711058580000,2024-03-21T22:03:00Z,288-1-1-115,895,1106,1758,2261,
1711058640000,2024-03-21T22:04:00Z,288-1-1-115,527,963,1609,1947,
1711058700000,2024-03-21T22:05:00Z,288-1-1-115,7,0,7,9,
1711058760000,2024-03-21T22:06:00Z,288-1-1-115,0,134,158,207,
1711058820000,2024-03-21T22:07:00Z,288-1-1-115,1157,1815,1587,2674,
1711058880000,2024-03-21T22:08:00Z,288-1-1-115,57,353,21,358,
1711058940000,2024-03-21T22:09:00Z,288-1-1-115,27,609,99,617,
1711059000000,2024-03-21T22:10:00Z,288-1-1-115,255,1222,416,1315,
1711059060000,2024-03-21T22:11:00Z,288-1-1-115,352,1152,872,1487,
1711059120000,2024-03-21T22:12:00Z,288-1-1-115,612,1848,2491,3161,
1711059180000,2024-03-21T22:13:00Z,288-1-1-115,244,1326,1798,2247,
1711059240000,2024-03-21T22:14:00Z,288-1-1-115,364,1327,517,1469,
1711059300000,2024-03-21T22:15:00Z,288-1-1-115,247,2245,1113,2517,
1711059360000,2024-03-21T22:16:00Z,288-1-1-115,158,2120,395,2162,
1711059420000,2024-03-21T22:17:00Z,288-1-1-115,98,1491,289,1521,
1711059480000,2024-03-21T22:18:00Z,288-1-1-115,0,2359,1207,2649,
1711059540000,2024-03-21T22:19:00Z,288-1-1-115,53,779,481,917,
1711059600000,2024-03-21T22:20:00Z,288-1-1-115,881,1430,1362,2162,
1711059660000,2024-03-21T22:21:00Z,288-1-1-115,519,1869,1600,2514,
1711059720000,2024-03-21T22:22:00Z,288-1-1-115,755,620,971,1377,
1711059780000,2024-03-21T22:23:00Z,288-1-1-115,123,161,22,203,
1711059840000,2024-03-21T22:24:00Z,288-1-1-115,210,273,372,506,
1711059900000,2024-03-21T22:25:00Z,288-1-1-115,5,27,9,28,
1711059960000,2024-03-21T22:26:00Z,288-1-1-115,2,28,0,28,
1711060020000,2024-03-21T22:27:00Z,288-1-1-115,960,1806,1136,2339,
1711060080000,2024-03-21T22:28:00Z,288-1-1-115,0,0,0,0,
1711060140000,2024-03-21T22:29:00Z,288-1-1-115,245,561,492,785,
1711060200000,2024-03-21T22:30:00Z,288-1-1-115,29,205,29,209,
1711060260000,2024-03-21T22:31:00Z,288-1-1-115,36,93,3,99,
1711060320000,2024-03-21T22:32:00Z,288-1-1-115,95,75,13,121,
1711060380000,2024-03-21T22:33:00Z,288-1-1-115,182,354,156,427,
1711060440000,2024-03-21T22:34:00Z,288-1-1-115,0,116,0,116,
1711060500000,2024-03-21T22:35:00Z,288-1-1-115,2,113,0,113,
1711060560000,2024-03-21T22:36:00Z,288-1-1-115,488,159,245,568,
1711060620000,2024-03-21T22:37:00Z,288-1-1-115,160,515,478,720,
1711060680000,2024-03-21T22:38:00Z,288-1-1-115,0,37,0,37,
1711060740000,2024-03-21T22:39:00Z,288-1-1-115,156,281,261,414,
1711060800000,2024-03-21T22:40:00Z,288-1-1-115,1303,2172,2075,3274,
1711060860000,2024-03-21T22:41:00Z,288-1-1-115,1046,2036,1569,2775,
1711060920000,2024-03-21T22:42:00Z,288-1-1-115,665,1621,1348,2210,
1711060980000,2024-03-21T22:43:00Z,288-1-1-115,186,1715,2518,3052,
1711061040000,2024-03-21T22:44:00Z,288-1-1-115,0,234,815,847,
1711061100000,2024-03-21T22:45:00Z,288-1-1-115,448,763,1351,1614,
1711061160000,2024-03-21T22:46:00Z,288-1-1-115,232,852,1312,1581,
1711061220000,2024-03-21T22:47:00Z,288-1-1-115,220,1028,1745,2037,
1711061280000,2024-03-21T22:48:00Z,288-1-1-115,721,973,678,1387,
1711061340000,2024-03-21T22:49:00Z,288-1-1-115,1417,929,509,1769,
1711061400000,2024-03-21T22:50:00Z,288-1-1-115,30,289,426,515,
1711061460000,2024-03-21T22:51:00Z,288-1-1-115,78,720,722,1022,
1711061520000,2024-03-21T22:52:00Z,288-1-1-115,32,682,318,753,
1711061580000,2024-03-21T22:53:00Z,288-1-1-115,613,990,1051,1568,
1711061640000,2024-03-21T22:54:00Z,288-1-1-115,209,575,508,795,
1711061700000,2024-03-21T22:55:00Z,288-1-1-115,119,612,893,1089,
1711061760000,2024-03-21T22:56:00Z,288-1-1-115,232,181,397,494,
1711061820000,2024-03-21T22:57:00Z,288-1-1-115,45,23,0,50,
1711061880000,2024-03-21T22:58:00Z,288-1-1-115,198,194,412,496,
1711061940000,2024-03-21T22:59:00Z,288-1-1-115,109,104,10,150,
1711062000000,2024-03-21T23:00:00Z,288-1-1-115,1211,1382,1321,2263,
1711062060000,2024-03-21T23:01:00Z,288-1-1-115,184,409,345,565,
1711062120000,2024-03-21T23:02:00Z,288-1-1-115,116,328,244,424,
1711062180000,2024-03-21T23:03:00Z,288-1-1-115,632,1019,1536,1948,
1711062240000,2024-03-21T23:04:00Z,288-1-1-115,9,189,54,196,
1711062300000,2024-03-21T23:05:00Z,288-1-1-115,26,419,151,446,
1711062360000,2024-03-21T23:06:00Z,288-1-1-115,186,577,330,690,
1711062420000,2024-03-21T23:07:00Z,288-1-1-115,68,57,189,208,
1711062480000,2024-03-21T23:08:00Z,288-1-1-115,191,143,380,448,
1711062540000,2024-03-21T23:09:00Z,288-1-1-115,0,92,22,94,
1711062600000,2024-03-21T23:10:00Z,288-1-1-115,0,127,29,130,
1711062660000,2024-03-21T23:11:00Z,288-1-1-115,86,81,0,118,
1711062720000,2024-03-21T23:12:00Z,288-1-1-115,0,0,0,0,
1711062780000,2024-03-21T23:13:00Z,288-1-1-115,0,17,0,17,
1711062840000,2024-03-21T23:14:00Z,288-1-1-115,89,409,365,555,
1711062900000,2024-03-21T23:15:00Z,288-1-1-115,0,0,0,0,
1711062960000,2024-03-21T23:16:00Z,288-1-1-115,2094,1377,2080,3256,
1711063020000,2024-03-21T23:17:00Z,288-1-1-115,753,708,578,1184,
1711063080000,2024-03-21T23:18:00Z,288-1-1-115,1181,2422,957,2859,
1711063140000,2024-03-21T23:19:00Z,288-1-1-115,373,994,653,1246,
1711063200000,2024-03-21T23:20:00Z,288-1-1-115,1270,2228,813,2690,
1711063260000,2024-03-21T23:21:00Z,288-1-1-115,2835,3277,4036,5921,
1711063320000,2024-03-21T23:22:00Z,288-1-1-115,868,482,625,1173,
1711063380000,2024-03-21T23:23:00Z,288-1-1-115,2350,2198,1968,3771,
1711063440000,2024-03-21T23:24:00Z,288-1-1-115,2172,3192,2694,4707,
1711063500000,2024-03-21T23:25:00Z,288-1-1-115,836,1289,1296,2009,
1711063560000,2024-03-21T23:26:00Z,288-1-1-115,591,962,1336,1749,
1711063620000,2024-03-21T23:27:00Z,288-1-1-115,2602,4041,2853,5589,
1711063680000,2024-03-21T23:28:00Z,288-1-1-115,1,0,0,1,
1711063740000,2024-03-21T23:29:00Z,288-1-1-115,0,5,4,6,
1711063800000,2024-03-21T23:30:00Z,288-1-1-115,0,7,13,14,
1711063860000,2024-03-21T23:31:00Z,288-1-1-115,1,0,0,1,
1711063920000,2024-03-21T23:32:00Z,288-1-1-115,11,26,0,28,
1711063980000,2024-03-21T23:33:00Z,288-1-1-115,0,0,0,0,
1711064040000,2024-03-21T23:34:00Z,288-1-1-115,0,13,6,14,
1711064100000,2024-03-21T23:35:00Z,288-1-1-115,0,0,0,0,
1711064160000,2024-03-21T23:36:00Z,288-1-1-115,0,3,0,3,
1711064220000,2024-03-21T23:37:00Z,288-1-1-115,1,0,113,113,
1711064280000,2024-03-21T23:38:00Z,288-1-1-115,0,0,0,0,
1711064340000,2024-03-21T23:39:00Z,288-1-1-115,656,1144,1138,1741,
1711064400000,2024-03-21T23:40:00Z,288-1-1-115,66,177,28,190,
1711064460000,2024-03-21T23:41:00Z,288-1-1-115,189,415,35,457,
1711064520000,2024-03-21T23:42:00Z,288-1-1-115,87,274,352,454,
1711064580000,2024-03-21T23:43:00Z,288-1-1-115,247,1437,1669,2216,
1711064640000,2024-03-21T23:44:00Z,288-1-1-115,2823,4617,3342,6360,
1711064700000,2024-03-21T23:45:00Z,288-1-1-115,1270,1431,831,2085,
1711064760000,2024-03-21T23:46:00Z,288-1-1-115,2500,3483,3642,5625,
1711064820000,2024-03-21T23:47:00Z,288-1-1-115,1715,2154,3887,4763,
1711064880000,2024-03-21T23:48:00Z,288-1-1-115,654,626,2167,2348,
1711064940000,2024-03-21T23:49:00Z,288-1-1-115,1877,2162,4287,5155,
1711065000000,2024-03-21T23:50:00Z,288-1-1-115,,,,,device_not_recording
1711065060000,2024-03-21T23:51:00Z,288-1-1-115,,,,,device_not_recording
1711065120000,2024-03-21T23:52:00Z,288-1-1-115,,,,,device_not_recording
1711065180000,2024-03-21T23:53:00Z,288-1-1-115,,,,,device_not_recording
1711065240000,2024-03-21T23:54:00Z,288-1-1-115,,,,,device_not_recording
1711065300000,2024-03-21T23:55:00Z,288-1-1-115,,,,,device_not_recording
1711065360000,2024-03-21T23:56:00Z,288-1-1-115,,,,,device_not_recording
1711065420000,2024-03-21T23:57:00Z,288-1-1-115,,,,,device_not_recording
1711065480000,2024-03-21T23:58:00Z,288-1-1-115,,,,,device_not_recording
1711065540000,2024-03-21T23:59:00Z,288-1-1-115,,,,,device_not_recording
